<Subquake>
<set xpath="/xui/ruleset[@name='default']/@scale">1.10</set>
<set xpath="//window_group[@name='backpack']">
	<window name="itemInfoPanel"/>
	<window name="emptyInfoPanel"/>
	<window name="windowBackpack"/>
</set>	

<set xpath="//window_group[@name='assemble']">
	<window name="headerEmpty"/>
	<window name="windowAssemble"/>
</set>

<set xpath="//window_group[@name='character']">
	<window name="headerCharacter"/>
	<window name="CharacterFrameWindow"/>
	<window name="buffInfoPanel"/>
</set>	

<set xpath="//window_group[@name='compass']">
	<window name="windowCompass"/>
	<window name="windowClock"/>
	<window name="windowTargetBar" anchor="CenterTop"/>
</set>

<set xpath="//window_group[@name='crafting']">
	<window name="windowCraftingList"/>
    <window name="windowCraftingInfo"/>
	<window name="windowCraftingQueueBackpack"/>
	<window name="headerCrafting"/>
</set>

<set xpath="//window_group[@name='creative']">
	<window name="headerCreative"/>
	<window name="windowCreative"/>
</set>

<set xpath="//window_group[@name='journal']">
	<window name="headerJournal"/>
	<window name="windowJournalList"/>
	<window name="windowJournalDesc"/>
</set>
    
<set xpath="//window_group[@name='looting']">
	<window name="headerEmpty"/>
    <!--<window name="headerLooting"/>-->
	<window name="windowLooting"/>
</set>

<set xpath="//window_group[@name='players']">
	<window name="headerPlayer"/>
	<window name="windowPlayers"/>
</set>

<set xpath="//window_group[@name='powercamera']">
	<window name="headerCamera"/>
	<window name="windowPowerCameraControl"/>
</set>

<set xpath="//window_group[@name='powerrangedtrap']">
	<window name="headerTurret"/>
	<window name="windowPowerCameraControlPreview"/>
	<window name="windowPowerRangedTrapOptions"/>
	<window name="windowPowerTrapSlots"/>
</set>

<set xpath="//window_group[@name='powersource']">
	<window name="windowPowerSourceGenerator"/>
	<window name="windowPowerSourceStats"/>
	<window name="windowPowerSourceSlots"/>
</set>

<set xpath="//window_group[@name='toolbelt']">
	<window name="windowBlockHealth" anchor="CenterCenter"/>
	<window name="windowTooltip" anchor="LeftCenter"/>
	<window name="windowToolbelt" anchor="CenterBottom"/>
	<window name="windowHudRight" anchor="RightBottom"/>
	<window name="windowHudLeft" anchor="LeftBottom"/>
	<window name="windowQuestTracker" anchor="RightTop"/>
	<window name="windowGroupBars" anchor="LeftTop"/>
	<window name="windowDebugUndeadLegacy" anchor="LeftBottom"/>
	<!--
	<window name="windowQuestTracker" anchor="RightTop"/>
	<window name="windowGroupBars" anchor="LeftTop"/>
	<window name="ulm_hud_vehicle" anchor="LeftBottom"/>
	<window name="ulm_hud_debug" anchor="LeftBottom"/>
	<window name="ulm_hud_message" anchor="CenterBottom"/>-->
</set>
		
<set xpath="//window_group[@name='toolTip']">
	<window name="toolTip"/>
	<window name="windowXUIObjectTooltip"/>
	<window name="popupMenu"/>
</set>

<set xpath="//window_group[@name='trader']">
	<window name="headerEmpty"/>
	<window name="windowTrader"/>
	<window name="serviceInfoPanel"/>
</set>

<set xpath="//window_group[@name='vehicle']">
	<window name="headerEmpty"/>
	<window name="windowVehicle"/>
</set>
    
<set xpath="//window_group[@name='vehicleStorage']">
	<window name="headerEmpty"/>
	<window name="windowVehicleStorage"/>
</set>
		
<set xpath="//window_group[@name='windowpaging']">
	<window name="windowPagingHeader"/>
</set>
		
<set xpath="//window_group[@name='workstation_forge']">
	<window name="headerEmpty"/>
	<window name="windowCraftingForge"/>
	<window name="windowCraftingFuel"/>
	<window name="windowCraftingListForge"/>
	<window name="windowCraftingInfo"/>
	<window name="windowCraftingQueue"/>
	<window name="windowCraftingOutput"/>
</set>
		
<set xpath="//window_group[@name='workstation_workbench']">
	<window name="headerEmpty"/>
	<window name="windowCraftingListWorkbench"/>
	<window name="windowCraftingInfo"/>
	<window name="windowCraftingQueue"/>
	<window name="windowCraftingOutput"/>
</set>				
		
<set xpath="//window_group[@name='workstation_cementMixer']">
	<window name="headerEmpty"/>
	<window name="windowCraftingListWorkbench"/>
	<window name="windowCraftingInfo"/>
	<window name="windowCraftingQueue"/>
	<window name="windowCraftingOutput"/>
</set>		

<set xpath="//window_group[@name='workstation_chemistryStation']">
	<window name="headerEmpty"/>
	<window name="windowCraftingChemistryStation"/>
	<window name="windowCraftingFuel"/>
	<window name="windowCraftingListWithFuel"/>
	<window name="windowCraftingInfo"/>
	<window name="windowCraftingQueue"/>
	<window name="windowCraftingOutput"/>
</set>
		
<set xpath="//window_group[@name='workstation_campfire']">
	<window name="headerEmpty"/>
	<window name="windowCraftingCampfire"/>
	<window name="windowCraftingFuel"/>
	<window name="windowCraftingListWithFuel"/>
	<window name="windowCraftingInfo"/>
	<window name="windowCraftingQueue"/>
	<window name="windowCraftingOutput"/>
</set>

<append xpath="//ruleset[@name='default']">
    
<window_group name="workbenchAmmo" controller="XUiC_WorkstationWindowGroup">
	<window name="headerEmpty"/>
	<window name="windowCraftingListWithTools"/>
	<window name="windowCraftingInfo"/>
	<window name="windowCraftingQueue"/>
	<window name="windowCraftingOutput"/>
</window_group>

<window_group name="workbenchCarpenter" controller="XUiC_WorkstationWindowGroup">
	<window name="headerEmpty"/>
	<window name="windowCraftingCarpenter"/>
	<window name="windowCraftingListForTools"/>
	<window name="windowCraftingInfo"/>
	<window name="windowCraftingQueue"/>
	<window name="windowCraftingOutput"/>
</window_group>

<window_group name="workbenchDisassembly" controller="XUiC_WorkstationWindowGroup">
	<window name="headerEmpty"/>
	<window name="windowCraftingListWorkbench"/>
	<window name="windowCraftingInfo"/>
	<window name="windowCraftingQueue"/>
	<window name="windowCraftingOutput"/>
</window_group>
    
</append>

</Subquake>