<Subquake>
<set xpath="//entity_class[@name='playerMale']//passive_effect[@name='CarryCapacity']/@value">300</set>
<set xpath="//entity_class[@name='playerMale']//passive_effect[@name='BagSize']/@value">300</set>
<append xpath="//entity_class[@name='playerMale']/effect_group">
	<passive_effect operation="base_set" name="StatWeightMax" value="200"/>
	<passive_effect operation="base_set" name="StatWaterRate" value="0.01"/>
	<passive_effect operation="base_set" name="StatFoodRate" value="0.01"/>
	<passive_effect operation="base_set" name="StatFoodMax" value="100"/>
	<passive_effect operation="base_set" name="StatFatMax" value="100"/>
	<passive_effect operation="base_set" name="StatCarbsMax" value="100"/>
	<passive_effect operation="base_set" name="StatProteinMax" value="100"/>
	<passive_effect operation="base_set" name="StatVitaminsMax" value="100"/>
	<passive_effect operation="base_set" name="StatAlcoholMax" value="100"/>
	<passive_effect operation="base_set" name="StatWellnessMax" value="100"/>
	<passive_effect operation="base_set" name="StatWellnessRate" value=".002"/>
	<passive_effect operation="base_set" name="StatShieldMax" value="0"/>
	<passive_effect operation="base_set" name="StatEnergyMax" value="0"/>
	<passive_effect operation="base_set" name="StatOxygenMax" value="60"/>
	<passive_effect operation="base_set" name="StatWaterMax" value="100"/>

	<passive_effect operation="base_set" name="ResistCold" value="0"/>
	<passive_effect operation="base_set" name="ResistDiseases" value="0"/>
	<passive_effect operation="base_set" name="ResistElectric" value="0"/>
	<passive_effect operation="base_set" name="ResistFallDamage" value="0"/>
	<passive_effect operation="base_set" name="ResistHeat" value="0"/>
	<passive_effect operation="base_set" name="ResistInfection" value="0"/>
	<passive_effect operation="base_set" name="ResistPhysical" value="0"/>
	<passive_effect operation="base_set" name="ResistRadiation" value="0"/>
	<passive_effect operation="base_set" name="ResistToxic" value="0"/>
</append>
    
<append xpath="//entity_class[@name='vehicleMinibike']">
	<property name="Consumables" value="ulmAmmoFuelBiofuel,ulmAmmoFuelGasoline,ulmAmmoFuelJetFuel"/>
</append>
    
<append xpath="//entity_class[@name='vehicleMotorcycle']">
	<property name="Consumables" value="ulmAmmoFuelBiofuel,ulmAmmoFuelGasoline,ulmAmmoFuelJetFuel"/>
</append>
    
<append xpath="//entity_class[@name='vehicle4x4Truck']">
	<property name="Consumables" value="ulmAmmoFuelGasoline,ulmAmmoFuelJetFuel"/>
</append>
    
<append xpath="//entity_class[@name='vehicleGyrocopter']">
	<property name="Consumables" value="ulmAmmoFuelGasoline,ulmAmmoFuelJetFuel"/>
</append>
    
</Subquake>
