<Subquake>

<remove xpath="//window[@name='credits']"/>
<remove xpath="//window[@name='editingTools']"/>
<remove xpath="//window[@name='loadingProgress']"/>
<remove xpath="//window[@name='mainMenu']"/>
<remove xpath="//window[@name='mainMenuLogo']"/>
<remove xpath="//window[@name='menuBackground']"/>
<remove xpath="//window[@name='newContinueGame']"/>
<remove xpath="//window[@name='optionsAudio']"/>
<remove xpath="//window[@name='optionsControls']"/>
<remove xpath="//window[@name='optionsMenu']"/>
<remove xpath="//window[@name='optionsVideo']"/>
<remove xpath="//window[@name='progress']"/>
<remove xpath="//window[@name='spawnselection']"/>
<remove xpath="//window[@name='toolTip']"/>

<append xpath="/windows">

<window name="credits" anchor="CenterCenter" pos="-300,400" size="1000,800" controller="Credits" cursor_area="true">
	<widget anchor_left="#cam,0,150" anchor="LeftCenter">
		<rect pos="0,-450">
			<mainMenu/>
			<rect pos="0,-403">
				<ulmMenuButtonBack name="btnBack" text="xuiBack" visible="{notingame}"/>
			</rect>
		</rect>
	</widget>
	<widget depth="10" size="376,30" anchor_left="#cam,0,91" anchor_bottom="#cam,0,70" pivot="BottomLeft">
		<label depth="1" font_size="30" text_key="ui_mod_version" justify="center" effect="outline"/>
	</widget>
	<panel disableautobackground="true" clipping="softclip" clippingsoftness="0,40" >
		<rect name="headerRowTemplate">
			<label name="caption" depth="1" height="42" font_size="40" justify="center" text="test"/>
		</rect>
	
		<rect name="normalRowTemplate">
			<label name="name" depth="1" height="32" font_size="30" text="test1"/>
			<label name="centertext" depth="1" height="32" font_size="30" justify="center" text="test2"/>
			<label name="contribution" depth="1" height="32" font_size="30" justify="right" text="test3"/>
			<sprite name="line" depth="1" pos="0,-27" height="1" color="255,255,255,50"/>
		</rect>
	
		<grid name="creditsGrid" no_panel="true" rows="0" cell_width="590" cell_height="32" repeat_content="false" arrangement="vertical">
			
			<label text="Undead Legacy" font_size="40" justify="center"/>
			<rect/>
			<rect/>
			<ulm_credit r="Main Developer" l="Subquake"/>
			<rect/>
			<ulm_credit_nl c="Special thanks to"/>
			<ulm_credit r="Patron" l="TexCubSF"/>
			<ulm_credit r="Patron" l="Mayhem"/>
			<ulm_credit r="Patron" l="Elliannia"/>
			<ulm_credit r="Patron" l="SMiThaYe"/>
			<ulm_credit r="Patron" l="Beherrit"/>
			<ulm_credit r="Patron" l="Dragoness_"/>
			<ulm_credit r="Patron" l="Whiplashll"/>
			<ulm_credit r="Patron" l="Monolith"/>
			<ulm_credit r="Patron" l="Danish Thinker"/>
			<ulm_credit r="Patron" l="PixelWing"/>
			<ulm_credit r="Patron" l="Nick R."/>
			<ulm_credit r="Patron" l="Random_"/>
			<ulm_credit r="Patron" l="Zenar"/>
			<ulm_credit r="Patron" l="Bar0n3ss"/>
			<ulm_credit r="Patron" l="Tom and Shiana"/>
			<ulm_credit r="Patron" l="Mathias G."/>
			<ulm_credit r="Patron" l="Greg B."/>
			<ulm_credit r="Patron" l="John D."/>
			<rect/>
			<ulm_credit r="Former patron" l="Copendub"/>
			<ulm_credit r="Former Patron" l="Oz_Collector"/>
			<ulm_credit r="Former patron" l="Deotic"/>
			<ulm_credit r="Former patron" l="Henry"/>
			<ulm_credit r="Former patron" l="Bruce a Groseclose"/>
			<ulm_credit r="Former patron" l="Fade Willow"/>
			<ulm_credit r="Former patron" l="Daniel"/>
			<ulm_credit r="Former patron" l="Derek L."/>
			<ulm_credit r="Former patron" l="eggnukes"/>
			<rect/>
			<ulm_credit r="Donation" l="Craig B."/>
			<ulm_credit r="Donation" l="Necrodemus"/>
			<ulm_credit r="Donation" l="Resistant_Traveller"/>
			<ulm_credit r="Donation" l="Steven C."/>
			<ulm_credit r="Donation" l="orangesherbet"/>
			<ulm_credit r="Donation" l="Krunchy_Peanut_Butter"/>
			<ulm_credit r="Donation" l="Juan J."/>
			<ulm_credit r="Donation" l="copygirl"/>
			<ulm_credit r="Donation" l="Marc M."/>
			<ulm_credit r="Donation" l="Tony M."/>
			<ulm_credit r="Donation" l="Games4Kickz"/>
			<ulm_credit r="Donation" l="Michael K."/>
			<ulm_credit r="Donation" l="Brian M."/>
			<ulm_credit r="Donation" l="Daniel S."/>
			<ulm_credit r="Donation" l="Christopher F."/>
			<ulm_credit r="Donation" l="David H."/>
			<ulm_credit r="Donation" l="Thomas M."/>
			<ulm_credit r="Donation" l="David M."/>
			<ulm_credit r="Donation" l="Royce O."/>
			<ulm_credit r="Donation" l="TheExceed"/>
			<ulm_credit r="Donation" l="Philippe C."/>
			<ulm_credit r="Donation" l="Zalán"/>
			<ulm_credit r="Donation" l="Alexander"/>
			<ulm_credit r="Donation" l="Carry"/>
			<ulm_credit r="Donation" l="Abram J."/>
			<ulm_credit r="Donation" l="Joel C."/>
			<rect/>
			<ulm_credit l="Icons licensed under CC-BY 3.0"/>
			<ulm_credit_nl l="Lorc (Trap), da_st (Grenade), Ryzhkov Anton (Soda Can), Pravin Unagar (Science), Matthew Hall (Brass Knuckle), Maxim Kulikov (Fist), Abhishek Rana (Gear), Gregor Cresnar (Tools), Creaticca Creative Agency (Bricks), Nicolas Vicent (Chemistry), Eucalyp (Money), Locad (Boot), Gregor Cresnar (Cable), trang5000 (Lightbulb), Dinosoft Labs (saw), andriwidodo (Box), Anton Kovalev (Handshake), Diego Naive (magazine, Hard Hat), Milinda Courey (Trophy), Ralf Schmitzer (Save), Alberto Venegas (MP5K), Cédric Villain (Rocket Launcher), ProSymbols (Axe, Pickaxe), Deemak Daksina (Wrench), Lnhi (Chef), Andrew Doane (Carrying Sack), Aman (saw), NTT (Trowel), Ross Naumov (Welder), Hayden Kerrisk (Deer), Samy Menai (treadmill), Robert Bjurshagen (Hand), Rutmer Zijlstra (Meat), Clockwise (Vegetable), Amazing (Radiation), Arafat Uddin (DNA), Santiago de Souza (Eye), Bakunetsu Kaito (Plant), ranjit kumar (Sickle), Template (Rake), Gan Khoon Lay (Tree Logs), Vectors Market (Chainsaw), Simon Child (Gun), Dama Adhikara (Gun), Sergey Demushkin (Gun), CJS (speed), Cédric Villain (Machine Gun), Olena Panasovska (Shield), Simon Mettler (Machete), Nicholas Menghini (Hammer)"/>
			<rect/>
			<rect/>
			<rect/>
			<rect/>
			<rect/>
			<rect/>
			<rect/>
			<rect/>
			<rect/>
			<rect/>
			<rect/>
			<rect/>
			<rect/>
			<rect/>
		</grid>
	</panel>
</window>

<window name="editingTools" pos="150,0" anchor="LeftCenter" size="300,525" controller="EditingTools" cursor_area="true">
    <mainMenu/>
	<grid pos="0,17" name="buttons" rows="13" cell_width="300" cell_height="70" repeat_content="false" arrangement="vertical" >
		<ulmMenuButton name="btnRwgPreviewer" text="xuiRwgPreviewer" visible="false"/>
		<ulmMenuButton name="btnWorldEditor" text="xuiWorldEditor"/>
		<ulmMenuButton name="btnPrefabEditor" text="xuiPrefabEditor"/>
		<rect/>
		<rect/>
		<rect/>
		<ulmMenuButtonBack name="btnBack" text="xuiBack" visible="{notingame}"/>
	</grid>
</window>

<window name="loadingProgress" width="600" height="400" panel="Center" anchor="CenterCenter">
	<texture depth="0" style="menuBackground" width="4224" height="1188" anchor_bottom="#cam,0,-5" anchor_top="#cam,1,5"/>
    <texture depth="1" style="menuLogoLoading"/>
	<panel depth="2" name="content" width="100%" height="100%" disableautobackground="true">
		<label name="progressionText" style="header.name"/>
	</panel>
</window>

<window name="mainMenu" pos="150,0" anchor="LeftCenter" size="300,525" controller="MainMenu" cursor_area="true">
    <mainMenu/>
	<grid pos="0,17" rows="13" cell_width="300" cell_height="70" repeat_content="false" arrangement="vertical" >
		<ulmMenuButton name="btnNewGame" text="xuiNewGame"/>
		<ulmMenuButton name="btnContinueGame" text="xuiContinueGame"/>
		<ulmMenuButton name="btnConnectToServer" text="xuiConnectToServer"/>
		<ulmMenuButton name="btnEditingTools" text="xuiEditingTools"/>
		<ulmMenuButton name="btnOptions" text="xuiOptions"/>
		<ulmMenuButton name="btnCredits" text="xuiCredits"/>
		<ulmMenuButtonBack name="btnQuit" text="xuiQuit"/>
	</grid>
</window>

<window name="mainMenuLogo" size="0,0"/>

<window name="mainMenuPatchNotes" depth="201" pos="-820,520" anchor="RightBottom">
	<texture style="patchNotes"/>
	<panel style="header">
		<sprite style="header" sprite="ui_game_symbol_lightbulb"/>
		<label style="header" text_key="ui_patch_notes"/>
	</panel>
	<texture style="patchNotesText"/>
</window>

<window name="menuBackground" anchor="CenterCenter" pos="0,0" width="4224" height="1188" depth="-3">
	<texture style="menuBackground" pivot="center" anchor_bottom="#cam,0,-5" anchor_top="#cam,1,5"/>
</window>
	
<window name="newContinueGame" pos="480,500" anchor="LeftCenter" size="1500,1000" cursor_area="true" controller="NewContinueGame">
	<mainMenu pos="-330,-500"/>
    <texture style="menuContinue"/>

    <panel style="header">
        <sprite style="header" sprite="symbol_save"/>
        <label style="header" name="windowheader"/>
		<rect pos="496,0">
			<sprite style="header" atlas="UIAtlas" sprite="symbol_attributes"/>
			<label style="header" name="windowheader" text_key="ui_settings"/>
		</rect>
    </panel>

    <rect name="newContent" visible="{isnewgame}">
        <grid pos="40,-100" rows="13" cell_width="525" cell_height="45" repeat_content="false" arrangement="vertical" >
            <rect>
				<texture style="inputOptionLabelNarrow"/>
                <label size="200,30" style="hover" tooltip_key="goGameNameDesc" text_key="goGameName" font_size="28"/>
                <ulmTextField name="txtGameName" pos="130,0" on_hover="true" character_limit="28"/>
            </rect>
            <rect visible="{false}">
				<texture style="inputOptionLabelNarrow"/>
                <label size="200,30" style="hover" tooltip_key="goGameModeDesc" text_key="goGameMode" font_size="28"/>
                <ulmComboBox name="cbxGameMode" pos="130,0" type="ComboBoxList&lt;GameMode&gt;" value_wrap="false" width="300" height="32"/>
            </rect>
            <rect>
				<texture style="inputOptionLabelNarrow"/>
                <label size="200,30" style="hover" tooltip_key="goGameWorldDesc" text_key="goGameWorld" font_size="28"/>
                <ulmComboBox name="cbxWorldName" pos="130,0" type="ComboBoxList&lt;XUiC_NewContinueGame+LevelInfo&gt;" value_wrap="false" width="300" height="32"/>
                <!-- localization_prefix="xuiWorldName" -->
            </rect>
            <rect visible="{isnotgenerateworld}">
				<texture style="inputOptionLabelNarrow"/>
                <texture style="inputOption" pos="130,7"/>
				<label size="200,30" font_size="28" text_key="xuiMapSize"/>
                <label depth="2" name="countyName" style="outline" pos="130,-3" size="300,26" font_size="26" justify="center" text="{mapsize}"/>
            </rect>
        </grid>

        <rect pos="40,-190" visible="{isgenerateworld}" controller="WorldGenerationWindowGroup">
            <grid rows="13" cell_width="525" cell_height="45" repeat_content="false" arrangement="vertical">
                <rect>
					<texture style="inputOptionLabelNarrow"/>
					<texture style="inputOption" pos="130,7"/>
                    <label size="200,30" font_size="28" text_key="xuiRwgCountyName" style="hover" tooltip_key="xuiRwgCountyNameDesc"/>
                    <label depth="2" name="countyName" style="outline" pos="130,-3" size="300,26" font_size="26" justify="center"/>
                </rect>
                <rect>
					<texture style="inputOptionLabelNarrow"/>
                    <label size="200,30" font_size="28" style="hover" tooltip_key="xuiRwgWorldSeedDesc" text="Seed" text_key="xuiRwgWorldSeed"/>
                    <ulmTextField name="seedInput" depth="5" pos="130,0" pivot="topLeft" on_hover="true" character_limit="28"/>
                </rect>
                <rect>
					<texture style="inputOptionLabelNarrow"/>
                    <label size="200,30" font_size="28" style="hover" tooltip_key="xuiRwgWorldSizeDesc" text="World Size" text_key="xuiRwgWorldSize"/>
                    <ulmComboBox pos="130,0" width="300" height="32" name="WorldSize" type="ComboBoxList&lt;System.String&gt;" values="4096,8192" value_wrap="false"/>
                </rect>
                <rect>
                    <ulmButtonOption name="btnGenerateWorld" pos="123,-598" text="btnAdvancedGeneration"/>
                </rect>
            </grid>
        </rect>
    </rect>

    <rect name="continueContent" visible="{iscontinuegame}">
        <rect name="saves" controller="SavegamesList" matching_version_color="60,255,60,128" compatible_version_color="255,216,0" incompatible_version_color="255,0,0" clear_selection_on_open="false">
            <search pos="279,-17"/>
            <grid depth="2" name="list" pos="25,-77" size="490,848" rows="8" cols="1" cell_width="490" cell_height="106" repeat_content="true" arrangement="vertical">
                <ulm_load_save width="490" height="90"/>
            </grid>
            <paging pos="189,-928"/>
            <ulmButtonOption pos="528,-922" name="btnDeleteSave" text="btnDelete"/>
        </rect>
    </rect>

    <rect name="tabs" controller="TabSelector" pos="513,-63" size="770,918">

        <panel name="disableOptions" depth="100" createuipanel="true" on_hover="true" disableautobackground="true">
            <sprite depth="0" name="backgroundMain" sprite="menu_empty" color="32,32,32,180" type="sliced" fillcenter="true"/>
        </panel>

        <rect name="tabsHeader" depth="0">
            <grid name="tabButtons" rows="1" cols="4" size="765,36" cell_width="174" cell_height="40" repeat_content="true" arrangement="horizontal">
                <ulmButtonTab name="tabButton" text="xuiBack"/>
            </grid>
        </rect>

        <rect name="tabsContents" depth="2" pos="120,-37">
            <rect tab_key="Undead Legacy">
                <grid pos="6,-40" rows="13" cell_width="525" cell_height="45" repeat_content="false" arrangement="vertical" >
                    <ulmOptionGame name="ItemWeightMultiplier" title="opt_ItemWeightMult" value_wrap="false" value_type="int" values="0, 25, 50, 75, 100, 125, 150, 175, 200" display_names="opt_0P,opt_25P,opt_50P,opt_75P,opt_100P,opt_125P,opt_150P,opt_175P,opt_200P"/>
                    <ulmOptionGame name="BlockWeightMultiplier" title="opt_BlockWeightMult" value_wrap="false" value_type="int" values="0, 25, 50, 75, 100, 125, 150, 175, 200" display_names="opt_0P,opt_25P,opt_50P,opt_75P,opt_100P,opt_125P,opt_150P,opt_175P,opt_200P"/>
                    <ulmOptionGame name="RecipeFilter" title="opt_ShowUnknownRecipes" value_wrap="false" value_type="int" values="0, 1, 2" display_names="opt_RecipeFilter1,opt_RecipeFilter2,opt_RecipeFilter3"/>
					<ulmOptionGameInProgress name="FoodBurnRateMultiplier" title="opt_FoodBurnRate" value_wrap="false" value_type="int" values="25, 50, 75, 100, 125, 150, 175, 200" display_names="opt_25P,opt_50P,opt_75P,opt_100P,opt_125P,opt_150P,opt_175P,opt_200P"/>
                    <ulmOptionGameInProgress name="WaterBurnRateMultiplier" title="opt_WaterBurnRate" value_wrap="false" value_type="int" values="25, 50, 75, 100, 125, 150, 175, 200" display_names="opt_25P,opt_50P,opt_75P,opt_100P,opt_125P,opt_150P,opt_175P,opt_200P"/>
                    <ulmOptionGameInProgress name="DroppedLootDecay" title="opt_DroppedLootDecay" value_wrap="false" value_type="int" values="5, 10, 15, 20, 30, 60, 120, 180, 240, 300, 360" display_names="opt_5m,opt_10m,opt_15m,opt_20m,opt_30m,opt_1h,opt_2h,opt_3h,opt_4h,opt_5h,opt_6h"/>
                </grid>
            </rect>

            <rect tab_key="Basic">
                <grid pos="6,-40" rows="13" cell_width="525" cell_height="45" repeat_content="false" arrangement="vertical" >
                    <ulmOptionGame name="GameDifficulty" title="goDifficulty" value_wrap="false" value_type="int" values="" display_names="goDifficulty1,goDifficulty2,goDifficulty3,goDifficulty4,goDifficulty5,goDifficulty6" value_localization_prefix="" />
					<ulmOptionGame name="DayNightLength" title="goDayLength" value_wrap="false" value_type="int" values="10, 20, 30, 40, 50, 60, 90, 120" display_names="" value_localization_prefix="goMinute" />
					<ulmOptionGame name="DayLightLength" title="goDayLightLength" value_wrap="false" value_type="int" values="12, 14, 16, 18" display_names="" value_localization_prefix="goDayLightLengthValue" />
					<ulmOptionGame name="BloodMoonFrequency" title="goBloodMoonFrequency" value_wrap="false" value_type="int" values="0, 1, 3, 7, 14, 30" display_names="goDisabled" value_localization_prefix="goDay" />
					<ulmOptionGame name="BloodMoonRange" title="goBloodMoonRange" value_wrap="false" value_type="int" values="0, 1, 2, 3, 4, 7, 10, 14, 20" display_names="" value_localization_prefix="goDay" />
					<ulmOptionGame name="BloodMoonWarning" title="goBloodMoonWarning" value_wrap="false" value_type="int" values="-1, 8, 18" display_names="goDisabled,goMorning,goEvening" value_localization_prefix="" />
					<ulmOptionGame name="ZombieMove" title="goZombieMove" value_wrap="false" value_type="int" values="" display_names="goZMWalk,goZMJog,goZMRun,goZMSprint,goZMNightmare" value_localization_prefix="" />
					<ulmOptionGame name="ZombieMoveNight" title="goZombieMoveNight" value_wrap="false" value_type="int" values="" display_names="goZMWalk,goZMJog,goZMRun,goZMSprint,goZMNightmare" value_localization_prefix="" />
					<ulmOptionGame name="ZombieFeralMove" title="goZombieFeralMove" value_wrap="false" value_type="int" values="" display_names="goZMWalk,goZMJog,goZMRun,goZMSprint,goZMNightmare" value_localization_prefix="" />
					<ulmOptionGame name="ZombieBMMove" title="goZombieBMMove" value_wrap="false" value_type="int" values="" display_names="goZMWalk,goZMJog,goZMRun,goZMSprint,goZMNightmare" value_localization_prefix="" />
					<!--
					<ulmOptionGame name="MaxSpawnedZombies" title="goMaxSpawnedZombies" value_wrap="false" value_type="int" values="0, 10, 30, 60" display_names="" value_localization_prefix="" />
					<ulmOptionGame name="MaxSpawnedAnimals" title="goMaxSpawnedAnimals" value_wrap="false" value_type="int" values="0, 10, 30, 50" display_names="" value_localization_prefix="" />
					-->
					<ulmOptionGame name="PersistentPlayerProfiles" title="goPersistentCharacters" value_wrap="false" value_type="bool" values="" display_names="" value_localization_prefix="" />
					<ulmOptionGame name="XPMultiplier" title="goXPMultiplier" value_wrap="false" value_type="int" values="25, 50, 75, 100, 125, 150, 175, 200, 300" display_names="" value_localization_prefix="goXPMultiplierValue" />
				</grid>
            </rect>

            <rect tab_key="Advanced">
                <grid pos="6,-40" rows="13" cell_width="525" cell_height="45" repeat_content="false" arrangement="vertical" >
                    <!--<ulmOptionGame name="BlockDurabilityModifier" title="goBlockDurability" value_wrap="false" value_type="int" values="25, 50, 100, 200" display_names="" value_localization_prefix="goBlockDurabilityValue" />-->
					<ulmOptionGame name="BlockDamagePlayer" title="goBlockDamagePlayer" value_wrap="false" value_type="int" values="25, 50, 75, 100, 125, 150, 175, 200, 300" display_names="" value_localization_prefix="goBlockDamageValue" />
					<ulmOptionGame name="BlockDamageAI" title="goBlockDamageAI" value_wrap="false" value_type="int" values="25, 50, 75, 100, 125, 150, 175, 200, 300" display_names="" value_localization_prefix="goBlockDamageValue" />
					<ulmOptionGame name="BlockDamageAIBM" title="goBlockDamageAIBM" value_wrap="false" value_type="int" values="25, 50, 75, 100, 125, 150, 175, 200, 300" display_names="" value_localization_prefix="goBlockDamageValue" />
					<ulmOptionGame name="LootAbundance" title="goLootAbundance" value_wrap="false" value_type="int" values="25, 50, 75, 100, 150, 200" display_names="" value_localization_prefix="goLootAbundanceValue" />
					<ulmOptionGame name="LootRespawnDays" title="goLootRespawnDays" value_wrap="false" value_type="int" values="-1, 5, 10, 15, 20, 30, 40, 50" display_names="goDisabled" value_localization_prefix="goLootRespawnDaysValue" />
					<ulmOptionGame name="DropOnDeath" title="goDropOnDeath" value_wrap="false" value_type="int" values="" display_names="goNone,goAll,goToolbelt,goBackpack,goDeleteAll" value_localization_prefix="" />
					<ulmOptionGame name="DropOnQuit" title="goDropOnQuit" value_wrap="false" value_type="int" values="" display_names="goNone,goAll,goToolbelt,goBackpack" value_localization_prefix="" />
					<ulmOptionGame name="BloodMoonEnemyCount" title="goBloodMoonEnemyCount" value_wrap="false" value_type="int" values="4, 8, 12, 16, 24, 32, 64" display_names="" value_localization_prefix="goEnemie" />
					<ulmOptionGame name="EnemySpawnMode" title="goEnemySpawn" value_wrap="false" value_type="bool" values="" display_names="" value_localization_prefix="" />
					<ulmOptionGame name="AirDropFrequency" title="goAirDropFrequency" value_wrap="false" value_type="int" values="0, 24, 72, 168" display_names="goDisabled" value_localization_prefix="goAirDropValue" />
					<ulmOptionGame name="BuildCreate" title="goBuildCreate" value_wrap="false" value_type="bool" values="" display_names="" value_localization_prefix="" />
					<ulmOptionGame name="AirDropMarker" title="goMarkAirDrops" value_wrap="false" value_type="bool" values="" display_names="" value_localization_prefix="" />
				</grid>
            </rect>

            <rect tab_key="Multiplayer">
                <grid pos="6,-40" rows="19" cell_width="525" cell_height="45" repeat_content="false" arrangement="vertical" >
                    <ulmOptionGame name="ServerVisibility" title="goServerVisibility" value_wrap="false" value_type="int" values="" display_names="goServerVisibility0,goServerVisibility1,goServerVisibility2" value_localization_prefix="" />
					<ulmOptionGame name="ServerMaxPlayerCount" title="goMaxPlayers" value_wrap="false" value_type="int" values="1, 2, 4, 8, 16" display_names="" value_localization_prefix="goPlayer" />
					<ulmOptionGame name="ServerPassword" title="goPassword" value_wrap="false" value_type="string" character_limit="20" values="" display_names="" value_localization_prefix="" is_textinput="true" password_field="true" />
					<ulmOptionGame name="ServerPort" title="goPort" value_wrap="false" value_type="int" values="" display_names="" value_localization_prefix="" is_textinput="true" />
                    <ulmOptionGame name="PlayerKillingMode" title="goPlayerKillingMode" value_wrap="false" value_type="int" values="" display_names="goPlayerKillingModeNoKilling,goPlayerKillingModeKillAlliesOnly,goPlayerKillingModeKillStrangersOnly,goPlayerKillingModeKillEveryone" value_localization_prefix="" />
					<ulmOptionGame name="LandClaimSize" title="goLandClaimSize" value_wrap="false" value_type="int" values="21, 31, 41, 51, 71" display_names="" value_localization_prefix="goLandClaimSizeValue" />
					<ulmOptionGame name="LandClaimDeadZone" title="goLandClaimDeadZone" value_wrap="false" value_type="int" values="0, 5, 10, 15, 20, 30, 40, 50" display_names="goLandClaimNoDeadzone" value_localization_prefix="goLandClaimDeadZoneValue" />
					<ulmOptionGame name="LandClaimExpiryTime" title="goLandClaimExpiryTime" value_wrap="false" value_type="int" values="1, 2, 3, 4, 5, 7, 10, 30" display_names="" value_localization_prefix="goLandClaimExpiryTimeValue" />
					<ulmOptionGame name="LandClaimDecayMode" title="goLandClaimDecayMode" value_wrap="false" value_type="int" values="" display_names="goLandClaimDecayModeSlow,goLandClaimDecayModeFast,goLandClaimDecayModeNone" value_localization_prefix="" />
					<ulmOptionGame name="LandClaimOnlineDurabilityModifier" title="goLandClaimOnlineDurabilityModifier" value_wrap="false" value_type="int" values="0, 1, 2, 4, 8, 16, 32, 64, 128, 256" display_names="goInfinite" value_localization_prefix="goLandClaimOnlineDurabilityModifierValue" />
					<ulmOptionGame name="LandClaimOfflineDurabilityModifier" title="goLandClaimOfflineDurabilityModifier" value_wrap="false" value_type="int" values="0, 1, 2, 4, 8, 16, 32, 64, 128, 256" display_names="goInfinite" value_localization_prefix="goLandClaimOfflineDurabilityModifierValue" />
					<ulmOptionGame name="BedrollDeadZoneSize" title="goBedrollDeadZoneSize" value_wrap="false" value_type="int" values="0, 5, 15, 30" display_names="goLandClaimNoDeadzone" value_localization_prefix="goLandClaimDeadZoneValue" />
					<ulmOptionGame name="BedrollExpiryTime" title="goBedrollExpiryTime" value_wrap="false" value_type="int" values="3, 7, 15, 30, 45, 60" display_names="" value_localization_prefix="goLandClaimExpiryTimeValue" />
						
					<ulmOptionGame name="PartySharedKillRange" title="goPartySharedKillRange" value_wrap="false" value_type="int" values="0, 100, 500, 1000, 5000, 10000" display_names="goDisabled" value_localization_prefix="goPartySharedKillRangeValue" />
					
					<ulmOptionGame name="DayCount" title="goDayCount" value_wrap="false" value_type="int" values="0, 1, 3, 5, 7, 9" display_names="goUnlimited" value_localization_prefix="goDay" />
					<ulmOptionGame name="FragLimit" title="goFragLimit" value_wrap="false" value_type="int" values="0, 1, 5, 10, 15, 20, 25, 50" display_names="goUnlimited" value_localization_prefix="goFrag" />
					<ulmOptionGame name="MatchLength" title="goMatchLength" value_wrap="false" value_type="int" values="0, 5, 10, 15, 20, 30, 60" display_names="goUnlimited" value_localization_prefix="goMinute" />
					<ulmOptionGame name="RebuildMap" title="goRebuildMap" value_wrap="false" value_type="bool" values="" display_names="" value_localization_prefix="" />
					<ulmOptionGame name="ZombiePlayers" title="goZombiePlayers" value_wrap="false" value_type="bool" values="" display_names="" value_localization_prefix="" />
				</grid>
            </rect>
        </rect>
        <ulmButtonOption name="btnDefaults"	text="xuiDefaults"	font_size="24" caps="true" width="220" height="80" pos="14,-860" visible="{isnewgame}"/>
        <ulmButtonOption name="btnStart"	text="xuiStart"		font_size="24" caps="true" width="220" height="80" pos="678,-860" sound="[sfx_btn_start]"/>
    </rect>

	<ulmMenuButtonOptionsBack/>

    <panel name="deleteSavePanel" depth="10000" createuipanel="true" on_hover="true" disableautobackground="true">
        <rect pos="300,-300">
            <texture style="ulmmenu_confirm"/>
            <panel style="header">
				<sprite style="header" atlas="UIAtlas" sprite="symbol_warning"/>
                <label style="header" name="panelheader" text_key="xuiDeleteSaveGame"/>
            </panel>
            <rect pos="30,-75">
                <label depth="2" pos="275,-50" name="deleteText" size="550,100" pivot="center" justify="center"/>
                <ulmButtonOption name="btnCancel" pos="75,-118" text="xuiCancel" sound="[sfx_btn_basic_1]"/>
                <ulmButtonOption name="btnConfirm" pos="290,-118" text="btnConfirm" sound="[sfx_btn_start]"/>
            </rect>
        </rect>
    </panel>
</window>

<window name="optionsAudio" pos="480,500" anchor="LeftCenter" size="1500,1000" cursor_area="true" controller="OptionsAudio">
	<mainMenu pos="-330,-500"/>
	<texture style="menuAudio"/>
    <panel style="header">
        <sprite style="header" sprite="symbol_audio"/>
        <label style="header" text_key="xuiOptionsAudio"/>
    </panel>
    <grid pos="43,-88" rows="13" cell_width="525" cell_height="45" repeat_content="false" arrangement="vertical" >
        <optionAudio name="OverallAudioVolumeLevel" type="ComboBoxFloat" value_increment="0.05" value_wrap="false" format_string="0%"/>
        <rect/>
        <optionAudio name="AmbientVolumeLevel" type="ComboBoxFloat" value_increment="0.05" value_wrap="false" format_string="0%"/>
        <optionAudio name="InGameMusicVolumeLevel" type="ComboBoxFloat" value_increment="0.05" value_wrap="false" format_string="0%" />
		<optionAudio name="MenuMusicVolumeLevel" type="ComboBoxFloat" value_increment="0.05" value_wrap="false" format_string="0%"/>
        <rect/>
        <optionAudio name="DynamicMusicEnabled" type="ComboBoxBool" />
		<optionAudio name="DynamicMusicDailyTimeAllotted" type="ComboBoxFloat" value_increment="0.1" value_wrap="false" format_string="0%" />
		<rect/>
        <optionAudio name="VoiceChatEnabled" type="ComboBoxBool"/>
        <optionAudio name="VoiceVolumeLevel" type="ComboBoxFloat" value_increment="0.05" value_wrap="false" format_string="0%"/>
        <optionAudio name="MicVolumeLevel" type="ComboBoxFloat" value_increment="0.05" value_wrap="false" format_string="0%"/>
    </grid>
    <ulmMenuButtonOptionsBack/>
    <ulmButtonOption name="btnDefaults"	text="xuiDefaults"	pos="33,-923" visible="{isTabUi}"/>
    <ulmButtonOption name="btnApply"	text="xuiApply"		pos="441,-923" sound="[sfx_btn_start]"/>
</window>

<window name="optionsControls" pos="480,500" anchor="LeftCenter" size="1500,1000" cursor_area="true" controller="OptionsControls">
	<mainMenu pos="-330,-500"/>
	<texture style="menuControls"/>
    <panel style="header">
        <sprite style="header" sprite="symbol_controller"/>
        <label style="header" text_key="xuiOptionsControls"/>
    </panel>
	
    <rect name="tabs" controller="TabSelector" pos="17,-63">
        <rect name="tabsHeader" height="39" depth="0">
            <grid name="tabButtons" rows="1" cols="10" cell_width="155" cell_height="40" repeat_content="true" arrangement="horizontal">
                <rect>
                    <ulmButtonControls name="tabButton" caption_key="xuiBack"/>
                </rect>
            </grid>
        </rect>

        <rect name="headerTemplate" width="560" height="32">
            <label pos="20,0" font_size="32" name="caption" style="hover" text=""/>
        </rect>

        <rect name="controlTemplate">
            <label name="label" depth="1" size="250,30" font_size="28" style="hover"/>
            <sprite name="background" depth="0" pos="287,-2" size="284,28" on_press="true" color="0,0,0,1" type="sliced" foregroundlayer="true"/>
            <label name="value" depth="1" style="outline" pos="282,-3" size="290,26" font_size="26" justify="center"/>
        	<button name="unbind" style="ulmButtonUnbind" pos="556,-16"/>
        </rect>

        <rect name="tabsContents" depth="2" pos="85,-37" height="611">
            <rect tab_key="xuiOptionsControlsGeneric">
                <grid pos="8,-40" rows="13" cell_width="600" cell_height="45" repeat_content="false" arrangement="vertical" >
                    <optionControl name="LookSensitivity" type="ComboBoxFloat" value_increment="0.1" value_wrap="false" format_string="0.00"/>
                    <optionControl name="ZoomSensitivity" type="ComboBoxFloat" value_increment="0.01" value_wrap="false" format_string="0.00"/>
                    <optionControl name="InvertMouseLookY" type="ComboBoxBool"/>
                    <optionControl name="AllowController" type="ComboBoxBool"/>
                    <optionControl name="ControllerInterfaceSensitivity" type="ComboBoxFloat" value_increment="0.1" value_wrap="false" format_string="0.00"/>
                    <optionControl name="ControllerVibration" type="ComboBoxBool"/>
                </grid>
            </rect>

            <rect> <!-- Movement -->
                <grid depth="1" pos="8,-40" name="controlsGrid" cols="2" cell_width="600" cell_height="45" repeat_content="false" arrangement="horizontal"/>
                <grid depth="0" pos="8,-40" rows="13" cols="2" cell_width="600" cell_height="45" repeat_content="false" arrangement="horizontal">
                    <controlTemplate/><controlTemplate/>
                    <controlTemplate/><controlTemplate/>
					<controlTemplate/><controlTemplate/>
                    <controlTemplate/><controlTemplate/>
                    <controlTemplate/><controlTemplate/>
                    <controlTemplate/><controlTemplate/>
                    <controlTemplate/><controlTemplate/>
                    <controlTemplate/><controlTemplate/>
                </grid>
            </rect>

            <rect> <!-- Toolbelt -->
                <grid name="controlsGrid" pos="8,-40" cols="2" cell_width="600" cell_height="45" repeat_content="false" arrangement="horizontal"/>
                <grid depth="0" pos="8,-40" rows="13" cols="2" cell_width="600" cell_height="45" repeat_content="false" arrangement="horizontal">
                    <controlTemplate/><controlTemplate/>
                    <controlTemplate/><controlTemplate/>
					<controlTemplate/><controlTemplate/>
                    <controlTemplate/><controlTemplate/>
                    <controlTemplate/><controlTemplate/>
                    <controlTemplate/><controlTemplate/>
                    <controlTemplate/><controlTemplate/>
                </grid>
            </rect>

            <rect> <!-- Vehicle -->
                <grid name="controlsGrid" pos="8,-40" cols="2" cell_width="600" cell_height="45" repeat_content="false" arrangement="horizontal"/>
                <grid depth="0" pos="8,-40" rows="13" cols="2" cell_width="600" cell_height="45" repeat_content="false" arrangement="horizontal">
                    <controlTemplate/><controlTemplate/>
                    <controlTemplate/><controlTemplate/>
                    <controlTemplate/><controlTemplate/>
                    <controlTemplate/><controlTemplate/>
                    <controlTemplate/><controlTemplate/>
                </grid>
            </rect>

            <rect> <!-- Menus -->
                <grid name="controlsGrid" pos="8,-40" cols="2" cell_width="600" cell_height="45" repeat_content="false" arrangement="horizontal"/>
                <grid depth="0" pos="8,-40" rows="13" cols="2" cell_width="600" cell_height="45" repeat_content="false" arrangement="horizontal">
                    <controlTemplate/>
                    <rect/>
                    <rect/>
                    <rect/>
                    <controlTemplate/><controlTemplate/>
                    <controlTemplate/><controlTemplate/>
                    <controlTemplate/><controlTemplate/>
                    <controlTemplate/><controlTemplate/>
                </grid>
            </rect>

            <rect> <!-- UI -->
                <grid name="controlsGrid" pos="8,-40" cols="2" cell_width="600" cell_height="45" repeat_content="false" arrangement="horizontal"/>
                <grid depth="0" pos="8,-40" rows="13" cols="2" cell_width="600" cell_height="45" repeat_content="false" arrangement="horizontal">
                    <controlTemplate/><controlTemplate/>
					<controlTemplate/><controlTemplate/>
                    <controlTemplate/><controlTemplate/>
                    <controlTemplate/><controlTemplate/>
                    <controlTemplate/><controlTemplate/>
                    <controlTemplate/><controlTemplate/>
                    <controlTemplate/><controlTemplate/>
                </grid>
            </rect>

            <rect>
                <grid name="controlsGrid" pos="8,-40" cols="2" cell_width="600" cell_height="45" repeat_content="false" arrangement="horizontal"/>
                <grid depth="0" pos="8,-40" rows="13" cols="2" cell_width="600" cell_height="45" repeat_content="false" arrangement="horizontal">
                    <controlTemplate/><controlTemplate/>
                    <rect/>
                    <rect/>
                    <controlTemplate/><controlTemplate/>
                    <controlTemplate/><controlTemplate/>
                    <controlTemplate/>
                    <rect/>
                    <rect/>
                    <rect/>
                    <controlTemplate/><controlTemplate/>
                    <controlTemplate/><controlTemplate/>
                    <controlTemplate/><controlTemplate/>
                    <controlTemplate/><controlTemplate/>
                    <controlTemplate/><controlTemplate/>
                    <controlTemplate/><controlTemplate/>
                </grid>
            </rect>

            <rect>
                <grid name="controlsGrid" pos="8,-40" cols="2" cell_width="600" cell_height="45" repeat_content="false" arrangement="horizontal"/>
                <grid depth="0" pos="8,-40" rows="13" cols="2" cell_width="600" cell_height="45" repeat_content="false" arrangement="horizontal">
                    <controlTemplateViewOnly/><controlTemplateViewOnly/>
                    <controlTemplateViewOnly/><controlTemplateViewOnly/>
                    <controlTemplateViewOnly/><controlTemplateViewOnly/>
                    <controlTemplateViewOnly/><controlTemplateViewOnly/>
                </grid>
            </rect>

			<rect tab_key="xuiOptionsControlsController">
				<grid name="controlsGrid" pos="8,-40" cols="2" cell_width="600" cell_height="45" repeat_content="false" arrangement="horizontal">
					<optionControl name="ShowDS4" type="ComboBoxBool" localization_prefix="xuiBoolDualShock4" />
					<optionControl name="ShowBindingsFor" type="ComboBoxList&lt;System.String&gt;" values="Player, Vehicles, UI" localization_prefix="xuiControlBindingsFor" />
				</grid>
					
				<rect name="controllerlayout">
					<sprite pos="600,-350" width="750" height="500" depth="2" pivot="center" atlas="{controller_atlas}" sprite="Controller_Art_PC" color="[white]" />
					<sprite pos="600,-350" width="750" height="500" depth="3" pivot="center" atlas="{controller_atlas}" sprite="Controller_Lines_PC" color="100,100,250" />
						
					<label name="Menu" text="XXX" pos="735,-104" depth="4" height="32" width="250" pivot="left" justify="left" on_hover="true" />
					<label name="RightTrigger" text="XXX" pos="940,-152" depth="4" height="32" width="250" pivot="left" justify="left" on_hover="true" />
					<label name="RightBumper" text="XXX" pos="940,-186" depth="4" height="32" width="250" pivot="left" justify="left" on_hover="true" />
					<label name="Action4" text="XXX" pos="940,-232" depth="4" height="32" width="250" pivot="left" justify="left" on_hover="true" />
					<label name="Action3" text="XXX" pos="940,-259" depth="4" height="32" width="250" pivot="left" justify="left" on_hover="true" />
					<label name="Action2" text="XXX" pos="940,-294" depth="4" height="32" width="250" pivot="left" justify="left" on_hover="true" />
					<label name="Action1" text="XXX" pos="940,-336" depth="4" height="32" width="250" pivot="left" justify="left" on_hover="true" />
					<label name="RightStick" text="XXX" pos="940,-392" depth="4" height="60" width="250" pivot="left" justify="left" on_hover="true" />
					<label name="RightStickButton" text="XXX" pos="940,-442" depth="4" height="32" width="250" pivot="left" justify="left" on_hover="true" />
						
					<label name="View" text="XXX" pos="535,-104" depth="4" height="32" width="250" pivot="right" justify="right" on_hover="true" />
					<label name="LeftTrigger" text="XXX" pos="256,-152" depth="4" height="32" width="250" pivot="right" justify="right" on_hover="true" />
					<label name="LeftBumper" text="XXX" pos="256,-186" depth="4" height="32" width="250" pivot="right" justify="right" on_hover="true" />

					<rect name="xb1" visible="{isxb1}">
						<label name="LeftStick" text="XXX" pos="256,-256" depth="4" height="32" width="250" pivot="right" justify="right" on_hover="true" />
						<label name="LeftStickButton" text="XXX" pos="256,-324" depth="4" height="32" width="250" pivot="right" justify="right" on_hover="true" />
						<label name="DPadUp" text="XXX" pos="256,-363" depth="4" height="32" width="250" pivot="right" justify="right" on_hover="true" />
						<label name="DPadLeft" text="XXX" pos="256,-393" depth="4" height="32" width="250" pivot="right" justify="right" on_hover="true" />
						<label name="DPadDown" text="XXX" pos="256,-428" depth="4" height="32" width="250" pivot="right" justify="right" on_hover="true" />
						<label name="DPadRight" text="XXX" pos="256,-461" depth="4" height="32" width="250" pivot="right" justify="right" on_hover="true" />
					</rect>

					<rect name="ds4" visible="{isds4}">
						<label name="DPadUp" text="XXX" pos="256,-268" depth="4" height="32" width="250" pivot="right" justify="right" on_hover="true" />
						<label name="DPadLeft" text="XXX" pos="256,-296" depth="4" height="32" width="250" pivot="right" justify="right" on_hover="true" />
						<label name="DPadDown" text="XXX" pos="256,-326" depth="4" height="32" width="250" pivot="right" justify="right" on_hover="true" />
						<label name="DPadRight" text="XXX" pos="256,-356" depth="4" height="32" width="250" pivot="right" justify="right" on_hover="true" />
						<label name="LeftStick" text="XXX" pos="256,-392" depth="4" height="32" width="250" pivot="right" justify="right" on_hover="true" />
						<label name="LeftStickButton" text="XXX" pos="256,-422" depth="4" height="32" width="250" pivot="right" justify="right" on_hover="true" />
					</rect>
				</rect>
            </rect>
        </rect>
	</rect>
	<ulmMenuButtonOptionsBack/>
    <ulmButtonOption name="btnDefaults"	text="xuiDefaults"	pos="33,-923" visible="{isTabUi}"/>
    <ulmButtonOption name="btnApply"	text="xuiApply"		pos="1216,-923" sound="[sfx_btn_start]"/>
</window>

<window name="optionsMenu" pos="150,0" anchor="LeftCenter" size="300,525" controller="OptionsMenu" cursor_area="true">
    <mainMenu/>
	<grid pos="0,17" name="optionsButtons" rows="13" cell_width="300" cell_height="70" repeat_content="false" arrangement="vertical" >
		<ulmMenuButton name="btnVideo" text="xuiBtnOptionsVideo"/>
        <ulmMenuButton name="btnAudio" text="xuiBtnOptionsAudio"/>
        <ulmMenuButton name="btnControls" text="xuiBtnOptionsControls"/>
		<rect>
			<ulmMenuButton name="btnProfiles" text="xuiBtnOptionsProfiles" visible="{notingame}"/>
		</rect>
		<rect>
			<ulmMenuButton name="btnAccount" text="xuiBtnOptionsAccount" visible="{notreleaseingame}"/>
		</rect>
		<rect/>
		<ulmMenuButtonBack name="btnBack" text="xuiBack" visible="{ingame}"/>
	</grid>
</window>

<window name="optionsVideo" pos="480,500" anchor="LeftCenter" size="1500,1000" cursor_area="true" controller="OptionsVideo">
	<mainMenu pos="-330,-500"/>
	<texture style="menuVideo"/>
    <panel style="header">
        <sprite style="header" sprite="symbol_monitor"/>
        <label style="header" text_key="headerVideo"/>
    </panel>

    <rect name="tabs" controller="TabSelector" pos="17,-63">
        <rect name="tabsHeader" height="39" depth="0">
            <grid name="tabButtons" rows="1" cols="5" cell_width="174" cell_height="40" repeat_content="true" arrangement="horizontal">
                <rect>
                    <ulmButtonTab name="tabButton" text="xuiBack"/>
                </rect>
            </grid>
        </rect>

        <rect name="tabsContents" depth="2" pos="20,-37" height="611">
            <rect tab_key="headerDisplay">
                <grid pos="8,-40" rows="13" cell_width="600" cell_height="45" repeat_content="false" arrangement="vertical" >
                    <optionVideo name="Resolution" type="ComboBoxList&lt;XUiC_OptionsVideo.ResolutionInfo&gt;" value_wrap="false"/>
                    <optionVideo name="Fullscreen" type="ComboBoxBool"/>
                    <optionVideo name="VSync" type="ComboBoxList&lt;System.String&gt;" values="Off,On,Half" value_wrap="false"/>
                    <rect>
                        <optionVideo name="Gamma" type="ComboBoxFloat" value_increment="0.1" value_wrap="false" format_string="0%"/>
						<ulmButtonefault name="btnDefaultGamma" pos="580,0"	text="xuiDefault"/>
                    </rect>
                    <rect>
						<optionVideo name="FieldOfView" type="ComboBoxInt" value_increment="2" value_wrap="false" />
						<ulmButtonefault name="btnDefaultFOV" pos="580,0" text="xuiDefault"/>
					</rect>
                </grid>
            </rect>
			<rect tab_key="headerQuality">
					<optionVideo pos="8,-40" name="QualityPreset" type="ComboBoxList&lt;System.String&gt;" values="Low,Medium,High,Ultra,Custom" value_wrap="false"/>
				<grid pos="8,-130" rows="11" cols="2" cell_width="620" cell_height="45" repeat_content="false" arrangement="vertical">
					<optionVideo name="StreamingMipmapsEnabled" type="ComboBoxBool"/>
					<optionVideo name="TextureQuality" type="ComboBoxList&lt;System.String&gt;" values="Full,Half,Quarter,Eighth" value_wrap="false" reverse_list="true"/>
					<optionVideo name="UMATextureQuality" type="ComboBoxList&lt;System.String&gt;" values="High,Middle,Low,Lowest" value_wrap="false" reverse_list="true"/>
					<optionVideo name="TextureFilter" type="ComboBoxList&lt;System.String&gt;" values="Low,Medium,High,Ultra,Ultra+" value_wrap="false" />
                    <optionVideo name="ReflectionQuality" type="ComboBoxList&lt;System.String&gt;" values="Off,Low,Middle,High,Ultra,Ultra+" value_wrap="false"/>
					<optionVideo name="ReflectedShadows" type="ComboBoxBool"/>
					<optionVideo name="SSReflections" type="ComboBoxList&lt;System.String&gt;" values="Off,Low,Middle,High" value_wrap="false" />
					<optionVideo name="ObjectQuality" type="ComboBoxList&lt;System.String&gt;" values="Lowest,Low,Middle,High,Ultra" value_wrap="false"/>
					<optionVideo name="TerrainQuality" type="ComboBoxList&lt;System.String&gt;" values="Lowest,Low,Medium,High,Ultra" localization_prefix="xuiOptionsVideoPresets" value_wrap="false" />
					<optionVideo name="WaterQuality" type="ComboBoxList&lt;System.String&gt;" values="Low,High" value_wrap="false"/>
					<optionVideo name="WaterParticles" type="ComboBoxFloat" value_increment="0.10" value_wrap="false" format_string="0%"/>
					<optionVideo name="SunShafts" type="ComboBoxBool"/>
					<optionVideo name="ViewDistance" type="ComboBoxList&lt;System.String&gt;" values="Low,Medium,High" value_wrap="false"/>
					<optionVideo name="ShadowsDistance" type="ComboBoxList&lt;System.String&gt;" values="Off,Near,Middle,Far" value_wrap="false"/>
					<optionVideo name="GrassDistance" type="ComboBoxList&lt;System.String&gt;" values="Near,Normal,Far" value_wrap="false"/>
					<optionVideo name="LODDistance" type="ComboBoxFloat" value_increment="0.05" value_wrap="false" format_string="0%"/>

                    <optionVideo name="AntiAliasing" type="ComboBoxBool"/>
					<optionVideo name="DepthOfField" type="ComboBoxBool"/>
					<optionVideo name="Occlusion" type="ComboBoxBool"/>
					<optionVideo name="MotionBlur" type="ComboBoxList&lt;System.String&gt;" values="Off,Simple,Normal" value_wrap="false"/>
					<optionVideo name="Bloom" type="ComboBoxBool"/>
					<optionVideo name="SSAO" type="ComboBoxBool"/>
				</grid>
			</rect>
            <rect tab_key="headerUI">
                <rect pos="0,-35" size="578,28">
                    <label text="GENERAL" justify="center"></label>
                    <sprite pos="0,-45" type="sliced" height="2" color="255,255,255,128"/>
                </rect>
                <grid pos="8,-100" rows="13" cell_width="610" cell_height="45" repeat_content="false" arrangement="vertical" >
					<optionVideo name="UIBackgroundOpacity" type="ComboBoxFloat" value_increment="0.05" value_wrap="false" format_string="0%"/>
					<optionVideo name="UIForegroundOpacity" type="ComboBoxFloat" value_increment="0.05" value_wrap="false" format_string="0%" />
					<optionVideo name="ScreenBounds" type="ComboBoxFloat" value_increment="0.05" value_wrap="false" format_string="0%" />
					<optionVideo name="TempCelsius" type="ComboBoxBool" localization_prefix="xuiBoolCelsius" />
					<optionVideo name="JournalPopup" type="ComboBoxBool" />
                </grid>
                <rect pos="610,-35" size="578,28">
                    <label text="UNDEAD LEGACY" justify="center"></label>
                    <sprite pos="0,-45" type="sliced" height="2" color="255,255,255,128"/>
                </rect>
                <grid pos="618,-100" rows="13" cell_width="600" cell_height="45" repeat_content="false" arrangement="vertical">
                    <optionVideo name="AutoHideToolbelt" type="ComboBoxList&lt;System.String&gt;" values="Disabled,After 5s,After 10s,After 15s,After 20s,After 25s,After 30s" value_wrap="false"/>
                    <optionVideo name="AutoHideExpBar" type="ComboBoxList&lt;System.String&gt;" values="Disabled,After 5s,After 10s,After 15s,After 20s,After 25s,After 30s" value_wrap="false"/>
                    <optionVideo name="ShowPlayerLevelOnHUD" type="ComboBoxBool"/>
                    <optionVideo name="ShowBuffTimers" type="ComboBoxBool"/>
					<optionVideo name="ShowCarryWeight" type="ComboBoxList&lt;System.String&gt;" values="Off,Auto,Always on" value_wrap="false"/>
                    <optionVideo name="ShowStatValues" type="ComboBoxBool"/>
                    <optionVideo name="ShowTargetBlockHealth" type="ComboBoxBool"/>
                    <optionVideo name="ShowTargetHealth" type="ComboBoxBool"/>
                    <optionVideo name="ShowDayAndTime" type="ComboBoxBool"/>
                    <optionVideo name="ShowMeleeIcon" type="ComboBoxBool"/>
                    <optionVideo name="ShowDebugValues" type="ComboBoxBool"/>
                </grid>
            </rect>
        </rect>
    </rect>

	<ulmMenuButtonOptionsBack/>

    <ulmButtonOption name="btnDefaults"	text="xuiDefaults"	pos="33,-923" visible="{isTabUi}"/>
    <ulmButtonOption name="btnApply"	text="xuiApply"		pos="1061,-923" sound="[sfx_btn_start]"/>
</window>

<window name="progress" anchor="CenterCenter" pos="0,0" width="4224" height="1188" depth="-2" controller="ProgressWindow">
	<texture depth="0" style="menuBackground" pivot="center" anchor_bottom="#cam,0,-5" anchor_top="#cam,1,5"/>
    <texture depth="1" style="menuLogoLoading"/>
	<widget depth="10" anchor_left="#cam,0,25" anchor_bottom="#cam,0,150" pivot="bottomleft">
		<texture depth="10" style="menuLoading"/>
		<label depth="20" pos="250,-50" size="458,94" font_size="34" name="lblProgress" pivot="center" justify="center"/>
	</widget>
</window>

<window name="spawnselection" anchor="CenterCenter" pos="0,0" width="4224" height="1188" depth="-2" controller="SpawnSelectionWindow" cursor_area="true">
	<texture depth="0" style="menuBackground" pivot="center" anchor_bottom="#cam,0,-5" anchor_top="#cam,1,5"/>
    <texture depth="1" style="menuLogoLoading"/>
	<widget depth="10" anchor_left="#cam,0,25" anchor_bottom="#cam,0,150" pivot="bottomleft" visible="{progressVisible}">
		<texture depth="10" style="menuLoading"/>
		<label depth="20" pos="250,-50" size="458,94" font_size="34" name="lblProgress" pivot="center" justify="center"/>
	</widget>

	<rect depth="10" visible="{buttonsVisible}" pos="-197,40" size="394,286">
		<texture style="respawn"/>
		<panel style="header">
			<sprite style="header" sprite="ui_game_symbol_near_death_trauma"/>
			<label style="header" text_key="respawnTitleMessage"/>
		</panel>
        <grid pos="46,-108" rows="2" cols="1" cell_width="320" cell_height="70" repeat_content="false" arrangement="vertical">
			<ulmButtonRespawn name="btnSpawnOnBedroll" text="lblSpawnOnBedroll"/>
			<ulmButtonRespawn name="btnSpawnNearBedroll" text="lblSpawnNearBedroll"/>
		</grid>
	</rect>
</window>

<window name="toolTip" depth="500" size="100,25" controller="ToolTip" above_soft_cursor="true">
	<rect pos="-10,0">
		<sprite depth="0" name="sprBackgroundBorder" type="sliced" color="115,233,178,100"/>
		<sprite depth="1" name="sprBackground" pos="3,-3" type="sliced" color="0,0,0,200"/>
		<label depth="3" name="lblText" text="" pos="10,-6" font_size="24" overflow="resizefreely" color="[labelColor]" effect="outline"/>
	</rect>
</window>

</append>

</Subquake>