<Subquake>
    
<remove xpath="//lootcontainer[@id='64']"/> <!-- gas pump loot -->
<remove xpath="//lootcontainer[@id='65']"/> <!-- cntToilet01, cntToilet02, cntToilet03 -->
<remove xpath="//lootcontainer[@id='99']"/> <!-- cntWaterCoolerFull -->
<remove xpath="//lootcontainer[@id='120']"/> <!-- fuel cntBarrelGasOld -->
<remove xpath="//lootgroup[@name='automotive']/item[@name='ammoGasCan']"/>
    
<append xpath="//lootgroup[@name='automotive']">
	<item name="ulmAmmoFuelCanEmpty" count="1"/>
	<item name="ulmAmmoFuelGasoline" count="1" prob="0.5"/>
</append>
    
<append xpath="//lootgroup[@name='cupboard']">
	<item name="ulmDrinkPlasticBottleEmpty" count="1,4"/>
</append>
    
<append xpath="//lootgroup[@name='junk' or @name='beverages']">
	<item name="ulmDrinkPlasticBottleEmpty"/>
</append>
    
<append xpath="//lootgroup[@name='labEquipment']">
	<item name="ulmDrinkPlasticBottleEmpty" count="1,20"/>
</append>
    
<append xpath="//lootcontainer[@id='5' or @id='8' or @id='35' or @id='47']">
	<item name="ulmDrinkPlasticBottleEmpty" count="1,2"/>
</append>
    
</Subquake>