<Subquake>
    
<remove xpath="//recipe[@name='ammoGasCan']"/>
<remove xpath="//recipe[@name='ammoGasCanBundle']"/>
<remove xpath="//recipe[@name='thrownAmmoMolotovCocktail']"/>
    
<append xpath="/recipes">
    
<recipe name="thrownAmmoMolotovCocktail" always_unlocked="true">
	<ingredient name="drinkJarEmpty"/>
	<ingredient name="ulmAmmoFuelGasoline"/>
	<ingredient name="resourceOil"/>
	<ingredient name="resourceCloth"/></recipe>
    
<recipe name="ulmAmmoFuelGasoline" area="chemistryStation" tags="learnable,chemStationCrafting">
	<ingredient name="ulmAmmoFuelCanEmpty"/>
	<ingredient name="resourceOilShale" count="25"/>
	<ingredient name="resourceCoal"/></recipe>
    
<recipe name="ulmAmmoFuelCanEmpty" area="workbench">
	<ingredient name="resourceForgedSteel" count="4"/></recipe>
    
</append>
    
</Subquake>