<Subquake>
    
<remove xpath="//lootcontainer[@id='64']"/> <!-- gas pump loot -->
<remove xpath="//lootcontainer[@id='120']"/> <!-- fuel cntBarrelGasOld -->
<remove xpath="//lootgroup[@name='automotive']/item[@name='ammoGasCan']"/>
    
<append xpath="//lootgroup[@name='automotive']">
	<item name="ulmAmmoFuelCanEmpty" count="1"/>
	<item name="ulmAmmoFuelGasoline" count="1" prob="0.5"/>
</append>
<append xpath="//lootgroup[@name='modArmorT1']">
	<item name="ulmModArmorBackpackSmall"/>
</append>
<append xpath="//lootgroup[@name='modArmorT2']">
	<item name="ulmModArmorBackpackMedium"/>
</append>
<append xpath="//lootgroup[@name='modArmorT3']">
	<item name="ulmModArmorBackpackLarge"/>
</append>
    
</Subquake>