﻿<Subquake>  
	<!--[F] No Superior Quality -->
	<set xpath="/qualityinfo/quality[@key='0']/@color">E5E5E5</set>
	<!--[E] Junk -->
	<set xpath="/qualityinfo/quality[@key='1']/@color">A0A0A0</set>
	<!--[D] Common-->
	<set xpath="/qualityinfo/quality[@key='2']/@color">E5E5E5</set>
	<!--[C] Uncommon-->
	<set xpath="/qualityinfo/quality[@key='3']/@color">44E500</set>
	<!--[B] Rare-->
	<set xpath="/qualityinfo/quality[@key='4']/@color">709FFF</set>
	<!--[A] Epic-->
	<set xpath="/qualityinfo/quality[@key='5']/@color">CC00CC</set>
	<!--[S] Legendary-->
	<set xpath="/qualityinfo/quality[@key='6']/@color">EFBF00</set>
    <!-- Grey: A0A0A0 -->
    <!-- Dark White: E5E5E5 -->
    <!-- Yellow/Gold: F2DE00 -->
    <!-- Green: 44E500 -->
    <!-- Blue: 709FFF -->
    <!-- Purple: FF00FF -->
    
</Subquake>
