<Subquake>
    
<set xpath="//item_modifier[@name='modArmorStoragePocket']">
	<property name="DisplayType" value="modCarryCapacity"/>
	<property name="Material" value="Mleather"/>
	<property name="Stacknumber" value="1"/>
	<property name="CarryWeight" value="0.05"/>
    <property name="EconomicValue" value="100"/>
	<effect_group tiered="false">
		<passive_effect name="StatWeightMax" operation="base_add" value="10"/>
		<display_value name="dEncumbrance" value="20"/>
	</effect_group>
</set>
<set xpath="//item_modifier[@name='modArmorDoubleStoragePocket']">
	<property name="DisplayType" value="modCarryCapacity"/>
	<property name="Material" value="Mleather"/>
	<property name="Stacknumber" value="1"/>
	<property name="CarryWeight" value="0.1"/>
    <property name="EconomicValue" value="150"/>
	<effect_group tiered="false">
		<passive_effect name="StatWeightMax" operation="base_add" value="20"/>
		<display_value name="dEncumbrance" value="40"/>
	</effect_group>
</set>
<set xpath="//item_modifier[@name='modArmorTripleStoragePocket']">
	<property name="DisplayType" value="modCarryCapacity"/>
	<property name="Material" value="Mleather"/>
	<property name="Stacknumber" value="1"/>
	<property name="CarryWeight" value="0.15"/>
    <property name="EconomicValue" value="200"/>
	<effect_group tiered="false">
		<passive_effect name="StatWeightMax" operation="base_add" value="30"/>
		<display_value name="dEncumbrance" value="60"/>
	</effect_group>
</set>

<append xpath="//item_modifiers">
    
<item_modifier name="ulmModArmorBackpackSmall" installable_tags="chest" modifier_tags="backpack" type="attachment">
	<property name="DisplayType" value="modCarryCapacity"/>
	<property name="CustomIcon" value="ulmModBackpackMedium"/>
	<property name="Stacknumber" value="1"/>
	<property name="Material" value="Mleather"/>
	<property name="CarryWeight" value="0.2"/>
    <property name="EconomicValue" value="200"/>
	<effect_group tiered="false">
		<passive_effect name="StatWeightMax" operation="base_add" value="40"/>
		<display_value name="dEncumbrance" value="120"/>
	</effect_group>
</item_modifier>
	
<item_modifier name="ulmModArmorBackpackMedium" installable_tags="chest" modifier_tags="backpack" type="attachment">
	<property name="DisplayType" value="modCarryCapacity"/>
	<property name="CustomIcon" value="ulmModBackpackMedium"/>
	<property name="Stacknumber" value="1"/>
	<property name="Material" value="Mleather"/>
	<property name="Group" value="Backpack Mods,Equipment,Mods"/>
	<property name="CarryWeight" value="0.4"/>
    <property name="EconomicValue" value="400"/>
	<effect_group tiered="false">
		<passive_effect name="StatWeightMax" operation="base_add" value="80"/>
		<display_value name="dEncumbrance" value="180"/>
	</effect_group>
</item_modifier>

<item_modifier name="ulmModArmorBackpackLarge" installable_tags="chest" modifier_tags="backpack" type="attachment">
	<property name="DisplayType" value="modCarryCapacity"/>
	<property name="CustomIcon" value="ulmModBackpackMedium"/>
	<property name="Stacknumber" value="1"/>
	<property name="Material" value="Mleather"/>
	<property name="CarryWeight" value="0.6"/>
    <property name="EconomicValue" value="600"/>
	<effect_group tiered="false">
		<passive_effect name="StatWeightMax" operation="base_add" value="120"/>
		<display_value name="dEncumbrance" value="240"/>
	</effect_group>
</item_modifier>
</append>
    
</Subquake>