<Subquake>
<set xpath="/styles/style[@type='label']/style_entry[@name='upper_case']/@value">false</set>
<set xpath="/styles/global">
	<!-- NAMED COLORS -->
	<style_entry name="limeGreen" 				value="222,255,163,255"/>
	<style_entry name="tan" 					value="182,166,123,255"/>
	<style_entry name="beige" 					value="222,206,163"/>
	<style_entry name="borderColor" 			value="0,0,0"/>
	<style_entry name="darkestGrey" 			value="32,32,32"/>
	<style_entry name="darkGrey" 				value="64,64,64"/>
	<style_entry name="mediumGrey" 				value="96,96,96"/>
	<style_entry name="lightGrey" 				value="128,128,128"/>
	<style_entry name="white" 					value="255,255,255"/>
	<style_entry name="black" 					value="0,0,0"/>
	<style_entry name="red" 					value="255,0,0"/>
	<style_entry name="green" 					value="0,255,0"/>
	<style_entry name="transparent" 			value="0,0,0,0"/>
	<style_entry name="white_half_alpha" 		value="255,255,255,128"/>
	<style_entry name="mediumGrey_half_alpha" 	value="96,96,96,128"/>
	<style_entry name="darkGrey_half_alpha" 	value="64,64,64,128"/>
	<style_entry name="black_half_alpha" 		value="0,0,0,128"/>
	<style_entry name="white_quarter_alpha" 	value="255,255,255,192"/>

	<!-- COLORS -->
	<style_entry name="DECEA3"					value="222,206,163,255"/>
	<style_entry name="iconColor" 				value="255,255,255,255"/>
	<style_entry name="labelColor" 				value="255,255,255,255"/>
	<style_entry name="labelColor2" 			value="221,205,163,255"/>
	<style_entry name="labelColor3" 			value="221,205,163,200"/>
	<style_entry name="disabledColor"			value="160,160,160,255"/>
	<style_entry name="hoverColor"				value="0,255,135,255"/>
	<style_entry name="selectedColor" 			value="100,255,135,255"/>
	<style_entry name="disabledLabelColor"		value="160,160,160,255"/>
	
	<!-- NAMED SPRITES -->
	<style_entry name="default_sprite" 			value="menu_empty"/>
	
	<!-- NAMED SOUNDS -->
    <style_entry name="default_click" 			value="Sounds/UI/ui_menu_click"/>
    <style_entry name="default_hover" 			value="Sounds/UI/ui_hover"/>
	<style_entry name="start" 					value="Sounds/UI/ui_menu_start"/>
	<style_entry name="back" 					value="Sounds/UI/ui_menu_back"/>
	<style_entry name="craft_click" 			value="Sounds/Crafting/craft_click_craft"/>
	<style_entry name="paging_click"			value="Sounds/UI/ui_tab"/>
	<style_entry name="recipe_click" 			value="Sounds/Crafting/craft_click_recipe"/>
	<style_entry name="pickup_click" 			value="Sounds/Crafting/craft_take_item"/>
	<style_entry name="place_click" 			value="Sounds/Crafting/craft_place_item"/>
	<style_entry name="remove_waypoint" 		value="Sounds/UI/ui_waypoint_delete"/>
	
    <style_entry name="sfx_btn_menu_hover"		value="#../../Mods/UndeadLegacy/Resources/Subquake_Sounds?Click02"/>
    <style_entry name="sfx_btn_menu_next"		value="#../../Mods/UndeadLegacy/Resources/Subquake_Sounds?Select01a"/>
    <style_entry name="sfx_btn_menu_back"		value="#../../Mods/UndeadLegacy/Resources/Subquake_Sounds?Select01b"/>
    <style_entry name="sfx_btn_next"			value="#../../Mods/UndeadLegacy/Resources/Subquake_Sounds?Click04a"/>
    <style_entry name="sfx_btn_prev"			value="#../../Mods/UndeadLegacy/Resources/Subquake_Sounds?Click04a"/>
    <style_entry name="sfx_btn_tab"				value="#../../Mods/UndeadLegacy/Resources/Subquake_Sounds?Select02b"/>
    <style_entry name="sfx_btn_dialog"	        value="#../../Mods/UndeadLegacy/Resources/Subquake_Sounds?Select03"/>
    <style_entry name="sfx_btn_category"		value="#../../Mods/UndeadLegacy/Resources/Subquake_Sounds?Select03"/>
    <style_entry name="sfx_btn_basic_1"			value="#../../Mods/UndeadLegacy/Resources/Subquake_Sounds?Click04a"/>
    <style_entry name="sfx_btn_basic_2"			value="#../../Mods/UndeadLegacy/Resources/Subquake_Sounds?Click01a"/>
    <style_entry name="sfx_btn_start"			value="#../../Mods/UndeadLegacy/Resources/Subquake_Sounds?Deep01"/>

</set>

<append xpath="/styles">


<!-- Undead Legacy 2.0 -->
	
<style name="button32" type="texture">
	<style_entry name="depth" value="1"/>
	<style_entry name="pos" value="-7,7"/>
	<style_entry name="size" value="46,46"/>
	<style_entry name="texture" value="@file:Mods/UndeadLegacy/Textures/btn_46x46.png"/></style>

<style name="buttonLoadSave" type="rect">
	<style_entry name="on_press" value="true"/>
	<style_entry name="on_doubleclick" value="true"/>
	<style_entry name="on_hover" value="true"/>
	<style_entry name="on_scroll" value="true"/>
	<style_entry name="sound" value="[sfx_btn_basic_2]"/>
	<style_entry name="sound_play_on_press" value="true"/>
	<style_entry name="sound_volume" value="0.75"/></style>
	
<style name="buttonLoadSave" type="texture">
	<style_entry name="depth" value="1"/>
	<style_entry name="pos" value="-10,10"/>
	<style_entry name="size" value="490,126"/>
	<style_entry name="texture" value="@file:Mods/UndeadLegacy/Textures/btn_load.png"/></style>

<style name="buttonLoadSaveHover" type="texture">
	<style_entry name="depth" value="1"/>
	<style_entry name="pos" value="-10,10"/>
	<style_entry name="size" value="490,126"/>
	<style_entry name="texture" value="@file:Mods/UndeadLegacy/Textures/btn_load_h.png"/></style>

<style name="buttonOptionApply" type="texture">
	<style_entry name="depth" value="1"/>
	<style_entry name="pos" value="-10,10"/>
	<style_entry name="size" value="196,62"/>
	<style_entry name="texture" value="@file:Mods/UndeadLegacy/Textures/btn_opt_apply.png"/></style>

<style name="buttonRespawn" type="texture">
	<style_entry name="depth" value="1"/>
	<style_entry name="pos" value="-10,10"/>
	<style_entry name="size" value="316,62"/>
	<style_entry name="texture" value="@file:Mods/UndeadLegacy/Textures/btn_respawn.png"/></style>
	
<style name="buttonMenu" type="texture">
	<style_entry name="pos" value="-58,-5"/>
	<style_entry name="size" value="376,72"/>
	<style_entry name="atlas" value="UI"/>
	<style_entry name="texture" value="@file:Mods/UndeadLegacy/Textures/btn_menu.png"/></style>

<style name="buttonMenu" type="button">
	<style_entry name="name" value="clickable"/>
	<style_entry name="pos" value="-58,-5"/>
	<style_entry name="size" value="376,72"/>
	<style_entry name="type" value="Sliced"/>
	<style_entry name="atlas" value="UIAtlas"/>
	<style_entry name="sprite" value="ui_empty"/>
	<style_entry name="hoverscale" value="1.0"/>
	<style_entry name="disabled_font_color" value="0,0,0,128"/>
	<style_entry name="disabledcolor" value="0,0,0,128"/>
	<style_entry name="defaultcolor" value="0,0,0,1"/>
	<style_entry name="hovercolor" value="0,255,170,32"/>
	<style_entry name="sound_volume" value="1.0"/>
	<style_entry name="sound_play_on_press" value="true"/>
	<style_entry name="sound_hover" value="[sfx_btn_menu_hover]"/>
	<style_entry name="sound_hover_volume" value="0.2"/></style>
	
<style name="buttonMenuHover" type="texture">
	<style_entry name="texture" value="@file:Mods/UndeadLegacy/Textures/btn_menu_h.png"/></style>

<style name="buttonTab" type="label">
	<style_entry name="depth" value="1"/>
	<style_entry name="size" value="172,28"/>
	<style_entry name="pos" value="0,-16"/>
	<style_entry name="font_size" value="28"/>
	<style_entry name="name" value="btnLabel"/>
	<style_entry name="justify" value="center"/>
	<style_entry name="effect" value="outline"/>
	<style_entry name="color" value="[labelColor]"/></style>

<style name="buttonTab" type="button">
	<style_entry name="depth" value="0"/>
	<style_entry name="size" value="172,52"/>
	<style_entry name="name" value="clickable"/>
	<style_entry name="type" value="sliced"/>
	<style_entry name="defaultcolor" value="0,0,0,1"/>
	<style_entry name="disabledcolor" value="64,64,64,1"/>
	<style_entry name="selectedsprite" value="ui_btn_tab_selected"/>
	<style_entry name="selectedcolor" value="[white]"/>
	<style_entry name="hoversprite" value="ui_btn_tab_hover"/>
	<style_entry name="hovercolor" value="[white]"/>
	<style_entry name="hoverscale" value="1.0"/>
	<style_entry name="on_press" value="true"/>
	<style_entry name="sound" value="[sfx_btn_tab]"/>
	<style_entry name="sound_play_on_press" value="true"/>
	<style_entry name="sound_volume" value="0.75"/>
	<style_entry name="foregroundlayer" value="false"/></style>

<style name="ulmButton138x36" type="button">
	<style_entry name="depth" value="1"/>
	<style_entry name="size" value="134,32"/>
	<style_entry name="name" value="clickable"/>
	<style_entry name="type" value="sliced"/>
	<style_entry name="hoverscale" value="1.0"/>
	<style_entry name="sprite" value="ui_btn_138x36"/>
	<style_entry name="hoversprite" value="ui_btn_138x36_h"/>
	<style_entry name="hovercolor" value="[white]"/>
	<style_entry name="on_press" value="true"/>
	<style_entry name="sound" value="[paging_click]"/>
	<style_entry name="sound_play_on_press" value="true"/>
	<style_entry name="sound_volume" value="0.75"/></style>

<style name="ulmButton138x36" type="label">
	<style_entry name="depth" value="1"/>
	<style_entry name="size" value="134,26"/>
	<style_entry name="pos" value="0,-5"/>
	<style_entry name="font_size" value="20"/>
	<style_entry name="name" value="windowName"/>
	<style_entry name="justify" value="center"/>
	<style_entry name="effect" value="outline"/>
	<style_entry name="color" value="[labelColor]"/>
    <style_entry name="upper_case" value="true"/></style>

<style name="ulmButton138x36" type="sprite">
	<style_entry name="depth" value="1"/>
	<style_entry name="name" value="windowIcon"/>
	<style_entry name="size" value="20,20"/>
	<style_entry name="color" value="255,255,255,128"/>
	<style_entry name="pos" value="6,-6"/></style>

<style name="ulmButton138x36" type="texture">
	<style_entry name="depth" value="0"/>
	<style_entry name="pos" value="-7,7"/>
	<style_entry name="size" value="148,46"/>
	<style_entry name="texture" value="@file:Mods/UndeadLegacy/Textures/btn_138x36.png"/></style>

<style name="ulmButtonUnbind" type="sprite">
	<style_entry name="depth" value="1"/>
	<style_entry name="size" value="32,32"/>
	<style_entry name="type" value="sliced"/>
	<style_entry name="sprite" value="ui_btn_unbind"/>
	<style_entry name="pivot" value="center"/></style>

<style name="ulmButtonUnbind" type="button">
	<style_entry name="depth" value="10"/>
	<style_entry name="size" value="32,32"/>
	<style_entry name="name" value="clickable"/>
	<style_entry name="type" value="sliced"/>
	<style_entry name="sprite" value="ui_btn_unbind_h"/>
	<style_entry name="defaultcolor" value="0,0,0,1"/>
	<style_entry name="disabledcolor" value="64,64,64,1"/>
	<style_entry name="selectedsprite" value="ui_btn_unbind_h"/>
	<style_entry name="selectedcolor" value="[white]"/>
	<style_entry name="hoversprite" value="ui_btn_unbind_h"/>
	<style_entry name="hovercolor" value="[white]"/>
	<style_entry name="hoverscale" value="1.0"/>
	<style_entry name="pivot" value="center"/>
	<style_entry name="on_press" value="true"/>
	<style_entry name="sound" value="[sfx_btn_tab]"/>
	<style_entry name="sound_play_on_press" value="true"/>
	<style_entry name="sound_volume" value="0.75"/>
	<style_entry name="foregroundlayer" value="true"/></style>

<style name="header" type="panel">
	<style_entry name="depth" value="1"/>
	<style_entry name="name" value="header"/>
	<style_entry name="pos" value="25,-25"/>
	<style_entry name="disableautobackground" value="true"/></style>

<style name="header" type="sprite">
	<style_entry name="depth" value="2"/>
	<style_entry name="name" value="windowIcon"/>
	<style_entry name="pivot" value="center"/>
	<style_entry name="size" value="24,24"/>
	<style_entry name="pos" value="15,-15"/>
	<style_entry name="atlas" value="UIAtlas"/>
	<style_entry name="sprite" value="transparent"/>
	<style_entry name="color" value="[labelColor]"/>
	<style_entry name="foregroundlayer" value="true"/></style>

<style name="header" type="label">
	<style_entry name="depth" value="2"/>
	<style_entry name="name" value="windowName"/>
	<style_entry name="pos" value="35,0"/>
	<style_entry name="size" value="280,30"/>
	<style_entry name="font_size" value="30"/>
	<style_entry name="color" value="[labelColor]"/>
	<style_entry name="effect" value="outline"/>
	<style_entry name="effect_color" value="[black]"/>
	<style_entry name="effect_distance" value="1,1"/>
	<style_entry name="foregroundlayer" value="true"/></style>

<style name="hidden">
	<style_entry name="size" value="0,0"/></style>
	
<style name="inputOption" type="texture">
	<style_entry name="depth" value="0"/>
	<style_entry name="pos" value="0,7"/>
	<style_entry name="size" value="300,46"/>
	<style_entry name="texture" value="@file:Mods/UndeadLegacy/Textures/input_option.png"/></style>
	
<style name="inputOptionLabel" type="texture">
	<style_entry name="depth" value="0"/>
	<style_entry name="pos" value="-16,7"/>
	<style_entry name="size" value="310,46"/>
	<style_entry name="texture" value="@file:Mods/UndeadLegacy/Textures/input_option_label.png"/></style>
	
<style name="inputOptionLabelNarrow" type="texture">
	<style_entry name="depth" value="0"/>
	<style_entry name="pos" value="-16,7"/>
	<style_entry name="size" value="310,46"/>
	<style_entry name="texture" value="@file:Mods/UndeadLegacy/Textures/input_option_label_narrow.png"/></style>
	
<style name="inputPaging" type="label">
	<style_entry name="depth" value="2"/>
	<style_entry name="name" value="pageNumber"/>
	<style_entry name="size" value="148,30"/>
	<style_entry name="font_size" value="30"/>
	<style_entry name="pos" value="0,-1"/>
	<style_entry name="text" value="1"/>
	<style_entry name="justify" value="center"/>
	<style_entry name="color" value="[labelColor]"/></style>

<style name="inputPaging" type="button">
	<style_entry name="depth" value="2"/>
	<style_entry name="size" value="32,32"/>
	<style_entry name="pos" value="7,0"/>
	<style_entry name="type" value="sliced"/>
	<style_entry name="hoverscale" value="1.0"/>
	<style_entry name="sprite" value="ui_btn_page_up"/>
	<style_entry name="hoversprite" value="ui_btn_page_up_h"/>
	<style_entry name="disabledsprite" value="ui_btn_page_up"/>
	<style_entry name="disabled_font_color" value="0,0,0,128"/>
	<style_entry name="disabledcolor" value="255,255,255,128"/>
	<style_entry name="defaultcolor" value="[white]"/>
	<style_entry name="hovercolor" value="[white]"/>
	<style_entry name="on_press" value="true"/>
    <style_entry name="sound" value="[sfx_btn_next]"/>
	<style_entry name="sound_play_on_press" value="true"/>
	<style_entry name="sound_volume" value="0.75"/>
	<style_entry name="foregroundlayer" value="true"/></style>
	
<style name="inputPaging" type="texture">
	<style_entry name="depth" value="0"/>
	<style_entry name="pos" value="0,7"/>
	<style_entry name="size" value="148,46"/>
	<style_entry name="texture" value="@file:Mods/UndeadLegacy/Textures/input_paging.png"/></style>
	
<style name="inputSearch" type="texture">
	<style_entry name="depth" value="1"/>
	<style_entry name="size" value="216,46"/>
	<style_entry name="texture" value="@file:Mods/UndeadLegacy/Textures/input_search.png"/></style>

<style name="outline">
	<style_entry name="effect" value="outline"/>
	<style_entry name="effect_color" value="[black]"/>
	<style_entry name="effect_distance" value="1,1"/></style>

<style name="menuAudio" type="texture">
	<style_entry name="depth" value="0"/>
	<style_entry name="size" value="650,1000"/>
	<style_entry name="texture" value="@file:Mods/UndeadLegacy/Textures/menu_audio.png"/></style>

<style name="menuLogo" type="texture">
	<style_entry name="depth" value="1"/>
	<style_entry name="pos" value="130,300"/>
	<style_entry name="pivot" value="center"/>
	<style_entry name="size" value="400,250"/>
	<style_entry name="foregroundlayer" value="true"/>
	<style_entry name="texture" value="@file:Mods/UndeadLegacy/Textures/logo_menu.png"/></style>

<style name="menuLogoLoading" type="texture">
	<style_entry name="depth" value="1"/>
	<style_entry name="pos" value="-400,500"/>
	<style_entry name="size" value="800,480"/>
	<style_entry name="foregroundlayer" value="true"/>
	<style_entry name="texture" value="@file:Mods/UndeadLegacy/Textures/logo.png"/></style>

<style name="menuBackground" type="texture">
	<style_entry name="depth" value="0"/>
	<style_entry name="texture" value="@file:Mods/UndeadLegacy/Textures/menu_bg.jpg"/></style>

<style name="menuContinue" type="texture">
	<style_entry name="depth" value="0"/>
	<style_entry name="size" value="1400,1000"/>
	<style_entry name="texture" value="@file:Mods/UndeadLegacy/Textures/menu_continue.png"/></style>

<style name="menuControls" type="texture">
	<style_entry name="depth" value="0"/>
	<style_entry name="size" value="1427,1000"/>
	<style_entry name="texture" value="@file:Mods/UndeadLegacy/Textures/menu_controls.png"/></style>

<style name="menuLoading" type="texture">
	<style_entry name="pos" value="0,25"/>
	<style_entry name="size" value="500,150"/>
	<style_entry name="texture" value="@file:Mods/UndeadLegacy/Textures/loading.png"/></style>

<style name="menuMain" type="texture">
	<style_entry name="depth" value="0"/>
	<style_entry name="pos" value="130,0"/>
	<style_entry name="pivot" value="center"/>
	<style_entry name="size" value="400,2000"/>
	<style_entry name="texture" value="@file:Mods/UndeadLegacy/Textures/menu.png"/></style>

<style name="menuVideo" type="texture">
	<style_entry name="depth" value="0"/>
	<style_entry name="size" value="1270,1000"/>
	<style_entry name="texture" value="@file:Mods/UndeadLegacy/Textures/menu_video.png"/></style>

<style name="patchNotesText" type="texture">
	<style_entry name="depth" value="2"/>
	<style_entry name="size" value="750,395"/>
	<style_entry name="pos" value="30,-73"/>
	<style_entry name="texture" value="@http://ul.subquake.com/patch_notes.php"/>
	<style_entry name="foregroundlayer" value="true"/></style>

<style name="patchNotes" type="texture">
	<style_entry name="depth" value="0"/>
	<style_entry name="size" value="800,500"/>
	<style_entry name="texture" value="@file:Mods/UndeadLegacy/Textures/patch_notes.png"/></style>

<style name="respawn" type="texture">
	<style_entry name="depth" value="0"/>
	<style_entry name="size" value="394,286"/>
	<style_entry name="texture" value="@file:Mods/UndeadLegacy/Textures/respawn.png"/></style>

<!-- Old stuff -->

<style name="sfx_press">
	<style_entry name="on_press" value="true"/>
	<style_entry name="sound" value="[sfx_btn_basic_1]"/>
	<style_entry name="sound_play_on_press" value="true"/>
	<style_entry name="sound_volume" value="0.75"/></style>

<style name="ulm_Line" type="sprite">
	<style_entry name="pos" value="0,-27"/>
	<style_entry name="height" value="1"/>
	<style_entry name="width" value="100%"/>
	<style_entry name="color" value="255,255,255,50"/></style>

<style name="ulm_button_menu_medium" type="texture">
	<style_entry name="pos" value="-10,-5"/>
	<style_entry name="size" value="200,52"/>
	<style_entry name="texture" value="#ulm_interface?t_button_menu"/></style>

<style name="ulm_button_menu_medium_h" type="texture">
	<style_entry name="pos" value="0,0"/>
	<style_entry name="size" value="200,52"/>
	<style_entry name="texture" value="#ulm_interface?t_button_menu_hover"/></style>

<style name="ulm_button_menu_medium" type="button">
	<style_entry name="pos" value="-10,-5"/>
	<style_entry name="size" value="200,52"/>
	<style_entry name="type" value="Sliced"/>
	<style_entry name="sprite" value="ui_empty"/>
	<style_entry name="hoversprite" value="ui_empty"/>
	<style_entry name="hoverscale" value="1.0"/>
	<style_entry name="disabled_font_color" value="0,0,0,128"/>
	<style_entry name="disabledcolor" value="0,0,0,128"/>
	<style_entry name="defaultcolor" value="0,0,0,1"/>
	<style_entry name="hovercolor" value="0,255,170,32"/>
	<style_entry name="sound_volume" value="1.0"/>
	<style_entry name="sound_play_on_press" value="true"/>
	<style_entry name="sound_hover" value="[sfx_btn_menu_hover]"/>
	<style_entry name="sound_hover_volume" value="0.2"/></style>

<style name="ulmmenu_confirm" type="texture">
	<style_entry name="depth" value="0"/>
	<style_entry name="size" value="600,270"/>
	<style_entry name="texture" value="@file:Mods/UndeadLegacy/Textures/menu_confirm.png"/></style>

</append>
</Subquake>