<Subquake>
    
<set xpath="//buff[@name='god']/effect_group/passive_effect[@name='CarryCapacity']/@value">300</set>
    
<append xpath="//buff[@name='buffStatusCheck01']">
    <effect_group>
        <!-- Encumbrance -->
        <requirement name="CVarCompare" cvar="$ulmStatEncumbered" operation="GT" value="0"/>
        <requirement name="NotHasBuff" buff="god"/>
        <triggered_effect trigger="onSelfBuffUpdate" action="AddBuff" buff="ulmDebuffEncumbred"/>
    </effect_group>
</append>

<append xpath="/buffs">
    
<buff name="ulmDebuffEncumbred" name_key="buffEncumberedInvName" description_key="buffEncumberedInvDesc" tooltip_key="buffEncumberedInvTooltip" icon="symbol_weight" icon_color="255,128,0">
	<stack_type value="ignore"/>
	<damage_type value="stun"/>
	<update_rate value="2.1"/>
	<effect_group>
		<passive_effect name="Mobility" operation="perc_subtract" value="@$ulmStatEncumbered"/>
	</effect_group>
	<effect_group>
        <requirements compare_type="or">
            <requirement name="HasBuff" buff="god"/>
			<requirement name="CVarCompare" cvar="$ulmStatEncumbered" operation="LTE" value="0"/>
        </requirements>
		<triggered_effect trigger="onSelfBuffUpdate" action="RemoveBuff" buff="ulmDebuffEncumbred"/>
	</effect_group>
</buff>
    
</append>
    
</Subquake>