<Subquake>
<set xpath="//window[@name='windowRadial']">
	<rect name="radialPanel" repeat_content="true" count="12" pivot="center">
		<radial_entry id="0"/>
		<radial_entry id="1"/>
		<radial_entry id="2"/>
		<radial_entry id="3"/>
		<radial_entry id="4"/>
		<radial_entry id="5"/>
		<radial_entry id="6"/>
		<radial_entry id="7"/>
		<radial_entry id="8"/>
		<radial_entry id="9"/>
		<radial_entry id="10"/>
		<radial_entry id="11"/>
		<texture style="ulmRadialCore"/>
		<label depth="10" name="selection" size="200,120" pivot="center" justify="center" text=" " font_size="40" visible="false" upper_case="true" style="outline"/>
	</rect>
</set>

<remove xpath="//window[@name='buffInfoPanel']"/>
<remove xpath="//window[@name='CharacterFrameWindow']"/>
<remove xpath="//window[@name='emptyInfoPanel']"/>
<remove xpath="//window[@name='ingameMenu']"/>
<remove xpath="//window[@name='interactionPrompt']"/>
<remove xpath="//window[@name='itemInfoPanel']"/>
<remove xpath="//window[@name='mapArea']"/>
<remove xpath="//window[@name='mapAreaChooseWaypoint']"/>
<remove xpath="//window[@name='mapTracking']"/>
<remove xpath="//window[@name='mapInvites']"/>
<remove xpath="//window[@name='serviceInfoPanel']"/>
<remove xpath="//window[@name='toolTip']"/>
<remove xpath="//window[@name='windowAssemble']"/>
<remove xpath="//window[@name='windowBackpack']"/>
<remove xpath="//window[@name='windowCompass']"/>
<remove xpath="//window[@name='windowCraftingList']"/>
<remove xpath="//window[@name='windowCraftingQueue']"/>
<remove xpath="//window[@name='windowCreative']"/>
<remove xpath="//window[@name='windowJournalEntryDescription']"/>
<remove xpath="//window[@name='windowJournalList']"/>
<remove xpath="//window[@name='windowLooting']"/>
<remove xpath="//window[@name='windowMaterials']"/>
<remove xpath="//window[@name='windowMaterialInfo']"/>
<remove xpath="//window[@name='windowPagingHeader']"/>
<remove xpath="//window[@name='windowQuestDescription']"/>
<remove xpath="//window[@name='windowQuestList']"/>
<remove xpath="//window[@name='windowQuestObjectives']"/>
<remove xpath="//window[@name='windowQuestRewards']"/>
<remove xpath="//window[@name='windowQuestSharedList']"/>
<remove xpath="//window[@name='windowQuestTracker']"/>
<remove xpath="//window[@name='windowQuestTurnInDescription']"/>
<remove xpath="//window[@name='windowQuestTurnInRewards']"/>
<remove xpath="//window[@name='windowRespondentName']"/>
<remove xpath="//window[@name='windowResponses']"/>
<remove xpath="//window[@name='windowShapeBlocks']"/>
<remove xpath="//window[@name='windowShapeInfo']"/>
<remove xpath="//window[@name='windowSignEdit']"/>
<remove xpath="//window[@name='windowStatement']"/>
<remove xpath="//window[@name='windowTargetBar']"/>
<remove xpath="//window[@name='windowToolbelt']"/>
<remove xpath="//window[@name='windowTrader']"/>
<remove xpath="//window[@name='windowVehicle']"/>
<remove xpath="//window[@name='windowVehicleStorage']"/>

<append xpath="/windows">

<window name="buffInfoPanel" depth="1" size="0,0" anchor="Center" panel="Center" controller="BuffInfoWindow">
	<texture style="ulmInfoPanelBuff"/>
	<panel style="ulmHeader">
		<sprite style="ulmHeader" sprite="{bufficon|once}"/>
		<label style="ulmHeader" text="{buffname|once}"/>
	</panel>
	<rect depth="1" name="contentBuffInfo" disableautobackground="true">
		<rect depth="2" name="description" pos="27,-50">
			<label name="descriptionText" size="300,555" font_size="25" text="{buffdescription|once}"/>
		</rect>
		<rect name="preview">
			<sprite name="preview" style="hidden"/>
			<sprite name="itemPreview" style="hidden"/>
		</rect>
		<grid name="itemActions" pos="174,5000" size="1,1" rows="5" cols="1" cell_width="1" cell_height="1" controller="ItemActionList" repeat_content="true">
			<item_action_entry/>
		</grid>
		<grid rows="3" cols="4" pos="12,-624" cell_width="80" cell_height="82" repeat_content="true" controller="BuffItemList">
			<ulmBuffInfo name="0"/>
		</grid>
        <!--
		<grid name="itemProperties" rows="10" cols="1" pos="25,-212" width="453" height="100%" cell_width="226" cell_height="27" arrangement="vertical" controller="BuffPropertyList" repeat_content="true">
			<buff_property_entry/>
		</grid>
        -->
	</rect>
</window>
    
<window name="CharacterFrameWindow" depth="1" size="487,920" panel="Left" controller="CharacterFrameWindow" defaultcolor="[white]" hoveredcolor="[selectedColor]" cursor_area="true">
	
	<panel style="ulmHeader">
		<sprite style="ulmHeader" sprite="ui_game_symbol_character"/>
		<label style="ulmHeader" name="characterName" text="{itemname}"/>
		<label style="ulmHeader" width="430" name="levelNumber" justify="right"/>
	</panel>
	<grid pos="17,-38" rows="1" cols="3" cell_width="163" cell_height="52" repeat_content="false">
		<ulmButtonTab width="161" height="52" id="coreStatButton" caption_key="uiPlayerStats" click_sound="[sfx_btn_category]" selected="true"/>
		<ulmButtonTab width="161" height="52" id="effectsButton" caption_key="uiPlayerEffects" click_sound="[sfx_btn_category]"/>
		<ulmButtonTab width="160" height="52" id="previewButton" caption_key="uiPlayerPreview" click_sound="[sfx_btn_category]"/>
	</grid>
    
	<rect controller="ActiveBuffWindow" visible="{showPlayerEffects}">
		<texture style="ulmPlayerEffects"/>
		<grid pos="25,-105" name="buffs" rows="10" cols="1" cell_width="470" cell_height="70" repeat_content="true" controller="ActiveBuffList">
			<active_buff_entry/>
		</grid>
		<ulmPaging pos="182,-775"/>
	</rect>
	<rect visible="{showPlayerCoreStats}">
		<texture style="ulmPlayerStats"/>
		<grid depth="1" pos="25,-99" name="inventory" rows="5" cols="2" cell_width="0" cell_height="0" controller="EquipmentStackGrid" repeat_content="false" arrangement="vertical">
			<equipment_stack name="0" x="4" y="0"/><!-- Armor: Helmet -->
			<equipment_stack name="1" x="0" y="0"/><!-- Eyewear -->
			<equipment_stack name="2" x="0" y="1"/><!-- Face -->
			<equipment_stack name="3" x="0" y="2"/><!-- Jacket/Overcoat -->
			<equipment_stack name="4" x="4" y="1"/><!-- Armor: Chest -->
			<equipment_stack name="5" x="0" y="3"/><!-- Shirt -->
			<equipment_stack name="6" x="4" y="2"/><!-- Armor: Gloves -->
			<equipment_stack name="7" x="4" y="3"/><!-- Armor: Leg  -->
			<equipment_stack name="8" x="0" y="4"/><!-- Pants -->
			<equipment_stack name="9" x="4" y="4"/><!-- Armor: Boots -->
		</grid>
		<grid pos="173,-495" rows="1" cols="6" cell_width="70" cell_height="60" repeat_content="false" arrangement="horizontal">
			<ulmPlayerStatArmor id="ResistPhysical"	    icon="symbol_shield"/>
			<ulmPlayerStatArmor id="ResistCold"		    icon="symbol_cold"/>
			<ulmPlayerStatArmor id="ResistHeat"		    icon="symbol_heat"/>
            <!--
			<ulmPlayerStatArmor id="ResistRadiation"    icon="symbol_radiation"/>
			<ulmPlayerStatArmor id="ResistDiseases"     icon="symbol_bacteria"/>
			<ulmPlayerStatArmor id="ResistInfection"    icon="symbol_infection"/>
            -->
		</grid>
		<rect pos="25,-569">
			<sprite style="ulmHeader" sprite="symbol_attributes"/>
			<label style="ulmHeader" text_key="uiPlayerStats"/>
			<ulmButton pos="319,1" id="characterButton" caption_key="uiPlayerStatsLess" visible="{showPlayerStats}" upper_case="true"/>
			<ulmButton pos="319,1" id="statButton" caption_key="uiPlayerStatsMore" visible="{showPlayer}" upper_case="true"/>
			<grid pos="0,-44" rows="7" cols="2" cell_width="238" cell_height="28" repeat_content="false" arrangement="vertical">
				<ulmPlayerStat id="Health"			value="{playerHealth}/{playerHealthMax}"/>
				<ulmPlayerStat id="HealthRegen"     value="{playerHealthRegen}"/>
				<ulmPlayerStat id="Healing"         value="{playerHealing}"/>
				<ulmPlayerStat id="Stamina"			value="{playerStamina}/{playerStaminaMax}"/>
				<ulmPlayerStat id="StaminaRegen"    value="{playerStaminaRegen}"/>
                <ulmPlayerStat id="Food"			value="{playerFoodVanillaCurrentWithMax}"/>
                <ulmPlayerStat id="Water"			value="{playerWaterVanillaCurrentWithMax}"/>
				<ulmPlayerStat id="Damage"			value="{playerEntityDamage}"/>
				<ulmPlayerStat id="BlockDamage"		value="{playerBlockDamage}"/>
				<ulmPlayerStat id="CoreTemp"		value="{playerCoreTemp}"/>
				<ulmPlayerStat id="Mobility"		value="{playerMobility}"/>
				<ulmPlayerStat id="JumpStrength"	value="{playerJumpStrength}"/>
				<ulmPlayerStat id="LootBonus"		value="{playerLootBonus}"/>
				<ulmPlayerStat id="ExpRate"	    	value="{playerExpRate}"/>
			<!--<ulmPlayerStat id="Alcohol"			value="{playerAlcoholWithMax}"/>
			    <ulmPlayerStat id="Water"			value="{playerWaterWithMax}"/>
				<ulmPlayerStat id="Fat"				value="{playerFatWithMax}"/>
				<ulmPlayerStat id="Carbs"			value="{playerCarbsWithMax}"/>
				<ulmPlayerStat id="Protein"			value="{playerProteinWithMax}"/>
				<ulmPlayerStat id="Vitamins"		value="{playerVitaminsWithMax}"/>
				<ulmPlayerStat id="Wellness"		value="{playerWellnessWithMax}"/>-->
			</grid>
		</rect>
		<rect pos="-259,0" depth="1" visible="{showPlayerStats}">
			<texture style="ulmPlayerStatsMore"/>
			<panel style="ulmHeader">
				<sprite style="ulmHeader" sprite="symbol_attributes"/>
				<label style="ulmHeader" text="Advanced Details" text_key="uiPlayerStatsAdvanced"/>
			</panel>
			<grid pos="25,-50" rows="27" cols="1" cell_width="238" cell_height="28" repeat_content="false" arrangement="vertical">
				<ulmPlayerStat id="KilledZombies"   value="{playerKilledZombies}"/>
				<ulmPlayerStat id="KilledPlayers"   value="{playerKilledPlayers}"/>
				<ulmPlayerStat id="Deaths"          value="{playerDeaths}"/>
				<ulmPlayerStat id="ItemsCrafted"    value="{playerItemsCrafted}"/>
				<ulmPlayerStat id="Travelled"       value="{playerTravelled}"/>
				<ulmPlayerStat id="CurrentLife"     value="{playerCurrentLife}"/>
				<ulmPlayerStat id="LongestLife"     value="{playerLongestLife}"/>
				<ulmPlayerStat id="ExpToNextLevel"  value="{playerExpToNextLevel}"/>
				<ulmPlayerStat id="TreasureRadius"  value="{playerTreasureRadius}"/>
				<ulmPlayerStat id="CraftingTier"    value="{playerCraftingTier}"/>
                <!--
				<ulmPlayerStat id="FoodRate"/>
				<ulmPlayerStat id="WaterRate"/>-->
			</grid>
		</rect>
	</rect>
	<rect visible="{showPlayerPreview}">
		<texture style="ulmPlayerPreview"/>
		<panel depth="2" name="previewFrame" pos="0,-95" size="504,710" on_press="true" on_hover="true" snap="false" disableautobackground="true">
			<texture name="playerPreview" material="Materials/Transparent Colored" size="504,710" globalopacity="false"/>
		</panel>
	</rect>
</window>
    
<window name="itemInfoPanel" depth="1" size="347,0" anchor="Center" panel="Center" controller="ItemInfoWindow" cursor_area="true">
	<texture style="ulmInfoPanelBasic" visible="{showStatsNoMods}"/>
    <texture style="ulmInfoPanelWithMods" visible="{showItemMod1}"/>
    <!--<sprite depth="1" size="330,245" pos="15,10" type="sliced" sprite="info_quality" color="{itemQualityColor}"/>-->
    <sprite depth="1" size="360,80" pos="0,25" type="sliced" sprite="ui_header_quality_solid" color="{itemQualityColor}" foregroundlayer="true"/>
	<panel depth="2" style="ulmHeader">
		<sprite style="ulmHeader" sprite="{itemGroupIcon}" on_hover="true" tooltip="{itemGroupName}"/>
		<label style="ulmHeader" text="{itemName}"/>
		<sprite style="hidden" name="costIcon"/>
		<button style="hidden" name="statButton" selected="true"/>
		<button style="hidden" name="descriptionButton"/>
	</panel>

	<rect depth="2" name="preview" pos="25,-50">
		<!--
		<texture style="ulmInfoPanelPreviewBG"/>
		<sprite  style="ulmInfoPanelPreviewQL" color="{durabilityColor}"/>
		<texture style="ulmInfoPanelPreviewFG"/>
		<label depth="8" pos="5,-126" size="140,52" font_size="20" text="{itemQuality}" justify="center" effect="outline"/>
		<sprite depth="4" name="durabilityBackground" pos="17, -130" size="112,12" sprite="ulDurabilityLgBG" atlas="ItemIconAtlas" type="sliced" visible="{hasDurability}"/>
		<sprite depth="5" name="durabilityBar" pos="18, -131" size="110,10" sprite="ulDurabilityLgFG" atlas="ItemIconAtlas" color="{durabilityColor}" type="filled" fill="{durabilityFill}" visible="{hasDurability}"/>
		<sprite depth="8" pos="8,-124" size="116,22" type="sliced" sprite="symbol_quality_bg" foregroundlayer="true" visible="{isSuperiorQuality}"/>
		<sprite depth="9" pos="8,-124" size="116,22" type="sliced" sprite="{itemQualitySprite}" foregroundlayer="true"/>
        -->
        <sprite depth="2" size="153,153" type="sliced" color="255,255,255,40"/>
		<sprite depth="3" name="itemPreview" pos="17,-17" size="116,116" atlas="ItemIconAtlas" sprite="{itemIcon}" color="{itemIconTint}" foregroundlayer="true"/>
		<label depth="4" size="150,28" pos="10,-5" text="{priceLabel}{itemCost}{markup}" justify="left"/>
		<label depth="5" name="durabilityValue" pos="140,-130" size="99999,28" text="{itemCount}" justify="{durabilityJustify}" effect="outline" pivot="right"/>
        <!--<label depth="10" pos="0,-126" size="153,22" text="{itemQuality}" font_size="18" justify="center" color="{itemQualityColor}"/>-->
        <sprite depth="11" pos="131,-124" size="40,50" sprite="{itemQualitySprite}" pivot="center" color="{itemQualityColor}" foregroundlayer="true"/>
	</rect>

	<rect depth="2" pos="179,-50" visible="{showOptionsPlayer}">
		<grid name="itemActions" width="150" rows="5" cols="1" cell_width="150" cell_height="31" controller="ItemActionList" repeat_content="true" visible="false">
			<item_action_entry/>
		</grid>
	</rect>
		
	<rect depth="2" pos="179,-50" visible="{showOptionsTrader}">
        <item_action_input controller="Counter"/>
		<grid name="vendorItemActions" pos="0,-30" rows="4" cols="1" cell_width="156" cell_height="30" controller="ItemActionList" repeat_content="true" visible="false">
			<item_action_entry/>
		</grid>
	</rect>
	<grid depth="2" rows="2" cols="1" cell_width="305" cell_height="50" repeat_content="false">
		<rect visible="{showItemMod1}">
			<rect depth="1" pos="25,-205">
				<grid depth="0" width="305" rows="1" cols="6" cell_width="52" cell_height="51" repeat_content="true">
					<sprite size="50,50" type="sliced" color="255,255,255,10"/>
				</grid>
				<grid depth="1" width="305" rows="1" cols="6" cell_width="52" cell_height="51" repeat_content="false">
					<rect visible="{showItemMod1}"><sprite size="50,50" type="sliced" color="255,255,255,30"/></rect>
					<rect visible="{showItemMod2}"><sprite size="50,50" type="sliced" color="255,255,255,30"/></rect>
					<rect visible="{showItemMod3}"><sprite size="50,50" type="sliced" color="255,255,255,30"/></rect>
					<rect visible="{showItemMod4}"><sprite size="50,50" type="sliced" color="255,255,255,30"/></rect>
					<rect visible="{showItemMod5}"><sprite size="50,50" type="sliced" color="255,255,255,30"/></rect>
					<rect visible="{showItemMod6}"><sprite size="50,50" type="sliced" color="255,255,255,30"/></rect>
				</grid>
				<grid depth="2" name="parts" rows="1" cols="6" cell_width="52" cell_height="52" repeat_content="true" controller="PartList">
					<ulmStackItemMod name="0"/>
				</grid>
			</rect>
		</rect>
		<rect>
            <rect pos="25,-224">
			    <rect>
				    <sprite style="ulmHeader" sprite="symbol_attributes"/>
				    <label style="ulmHeader" text_key="uiDetails"/>
			    </rect>
			    <rect pos="145,0" size="151,30" on_hover="true" tooltip_key="statWeight">
				    <sprite style="ulmHeader" pos="150,-15" sprite="symbol_weight"/>
				    <label style="ulmHeader" pos="0,-3" size="130,22" text="{carryWeight}" justify="right"/>
			    </rect>
            </rect>
			<grid pos="26,-274" rows="20" cols="1" cell_width="305" cell_height="30" repeat_content="false" arrangement="horizontal">
				<ulmStatItem id="0"/>
				<ulmStatItem id="1"/>
				<ulmStatItem id="2"/>
				<ulmStatItem id="3"/>
				<ulmStatItem id="4"/>
				<ulmStatItem id="5"/>
				<ulmStatItem id="6"/>
				<ulmStatItem id="7"/>
				<ulmStatItem id="8"/>
				<ulmStatItem id="9"/>
				<ulmStatItem id="10"/>
				<ulmStatItem id="11"/>
				<!--<ulmStatItem icon="ulm_symbol_weight" title="uiWeight" value="{carryWeight}"/>-->
				<!--<ulmStatItem icon="ulm_symbol_casino_coin" title="uiValue" value="{itemCost}{markup}"/>-->
				<ulmStatText icon="ui_game_symbol_misc_crafting" title="uiMaterial" value="{itemMaterialName}"/>
				<ulmStatText icon="symbol_ammo_clip" title="uiAmmo" value="{itemAmmoName}" visible="{showAmmoName}"/>
				<ulmStatText icon="symbol_repair" title="uiRepairItem" value="{itemRepairName}" visible="{showRepairName}"/>
				<ulmStatText icon="symbol_mechanic" title="uiCrafted" value="{itemCraftingAreaNames}" visible="{showCraftingAreaNames}" tooltip="{itemCraftingAreaNamesFull}"/>
				<ulmStatText icon="symbol_recycle" title="uiScrapped" value="{itemScrappingAreaNames}" visible="{showScrappingAreaNames}"/>
				<ulmStatText icon="symbol_cube" title="uiStorage" value="{itemContainerSize}" visible="{showContainerSize}"/>
				<!--<ulmStatText icon="symbol_weight" title="statWeight" value="{carryWeight}"/>-->
				<rect>
					<label name="descriptionText" pos="0,-10" size="300,250" font_size="22" text="{itemDescription}"/>
				</rect>
			</grid>
		</rect>
	</grid>
</window>
    
<window name="itemInfoPanelBackground" depth="0" size="0,0" anchor="Center" panel="Center">
	<texture style="ulmInfoPanel"/>
</window>

<window name="emptyInfoPanel" depth="1" size="0,0" anchor="Center" panel="Center" controller="InfoWindow">
	<texture style="ulmInfoPanelEmpty"/>
	<rect depth="2" pos="23,-251">
		<sprite style="ulmMouseClickL" pos="26,-4"/><label style="ulmMouseClick" pos="70,0" text_key="uiInspectStackView"/>
		<sprite style="ulmMouseClickL" pos="26,-64"/><label style="ulmMouseClick" pos="70,-60" text_key="uiInspectStackTake"/>
		<sprite style="ulmMouseClickL" pos="26,-124"/><label style="ulmMouseClick" pos="70,-120" text_key="uiInspectStackSwap"/>
		<sprite style="ulmMouseClickR" pos="26,-234"/><label style="ulmMouseClick" pos="70,-230" text_key="uiInspectStackSplit"/>
		<sprite style="ulmMouseClickR" pos="26,-294"/><label style="ulmMouseClick" pos="70,-290" text_key="uiInspectStackSingle"/>
	</rect>
	<!--
	<grid depth="2" pos="100,15" rows="6" cols="1" cell_width="200" cell_height="25" repeat_content="false">
		<ulm_hint_quality color="[ulm_color_tier_1]" label="ulm_ui_rarity_1"/>
		<ulm_hint_quality color="[ulm_color_tier_2]" label="ulm_ui_rarity_2"/>
		<ulm_hint_quality color="[ulm_color_tier_3]" label="ulm_ui_rarity_3"/>
		<ulm_hint_quality color="[ulm_color_tier_4]" label="ulm_ui_rarity_4"/>
		<ulm_hint_quality color="[ulm_color_tier_5]" label="ulm_ui_rarity_5"/>
		<ulm_hint_quality color="[ulm_color_tier_6]" label="ulm_ui_rarity_6"/>
	</grid>
	-->
	<!--<texture style="ulm_ModVersion" pos="30,-349"/>-->
</window>
    
<window name="interactionPrompt" anchor="CenterCenter" pos="0,50" size="380,128" controller="InteractionPrompt" fade_window="false">
	<label name="lblText" font_size="28" effect="outline" effect_distance="1,1" justify="center" pivot="center" text="{text}" parse_actions="true" />
</window>
    
<window name="ingameMenu" depth="99" pos="150,0" anchor="LeftCenter" size="300,525" controller="InGameMenuWindow" cursor_area="true">
	<sqx.menu/>
	<grid pos="0,17" name="buttons" rows="13" cell_width="300" cell_height="70" repeat_content="false" arrangement="vertical" >
		<sqx.menuButton name="btnOptions" text="xuiMenuOptions"/>
		<sqx.menuButton name="btnInvite" text="xuiMenuInvite"/>
		<sqx.menuButton name="btnSave" text="xuiMenuSave"/>
		<sqx.menuButton name="btnHelp" text="xuiMenuHelp"/>
		<sqx.menuButton name="btnExportPrefab" text="xuiMenuExportPrefab"/>
		<sqx.menuButton name="btnExit" text="xuiMenuExit"/>
	</grid>
	<widget depth="10" size="376,30" anchor_left="#cam,0,91" anchor_bottom="#cam,0,70" pivot="BottomLeft">
		<label depth="1" font_size="30" text_key="ui_mod_version" justify="center" effect="outline"/>
	</widget>
</window>
    
<window name="mapArea" depth="10" size="1288,1050" panel="Center" anchor="CenterCenter" controller="MapArea" cursor_area="true">
    <texture style="ulmMapArea"/>
	<panel style="ulmHeader" pos="25,45">
		<sprite style="ulmHeader" sprite="ui_game_symbol_map"/>
		<label style="ulmHeader" text_key="xuiMap"/>
		<button depth="1" pos="885,-15" name="switchStaticMap" style="icon32px, press, hover" pivot="center" sprite="ui_game_symbol_electric_switch" tooltip_key="lblSwitchStaticMap" sound="[paging_click]"/>
		<combobox pos="670,0" size="210,30" name="cbxStaticMapType" type="ComboBoxEnum`1[XUiC_MapArea+EStaticMapOverlay]" value_wrap="true" localization_prefix="xuiStaticMapType"/>
        <rect pos="875,0">
		    <sprite style="ulmHeader" sprite="symbol_info"/>
		    <label style="ulmHeader" text_key="uiMapInfo"/>
        </rect>
    </panel>
	
	<rect depth="2" pos="900,-5" name="toolbar" controller="MapStats">
		<ulmMapAreaEntry pos="0,0" id_icon="cursorIcon" id_label="cursorPos" sprite="ui_game_symbol_map_cursor" label="uiMapCursor" tooltip="lblCursorPosition"/>
		<ulmMapAreaEntry pos="0,-39" id_icon="playerIcon" id_label="playerPos" sprite="ui_game_symbol_map_player_arrow" label="uiMapPlayer" tooltip="lblCenterOnPlayer"/>
		<ulmMapAreaEntry pos="0,-78" id_icon="bedrollIcon" id_label="bedrollPos" sprite="ui_game_symbol_map_bed" label="uiMapBedroll" tooltip="lblCenterOnSleepingBag"/>
		<ulmMapAreaEntry pos="0,-117" id_icon="waypointIcon" id_label="waypointDistance" sprite="ui_game_symbol_map_waypoint_remove" label="uiMapWaypoint" tooltip="lblRemoveQuickWaypoint"/>
		<ulmMapAreaEntry pos="0,-156" id_icon="dayTimeIcon" id_label="dayTimeLabel" sprite="ui_game_symbol_clock" label="Time" value="{mapdaytime}" tooltip="{mapdaytimetitle}"/>
		<ulmMapAreaEntry pos="0,-195" id_icon="tempIcon" id_label="tempLabel" sprite="ui_game_symbol_temperature" label="Body temperature" value="{playercoretemp}" tooltip="{playercoretemptitle}"/>
		<ulmMapAreaEntry pos="0,-234" id_icon="windIcon" id_label="windLabel" sprite="ui_game_symbol_wind" label="Wind speed" value="{mapwind} MPH" tooltip="{mapwindtitle}"/>
		<ulmMapAreaEntry pos="0,-273" id_icon="elevIcon" id_label="elevLabel" sprite="ui_game_symbol_climb" label="Elevation" value="{mapelevation} M" tooltip="{mapelevationtitle}"/>
	</rect>
    <label depth="1000" pos="-100,-80" font_size="64" size="500,64" text="Text: {screenSize}"/>
	
    <panel name="mapView" depth="1" size="850,850" pos="25,-5" disableautobackground="true" on_drag="true" style="press, scroll, hover" sound="[craft_click]" snap="false">
		<texture depth="2" name="mapViewTexture" material="Materials/MaskableMainmap"/>
		<panel depth="1" name="clippingPanel" disableautobackground="true"/>
	</panel>
</window>

<window name="mapAreaChooseWaypoint" depth="7" pos="200,-200" size="98,220" cursor_area="true" >
	<panel name="content" depth="0" pos="0,0" height="220" backgroundcolor="[darkGrey]" bordercolor="[black]" borderthickness="3">
		<sprite depth="8" name="backgroundMain" sprite="menu_empty3px" color="[black]" type="sliced" fillcenter="false" />
		<grid name="list" rows="5" cols="2" pos="3,-3" width="46" height="430" cell_width="46" cell_height="43" repeat_content="true" arrangement="vertical" controller="MapSubPopupList" allow_sort_order="true" panel_sort_order="2" >
			<map_popup_sub_line name="0"/>
		</grid>
	</panel>
</window>
    
<window name="mapTracking" depth="10" size="390,559" panel="Left" controller="MapWaypoint" cursor_area="true">
	<texture style="ulmMapWaypoints"/>
    <panel style="ulmHeader" pos="25,45">
		<sprite style="ulmHeader" sprite="ui_game_symbol_map_waypoint_set"/>
		<label style="ulmHeader" text_key="xuiWaypoints"/>
	</panel>
	<button name="trackBtn" style="ulmButtonIcon" size="28,28" pos="46,-20" sprite="ui_game_symbol_compass" tooltip_key="lblTrackWaypoint"/>
	<button name="showOnMapBtn" style="ulmButtonIcon" size="28,28" pos="89,-20" sprite="ui_game_symbol_map" tooltip_key="lblShowOnMap"/>
	<button name="inviteBtn" style="ulmButtonIcon" size="28,28" pos="132,-20" sprite="ui_game_symbol_players" tooltip_key="lblShareWaypoint"/>
	<button name="waypointRemoveBtn" style="ulmButtonIcon" size="28,28" pos="385,-20" sprite="symbol_trash_can" tooltip_key="lblRemoveWaypoint"/>
	<ulmSearch pos="192,52" width="150" character_limit="16"/>
	<ulmPaging pos="141,-519"/>
	<grid depth="1" name="waypointList" pos="24,-44" rows="12" cols="1" cell_width="254" cell_height="39" controller="MapWaypointList" repeat_content="true" arrangement="vertical">
		<waypoint_entry name="0"/>
	</grid>
</window>
    
<window name="mapInvites" depth="11" size="390,282" panel="Left" cursor_area="true">
    <panel style="ulmHeader">
		<sprite style="ulmHeader" sprite="ui_game_symbol_players"/>
		<label style="ulmHeader" text_key="xuiSharedWaypoints"/>
	</panel>
	<button name="waypointSetBtn" style="ulmButtonIcon" size="28,28" pos="46,-67" sprite="symbol_save" tooltip_key="lblSaveWaypoint"/>
	<button name="showOnMapBtn" style="ulmButtonIcon" size="28,28" pos="89,-67" sprite="ui_game_symbol_map" tooltip_key="lblShowOnMap"/>
	<button name="waypointRemoveBtn" style="ulmButtonIcon" size="28,28" pos="385,-67" sprite="symbol_trash_can" tooltip_key="lblRemoveWaypoint"/>
	<grid name="invitesList" rows="5" cols="1" pos="26,-94" width="380" cell_width="380" cell_height="39" controller="MapInvitesList" repeat_content="true" arrangement="vertical" normal_color="[iconColor]" disabled_color="[iconColor]">
		<invites_entry name="0"/>
	</grid>
</window>

<window name="toolTip" depth="500" width="100" height="25" controller="ToolTip" above_soft_cursor="true">
	<rect pos="-10,0">
		<sprite depth="0" name="sprBackgroundBorder" type="sliced" sprite="ui_tooltip" color="115,233,178,150"/>
		<sprite depth="1" name="sprBackground" type="sliced" sprite="ui_tooltip" pos="3,-3" color="0,0,0,255"/>
		<label depth="3" name="lblText" text="" pos="10,-6" font_size="30" overflow="resizefreely" color="[labelColor]" style="outline"/>
	</rect>
</window>
    
<window name="windowXUIObjectTooltip" depth="10000" pos="0,9999" cursor_area="true">
	<rect pos="46,-100">
		<sprite depth="0" name="sprBackgroundBorder" pos="0,3" type="sliced" color="115,233,178,100" pivot="top"/>
		<sprite depth="1" name="sprBackground" type="sliced" color="0,0,0,200" pivot="top"/>
		<label depth="3" name="lblText" pos="0,-7" text="" font_size="30" overflow="resizefreely" color="[labelColor]" style="outline" justify="center" pivot="top"/>
	</rect>
</window>

<window name="serviceInfoPanel" depth="1" size="347,0" anchor="Center" panel="Center" controller="ServiceInfoWindow" cursor_area="true">
	<texture style="ulmInfoPanelService" visible="{showonlydescription}"/>
	<panel style="ulmHeader">
		<sprite style="ulmHeader" sprite="{servicegroupicon}"/>
		<label style="ulmHeader" text="{servicename}"/>
		<!--<label style="header" width="325" text="{pricelabel} {servicecost}" color="[mediumGrey]" justify="right"/>-->
		<rect pos="0,-224">
			<sprite style="ulmHeader" sprite="ui_game_symbol_shopping_cart"/>
			<label style="ulmHeader" text_key="ui_service_info"/>
		</rect>
		<rect pos="0,-343">
			<sprite style="ulmHeader" sprite="ui_game_symbol_book"/>
			<label style="ulmHeader" text_key="ui_description"/>
		</rect>
	</panel>
	<rect name="contentInfo" depth="2" pos="25,-50">
        <sprite depth="2" size="153,153" type="sliced" color="255,255,255,40"/>
		<sprite depth="3" name="servicePreview" pos="17,-17" size="116,116" sprite="{serviceicon}" color="{serviceicontint}" foregroundlayer="true"/>

		<grid pos="155,0" name="itemActions" width="150" rows="5" cols="1" cell_width="150" cell_height="30" controller="ItemActionList" repeat_content="true" visible="false">
			<item_action_entry/>
		</grid>
        <label pos="1,-222" name="statText" size="300,255" font_size="25" text="{servicestats}"/>
        <label pos="1,-342" name="descriptionText" size="300,255" font_size="25" text="{servicedescription}"/>
	</rect>
</window>
    
<window name="windowAssemble" depth="2" size="326,565" panel="Left" controller="AssembleWindow" cursor_area="true">
	<texture style="ulmAssemble"/>
	<panel style="ulmHeader">
		<sprite style="ulmHeader" sprite="ui_game_symbol_assemble"/>
		<label style="ulmHeader" text="{itemname}"/>
		<rect pos="0,-274">
			<sprite style="ulmHeader" sprite="ui_game_symbol_paint_bucket"/>
			<label style="ulmHeader" text_key="xuiCosmetics"/>
		</rect>
		<rect pos="0,-423">
			<sprite style="ulmHeader" sprite="ui_game_symbol_assemble"/>
			<label style="ulmHeader" text_key="xuiModifiers"/>
		</rect>
	</panel>
	
	<grid name="itemStats" depth="1" pos="26,-52" rows="11" cols="1" cell_width="305" cell_height="30" repeat_content="false" arrangement="horizontal">
		<ulmStatItem id="0"/>
		<ulmStatItem id="1"/>
		<ulmStatItem id="2"/>
		<ulmStatItem id="3"/>
		<ulmStatItem id="4"/>
		<ulmStatItem id="5"/>
		<ulmStatItem id="6"/>
		<ulmStatItem id="7"/>
		<ulmStatItem id="8"/>
		<ulmStatItem id="9"/>
		<ulmStatItem id="10"/>
		<ulmStatItem id="11"/>
	</grid>
	<grid name="cosmeticparts" pos="23,-319" rows="1" cols="1" cell_width="90" cell_height="90" repeat_content="true" controller="ItemCosmeticStackGrid">
		<ulmStackItemCosmetic/>
	</grid>
	<grid name="parts" pos="23,-470" rows="1" cols="3" cell_width="90" cell_height="90" repeat_content="true" controller="ItemPartStackGrid">
		<ulmStackItemPart/>
	</grid>
</window>

<window name="windowHudLeft" depth="0" pos="20,60" cursor_area="true" controller="ULM_HUD,Mods">
	<!--<texture style="ulmHudStats"/>-->
	<grid depth="1" pos="16,-14" name="hud" rows="5" cols="1" cell_width="168" cell_height="27" repeat_content="false" side="left" rotation="180"> <!--rotation="165" -->
    
        <rect rotation="180"><!-- rotation="195"-->
	        <!-- Hunger -->
	        <rect size="260,35" on_hover="true" tooltip="{playerFoodTitle}: {playerFoodVanillaCurrentWithMax}"> <!-- {playerFood}/{playerFoodMax} -->
		        <texture depth="2" style="ulmHudStat2"/>
		        <sprite depth="2" style="ulmHudStat2" color="128,128,128,255"/>
		        <sprite depth="3" style="ulmHudStat2" color="38,200,84,220" fill="{playerFoodVanillaFill}"/>
		        <sprite depth="4" name="Icon" pos="12,3" sprite="ui_game_symbol_fork" size="20,20" foregroundlayer="true"/>
		        <label depth="6" name="TextContent" pos="45,5" size="100,20" text="{playerFoodVanillaCurrentWithMax}" style="outline" visible="{showStatValues}"/>
            </rect>
	        <!-- Thirst -->
	        <rect pos="177,0" size="260,35" on_hover="true" tooltip="{playerWaterTitle}: {playerWaterVanillaCurrentWithMax}"> <!-- {playerWater}/{playerWaterMax} -->
		        <texture depth="2" style="ulmHudStat2"/>
		        <sprite depth="2" style="ulmHudStat2" color="128,128,128,255"/>
		        <sprite depth="3" style="ulmHudStat2" color="0,148,255,220" fill="{playerWaterVanillaFill}"/>
		        <sprite depth="4" name="Icon" pos="12,3" sprite="symbol_water" size="20,20" foregroundlayer="true"/>
		        <label depth="6" name="TextContent" pos="45,5" size="100,20" text="{playerWaterVanillaCurrentWithMax}" style="outline" visible="{showStatValues}"/>
            </rect>
        </rect>
		<!-- Carry Weight -->
	    <rect rotation="180" visible="{hudShowCarryWeight}">
			<texture depth="1" style="ulmHudStat1"/>
			<sprite depth="2" style="ulmHudStat1" color="255,255,255,255" fill="{hudCarryWeightFill}"/>
			<sprite depth="3" style="ulmHudStat1" color="{hudEncumberedColor}" fill="{hudEncumberedFill}"/>
			<sprite depth="4" style="ulmHudStat1" color="{hudEncumberedColor}" fill="{hudEncumberedFill}"/>
			<sprite depth="5" name="Icon" pos="12,3" sprite="symbol_weight" size="20,20" foregroundlayer="true"/>
			<label depth="5" pos="45,4" size="100,20" style="outline" text="{hudCarryWeight}/{hudCarryWeightMax}" visible="{showStatValues}"/>
		</rect>
	    <!-- Stamina -->
	    <rect rotation="180" size="260,35" controller="HUDStatBar" stat_type="Stamina" visible="{statvisible}" on_hover="true" tooltip="{statcurrentwithmax}">
		    <sprite depth="2" style="ulmHudStat1" color="255,255,255,255"/>
		    <sprite depth="2" style="ulmHudStat1" color="0,0,0,255"  fill="{statmodifiedmax}"/>
		    <texture depth="3" style="ulmHudStat1"/>
		    <sprite depth="4" style="ulmHudStat1" color="255,255,255,220" name="BarContent"/>
            <sprite depth="4" name="Icon" pos="12,3" sprite="symbol_lightning" size="20,20" foregroundlayer="true"/>
            <label depth="6" name="TextContent" pos="45,5" size="100,20" text="{statcurrentwithmax}" style="outline" visible="{showStatValues}"/>
	    </rect>
	    <!-- Health  -->
	    <rect rotation="180" size="260,35" controller="HUDStatBar" stat_type="Health" visible="{statvisible}" on_hover="true" tooltip="{statcurrentwithmax}">
		    <!-- Red: 200,60,50,220 -->
		    <!-- Green: 53,178,0,220 -->
		    <!-- Retro/UI Green: 38,151,84,220 -->
		    <!-- Orange: 255,106,0,220 -->
		    <!-- Blue: 0,148,255,220 -->
		    <sprite depth="2" style="ulmHudStat1" color="255,255,255"/>
		    <sprite depth="2" style="ulmHudStat1" color="0,0,0" fill="{statmodifiedmax}"/>
		    <sprite depth="2" style="ulmHudStat1" color="0,0,0,128" fill="{statmodifiedmax}"/>
		    <texture depth="3" style="ulmHudStat1"/>
		    <sprite depth="4" style="ulmHudStat1" color="200,60,50,220" name="BarContent"/>
            <sprite depth="4" name="Icon" pos="12,3" sprite="symbol_endurance" size="20,20" foregroundlayer="true"/>
            <label depth="5" name="TextContent" pos="45,5" size="100,20" text="{statcurrentwithmax}" style="outline" visible="{showStatValues}"/>
        </rect>
        <!--<rect/>-->
		<!-- Stealth -->
	    <rect rotation="180" controller="HUDStatBar" stat_type="Stealth" visible="{statvisible}">
			<texture depth="1" style="ulmHudStat1"/>
			<sprite depth="2" style="ulmHudStat1" color="{stealthcolor}" name="BarContent"/>
			<sprite depth="4" name="Icon" pos="12,3" sprite="symbol_stealth" size="20,20" foregroundlayer="true"/>
			<label depth="5" pos="45,4" size="100,20" style="outline" text="{statcurrent}/100" visible="{showStatValues}"/>
		</rect>
		<!-- Oxygen -->
	    <rect rotation="180" visible="{playerOxygenShow}">
			<texture depth="1" style="ulmHudStat1"/>
			<sprite depth="2" style="ulmHudStat1" color="119,187,240,220" fill="{playerOxygenFill}"/>
			<sprite depth="4" name="Icon" pos="12,3" sprite="symbol_underwater" size="20,20" foregroundlayer="true"/>
			<label depth="4" pos="45,4" size="100,20" style="outline" text="{playerOxygen}" visible="{showStatValues}"/>
		</rect>
	    <!-- Vehicle Fuel -->
	    <rect rotation="180" controller="HUDStatBar" stat_type="VehicleFuel" visible="{statvisible}">
		    <texture depth="1" style="ulmHudStat1"/>
		    <sprite depth="2" style="ulmHudStat1" color="255,255,255,220" name="BarContent"/>
		    <sprite depth="4" name="Icon" pos="12,3" atlas="{staticonatlas|once}" sprite="{staticon|once}" size="20,20" foregroundlayer="true"/>
		    <label depth="4" pos="45,4" size="100,20" style="outline" text="{statcurrentwithmax}" visible="{showStatValues}"/>
	    </rect>
	    <!-- Vehicle Health -->
	    <rect rotation="180" controller="HUDStatBar" stat_type="VehicleHealth" visible="{statvisible}">
		    <texture depth="1" style="ulmHudStat1"/>
		    <sprite depth="2" style="ulmHudStat1" color="200,60,50,220" name="BarContent"/>
		    <sprite depth="4" name="Icon" pos="12,3" atlas="{staticonatlas|once}" sprite="{staticon|once}" size="20,20" foregroundlayer="true"/>
		    <label depth="4" pos="45,4" size="100,20" style="outline" text="{statcurrentwithmax}" visible="{showStatValues}"/>
	    </rect>
		<rect rotation="180">
			<grid depth="3" pos="0,40" name="buffs" rows="3" cols="5" cell_width="58" cell_height="58" repeat_content="false" controller="ULM_HUD_BuffList,Mods">
				<ulmStackBuffHud/>
				<ulmStackBuffHud/>
				<ulmStackBuffHud/>
				<ulmStackBuffHud/>
				<ulmStackBuffHud/>
				<ulmStackBuffHud pos="0,116"/>
				<ulmStackBuffHud pos="0,116"/>
				<ulmStackBuffHud pos="0,116"/>
				<ulmStackBuffHud pos="0,116"/>
				<ulmStackBuffHud pos="0,116"/>
				<ulmStackBuffHud pos="0,232"/>
				<ulmStackBuffHud pos="0,232"/>
				<ulmStackBuffHud pos="0,232"/>
				<ulmStackBuffHud pos="0,232"/>
				<ulmStackBuffHud pos="0,232"/>
			</grid>
		</rect>
	</grid>
	<!-- Temp -->
	<rect depth="1" pos="0,35">
        <texture depth="0" style="ulmHudStatTemp"/>
		<rect pivot="center">
			<texture depth="1" pos="0,{hudPlayerTemp}" style="ulmHudTemp"/>
		</rect>
	</rect>
</window>

<window name="windowHudRight" depth="0" pos="-395,109" cursor_area="true" controller="ULM_HUD,Mods">
	<!--<sprite size="116,80" atlas="ItemIconAtlas" sprite="{hudActiveItemIcon}" type="sliced" on_hover="true" tooltip="{hudActiveItemName}" foregroundlayer="true"/>-->
    
	<!-- Weapon Ammo -->
	<rect depth="1" visible="{hudShowWeaponInfo}">
		<rect visible="{hudShowAmmoGun}">
			<texture style="ulmHudAmmo"/>
			<rect name="weapon" size="120,60" pos="230,-2">
				<!--<sprite depth="0" color="0,0,0,128"/>-->
				<sprite depth="1" atlas="UIActiveItems" sprite="{hudActiveItemIcon}" type="sliced" on_hover="true" tooltip="{hudActiveItemName}" foregroundlayer="true"/>
			</rect>
			<rect name="ammo" size="60,30" pos="150,-15">
				<!--<sprite depth="0" color="0,0,0,128"/>-->
				<sprite depth="1" atlas="UIActiveItems" sprite="{hudAmmoIcon}" foregroundlayer="true"/>
			</rect>
			<rect name="count" size="70,60" pos="60,10">
				<!--<sprite depth="0" color="0,0,0,128"/>-->
				<label depth="1" size="60,46" pos="-50,-15" font_size="50" justify="right" text="{hudAmmoCount}" style="outline"/>
			</rect>
			<rect name="total" size="60,30" pos="70,-7">
				<!--<sprite depth="0" color="0,0,0,128"/>-->
				<label depth="1" pos="2,-1" font_size="28" justify="center" text="{hudAmmoTotal}" style="outline"/>
			</rect>
		</rect>
		<rect visible="{hudShowAmmoPaint}">
			<texture style="ulmHudAmmo"/>
			<rect depth="1" name="paint" size="120,40" pos="220,129">
			    <texture depth="1" style="ulmHudPaint"/>
			    <texture depth="2" name="paintTexture" size="125,125" material="Materials/Transparent Colored" globalopacity="true"/>
            </rect>
		    <sprite depth="1" size="120,60" pos="230,-2" atlas="UIActiveItems" sprite="{hudActiveItemIcon}" type="sliced" on_hover="true" tooltip="{hudActiveItemName}" foregroundlayer="true"/>
            <sprite depth="1" size="60,30" pos="150,-15" atlas="UIActiveItems" sprite="{hudAmmoIcon}" foregroundlayer="true"/>
            <label depth="1" size="120,40" pos="15,-10" font_size="40" justify="center" text="{hudAmmoCount}" style="outline"/>
		</rect>
		<rect visible="{hudShowMelee}">
			<rect visible="{hudShowMeleeWithIcon}">
                <texture style="ulmHudMelee"/>
				<sprite depth="5" size="120,60" pos="230,-2" atlas="UIActiveItems" sprite="{hudActiveItemIcon}" type="sliced" on_hover="true" tooltip="{hudActiveItemName}" foregroundlayer="true"/>
			</rect>
		</rect>
		<rect pos="16,-60" visible="{hudHasDurability}">
			<texture depth="2" style="ulmHudStat1b"/>
			<sprite depth="3" style="ulmHudStat1" rotation="15" flip="horizontally" color="255,255,255,220" fill="{hudDurabilityFill}"/>
		</rect>
	</rect>
	<!-- Pick up items -->
	<rect depth="0" name="hud" pos="300,75" pivot="BottomLeft" controller="CollectedItemList">
		<panel size="60,62" name="item" visible="false" pivot="BottomLeft" disableautobackground="true">
			<sprite depth="0" name="Background" style="ulmStackPickup"/>
			<sprite depth="2" name="Negative" style="ulmStackPickup" sprite="ui_stack_pickup_missing"/>
			<sprite depth="3" name="Icon" pos="30,-30" size="56,56" atlas="ItemIconAtlas" pivot="center" foregroundlayer="true"/>
			<label depth="5" name="ItemCount" pos="0,-38" size="56,22" font_size="28" justify="right" style="outline"/>
			<label depth="6" name="ItemName" pos="-308,-18" text="" size="300,28" justify="right" style="outline"/>
		</panel>
	</rect>
</window>

<window name="windowToolbelt" depth="-1000" pos="-120,63" cursor_area="true" controller="ULM_HUD,Mods" standard_xp_color="255,255,255,200" updating_xp_color="[selectedColor]" deficit_xp_color="255,50,50" xp_fill_speed="20">
	<rect visible="{hudNotDriving}">
		<grid depth="1" rotation="180" pos="-426,-7" rows="3" cols="1" cell_width="70" cell_height="85" repeat_content="false"> <!-- visible="{hudBackpackClosed}" -->
			<rect rotation="180" visible="{hudShowToolbelt}">
				<!--<texture style="ulmHudToolbelt" pos="-23,65"/>-->
				<grid depth="1" pos="6,51" rows="1" cols="12" cell_width="90" cell_height="90" controller="Toolbelt" repeat_content="false">
					<ulmStack90 key="1" tooltip_offset_y="168"/>
					<ulmStack90 key="2" tooltip_offset_y="168"/>
					<ulmStack90 key="3" tooltip_offset_y="168"/>
					<ulmStack90 key="4" tooltip_offset_y="168"/>
					<ulmStack90 key="5" tooltip_offset_y="168"/>
					<ulmStack90 key="6" tooltip_offset_y="168"/>
					<ulmStack90 key="7" tooltip_offset_y="168"/>
					<ulmStack90 key="8" tooltip_offset_y="168"/>
					<ulmStack90 key="9" tooltip_offset_y="168"/>
					<ulmStack90 key="0" tooltip_offset_y="168"/>
					<ulmStack90 key="-" tooltip_offset_y="168"/>
					<ulmStack90 key="=" tooltip_offset_y="168"/>
				</grid>
			</rect>
			<rect rotation="180" visible="{playerLevelShow}">
				<texture style="ulmHudXP"/>
				<sprite  style="ulmHudXP" fill="{xp}" color="{xpColor}" tooltip="{playerLevel} {playerLevelLabel} ({hudCurrentXP}/{hudNextLevelXP})"/>
				<label depth="10" size="200,30" pos="10,22" text="{playerLevel} {playerLevelLabel}" style="outline" color="255,255,255,160" visible="{hudShowPlayerLevelOnHUD}"/>
				<label depth="10" size="400,30" pos="688,22" justify="right" text="{hudShowGainedXP}" style="outline"/>
			</rect>
			<rect style="hidden" name="hud" pos="0,-500" controller="BuffPopoutList">
				<panel style="hidden" name="item">
					<sprite style="hidden" name="Background"/>
					<sprite style="hidden" name="Icon"/>
					<label style="hidden" name="TextContent"/>
				</panel>
			</rect>
		</grid>
	</rect>
</window>
<!--
<window name="windowToolbelt_DEV" depth="-1000" pos="-120,80" cursor_area="true" controller="ULM_HUD,Mods" standard_xp_color="255,255,255,200" updating_xp_color="[selectedColor]" deficit_xp_color="255,50,50" xp_fill_speed="20">
	<rect visible="{hudNotDriving}">
		<grid depth="1" rotation="180" pos="-426,-7" rows="3" cols="1" cell_width="70" cell_height="105" repeat_content="false" visible="{hudBackpackClosed}">
			<rect rotation="180" visible="{hudShowToolbelt}">
				<grid depth="1" pos="6,51" rows="1" cols="12" cell_width="90" cell_height="90" controller="Toolbelt" repeat_content="false">
					<ulmStackToolbelt key="1" tooltip_offset_y="168"/>
					<ulmStackToolbelt key="2" tooltip_offset_y="168"/>
					<ulmStackToolbelt key="3" tooltip_offset_y="168"/>
					<ulmStackToolbelt key="4" tooltip_offset_y="168"/>
					<ulmStackToolbelt key="5" tooltip_offset_y="168"/>
					<ulmStackToolbelt key="6" tooltip_offset_y="168"/>
					<ulmStackToolbelt key="7" tooltip_offset_y="168"/>
					<ulmStackToolbelt key="8" tooltip_offset_y="168"/>
					<ulmStackToolbelt key="9" tooltip_offset_y="168"/>
					<ulmStackToolbelt key="0" tooltip_offset_y="168"/>
					<ulmStackToolbelt key="-" tooltip_offset_y="168"/>
					<ulmStackToolbelt key="=" tooltip_offset_y="168"/>
				</grid>
			</rect>
			<rect rotation="180" visible="{playerLevelShow}">
				<texture style="ulmHudXP"/>
				<sprite  style="ulmHudXP" fill="{xp}" color="{xpColor}" tooltip="{playerLevel} {playerLevelLabel} ({hudCurrentXP}/{hudNextLevelXP})"/>
				<label depth="10" size="200,30" pos="10,22" text="{playerLevel} {playerLevelLabel}" style="outline" color="255,255,255,160" visible="{hudShowPlayerLevelOnHUD}"/>
				<label depth="10" size="400,30" pos="688,22" justify="right" text="{hudShowGainedXP}" style="outline"/>
			</rect>
			<rect style="hidden" name="hud" pos="0,-500" controller="BuffPopoutList">
				<panel style="hidden" name="item">
					<sprite style="hidden" name="Background"/>
					<sprite style="hidden" name="Icon"/>
					<label style="hidden" name="TextContent"/>
				</panel>
			</rect>
		</grid>
	</rect>
</window>
-->
<window name="ulmQuestTracker" pos="-390, -130" size="300,100" anchor="RightTop" controller="QuestTrackerWindow" visible="{showquest}" depth="-20">
	<texture style="ulmQuestTrack"/>
	<label depth="1" pos="40,-5" size="336,28" font_size="28" style="outline" pivot="topleft" text="{questtitle}"/>
	<sprite depth="1" pos="7,-5" size="28,28" atlas="ItemIconAtlas" sprite="{questicon}"/>
	<grid name="objectiveList" rows="9" cols="1" pos="20,-44" cell_width="360" cell_height="40" repeat_content="true" arrangement="vertical" controller="QuestTrackerObjectiveList" complete_icon="ui_game_symbol_check" incomplete_icon="ui_game_symbol_x" complete_color="[green]" incomplete_color="[red]">
		<sqx.questTracker/>
	</grid>
</window>
    
    <!--
    <rect depth="1" pos="-42,-1">
		<texture style="ulmCategory"/>
		<button depth="1" name="favorites" pos="34,-30" style="ulmButtonIcon" sprite="symbol_star" tooltip_key="lblFavorites"/>
	</rect>
	<grid depth="1" name="categories" pos="-42,-55" size="42,42" rows="10" cols="1" cell_width="54" cell_height="54" repeat_content="true" controller="CategoryList">
		<ulmCategory/>
	</grid>
    -->

<window name="windowBackpack" depth="0" size="825,884" anchor="Center" panel="Center" cursor_area="true">
	<rect pos="336,0" controller="BackpackWindow" rows_per_page="8" scroll_bar_height="722" scroll_tab_height="46">
		<texture style="ulmBackpack"/>
		<panel style="ulmHeader">
			<rect visible="{isTitleVisible}">
                <button style="ulmHeader" sprite="symbol_backpack" tooltip_key="lblSortContainer" sound="[paging_click]"/>
			    <label style="ulmHeader" text_key="uiInventory"/>
			</rect>
			<ulmSearchInventory pos="6,7" visible="{isSearchVisible}"/>
		    <grid pos="438,0" depth="2" rows="1" cols="6" cell_width="36" cell_height="36" repeat_content="false" rotation="180">
			    <ulmSort id="btnSortByWeight" sprite="symbol_sort_weight" tooltip_key="ui_sort_weight"/>
			    <ulmSort id="btnSortByPrice" sprite="symbol_sort_price" tooltip_key="ui_sort_price"/>
			    <ulmSort id="btnSortByGroup" sprite="symbol_sort_group" tooltip_key="ui_sort_group"/>
			    <ulmSort id="btnSortByName" sprite="symbol_sort_name" tooltip_key="ui_sort_name"/>
			    <ulmSort id="btnClearInventory" sprite="ui_game_symbol_trash" tooltip_key="lblClearInventory" visible="{isCreativeWindow}"/>
			    <ulmSort id="btnSearchInventory" sprite="symbol_sort_search" tooltip_key="ui_toggle_search"/>
		    </grid>
		</panel>
	    <grid name="sorting" pos="502,-46" depth="2" size="42,42" rows="10" cols="1" cell_width="54" cell_height="54" repeat_content="false">
			<ulmSortVertical id="btnStashSmart" sprite="symbol_transfer_stackables" text="ui_transfer_stackables" visible="{showStashAllButtons}"/>
			<ulmSortVertical id="btnStashAll" sprite="symbol_transfer_all" text="ui_transfer_all" visible="{showStashAllButtons}"/>
	    </grid>
		<rect name="content" depth="2" pos="23,-50" size="420,700" disablefallthrough="true">
			<grid depth="2" name="inventory" rows="60" cols="5" cell_width="90" cell_height="90" controller="Backpack" repeat_content="true">
				<ulmStack90 name="0" background_visible="false" scroll="true"/>
			</grid>
			<grid depth="1" rows="8" cols="5" cell_width="90" cell_height="90" repeat_content="true">
		        <texture style="ulmStack90"/>
			</grid>
			<rect depth="10000" pos="455,0" size="20,722">
				<texture name="scrollBar" style="ulmBackpackScrollBar"/>
				<rect depth="1" name="scrollTab" height="46" on_drag="true">
					<sprite size="20,46" sprite="ui_scroll_tab" type="sliced" foregroundlayer="true"/>
				</rect>
			</rect>
		</rect>
        <ulmTextbox182 pos="23,-773" sprite="symbol_coins" text="{currencyAmount}" visible="{showCurrency}"/>
        <ulmTextbox182 pos="291,-773" sprite="symbol_weight" text="{carryWeight}/{carryWeightMax}" text_color="{carryWeightColor}"/>
	</rect>
</window>
<!--
<window name="windowBackpack_70" depth="0" size="825,884" anchor="Center" panel="Center" cursor_area="true">
	<rect pos="352,0" controller="BackpackWindow" rows_per_page="10" scroll_bar_height="702" scroll_tab_height="46">
		<texture style="ulmBackpack"/>
		<panel style="ulmHeader">
			<rect visible="{isTitleVisible}">
                <button style="ulmHeader" sprite="symbol_backpack" tooltip_key="lblSortContainer" sound="[paging_click]"/>
				<label style="ulmHeader" text_key="uiInventory"/>
			</rect>
			<ulmSearchInventory pos="-6,8" visible="{isSearchVisible}"/>
			<grid pos="408,1" depth="2" rows="1" cols="6" cell_width="36" cell_height="36" repeat_content="false" rotation="180">
				<ulmSort id="btnSortByWeight" sprite="symbol_sort_weight" text="ui_sort_weight"/>
				<ulmSort id="btnSortByPrice" sprite="symbol_sort_price" text="ui_sort_price"/>
				<ulmSort id="btnSortByGroup" sprite="symbol_sort_group" text="ui_sort_group"/>
				<ulmSort id="btnSortByName" sprite="symbol_sort_name" text="ui_sort_name"/>
				<ulmSort id="btnClearInventory" sprite="ui_game_symbol_trash" text="lblClearInventory" visible="{isCreativeWindow}"/>
				<ulmSort id="btnSearchInventory" sprite="symbol_sort_search" text="ui_toggle_search"/>
			</grid>
		</panel>
		<rect name="content" depth="2" size="420,700" pos="23,-50" disablefallthrough="true">
			<grid depth="2" name="inventory" rows="50" cols="6" cell_width="70" cell_height="70" controller="Backpack" repeat_content="true">
				<item_stack name="0" background_visible="false" scroll="true"/>
			</grid>
			<grid depth="1" rows="10" cols="6" cell_width="70" cell_height="70" repeat_content="true">
		        <texture style="ulmStack"/>
			</grid>
			<rect depth="10000" pos="425,0">
				<texture name="scrollBar" style="ulmBackpackScrollBar"/>
				<rect depth="1" name="scrollTab" height="46" on_drag="true">
					<sprite size="20,46" sprite="ui_scroll_tab" type="sliced" foregroundlayer="true"/>
				</rect>
			</rect>
		</rect>
		<rect name="currency" depth="1" pos="23,-770" visible="{showCurrency}">
			<texture style="ulmInput142"/>
			<sprite depth="1" pos="8,-9" sprite="symbol_coins" size="22,22" color="128,128,128" foregroundlayer="true"/>
			<label depth="2" pos="0,-7" size="142,26" font_size="26" justify="center" text="{currencyAmount}"/>
		</rect>
		<rect name="encumbrance" depth="1" pos="301,-770">
			<texture style="ulmInput167"/>
			<sprite depth="1" pos="135,-9" sprite="symbol_weight" size="22,22" color="128,128,128" foregroundlayer="true"/>
			<label depth="2" pos="0,-7" size="167,26" font_size="26" justify="center" text="{carryWeight}/{carryWeightMax}" color="{carryWeightColor}"/>
		</rect>
		<grid pos="178,-793" depth="100000" rows="1" cols="3" cell_width="52" cell_height="36" repeat_content="false" visible="{showStashAllButtons}">
			<ulmTransfer id="btnStashSmart" sprite="symbol_transfer_stackables" text="ui_transfer_stackables"/>
			<ulmTransfer id="btnStashAll" sprite="symbol_transfer_all" text="ui_transfer_all"/>
		</grid>
	</rect>
</window>
-->
<!--
<window name="windowBackpackToolbelt" depth="0" pos="-420,94" cursor_area="true" controller="ULM_HUD,Mods">
	<texture style="ulmToolbelt"/>
	<grid depth="1" rows="1" cols="12" cell_width="70" cell_height="70" controller="Toolbelt" repeat_content="false">
		<item_stack key="1" nameOffsetY="45"/>
		<item_stack key="2" nameOffsetY="45"/>
		<item_stack key="3" nameOffsetY="45"/>
		<item_stack key="4" nameOffsetY="45"/>
		<item_stack key="5" nameOffsetY="45"/>
		<item_stack key="6" nameOffsetY="45"/>
		<item_stack key="7" nameOffsetY="45"/>
		<item_stack key="8" nameOffsetY="45"/>
		<item_stack key="9" nameOffsetY="45"/>
		<item_stack key="0" nameOffsetY="45"/>
		<item_stack key="-" nameOffsetY="45"/>
		<item_stack key="=" nameOffsetY="45"/>
	</grid>
</window>
-->
<window name="windowBlockHealth" depth="0" pos="0,-60" size="400,400" cursor_area="true">
	<sprite depth="0" name="background" size="192,20" sprite="ui_block_hp_bg" pivot="center" type="filled"/>
	<sprite depth="3" name="sprPerc" size="180,20" sprite="ui_block_hp_fg" pivot="center" type="filled"/>
	<label depth="2" name="lblPerc" pos="0,23" size="200,28" style="outline" text="" pivot="center" justify="center"/>
</window>

<window name="windowCompass" style="compass.window" controller="CompassWindow">
	<texture style="ulmCompassBackground"/>
	<texture style="ulmCompassForeground" name="compassTexture" rect_size="0.4,1" rect_offset=".8,0"/>
</window>

<window name="windowClock" pos="60,-61" anchor="LeftTop" controller="ULM_HUD,Mods" visible="{showDayAndTime}">
    <texture style="ulmTimeAnalog"/>
    <texture depth="1" style="ulmTimeWarning" visible="{isBloodMoon}"/>
    <sprite depth="3" name="analogTime" sprite="ui_time" size="100,100" pivot="center"/>
	<label depth="4" pos="0,0" size="70,24" text="{hudTime|always}" style="outline" pivot="center" justify="center"/>
	<label depth="4" pos="90,39" size="100,24" text="{hudDayTitle} {hudDay|always}" style="outline" pivot="center" justify="center" upper_case="true"/>
</window>
    
<window name="windowCreative" size="827,730" panel="Left" anchor_side="bottomright" controller="CreativeWindow" cursor_area="true">
	<texture style="ulmCreative"/>
    <panel style="ulmHeader">
		<sprite style="ulmHeader" name="windowicon" sprite="ui_game_symbol_lightbulb"/>
		<label style="ulmHeader" text="CREATIVE" text_key="xuiCreative"/>
        <rect pos="628,-773">
			<texture style="ulmInput182"/>
			<label depth="2" pos="0,-7" size="182,26" font_size="26" justify="center" name="resultCount" text="Total"/>
        </rect>
	</panel>
    <ulmSearch pos="625,7" width="300" character_limit="30"/>
	<rect depth="20" pos="390,0" name="searchControls">
        <ulmButtonHeader pos="0,0" id="all" tooltip_key="All" sprite="ui_game_symbol_shopping_cart" selected="true"/>
        <ulmButtonHeader pos="34,0" id="items" tooltip_key="All Items" sprite="ui_game_symbol_backpack"/>
        <ulmButtonHeader pos="68,0" id="blocks" tooltip_key="lblAllBlocks" sprite="ui_game_symbol_all_blocks"/>
        <ulmButtonHeader pos="134,0" id="simplepickup" tooltip_key="Simple Pickup" sprite="ui_game_symbol_hand"/>
        <ulmButtonHeader pos="168,0" id="devblocks" tooltip_key="Dev Blocks" sprite="ui_game_symbol_computer"/>
        <ulmButtonHeader pos="202,0" id="favorites" tooltip_key="lblFavorites" sprite="server_favorite"/>
	</rect>
	<grid name="categories" pos="-41,-50" rows="9" cols="1" cell_width="54" cell_height="54" repeat_content="true" controller="CategoryList">
		<ulmCategory height="24" width="24"/>
	</grid>
	<grid name="subCategories" pos="-41,-482" rows="6" cols="1" cell_width="54" cell_height="54" repeat_content="true" controller="CategoryList">
		<ulmCategory height="24" width="24"/>
	</grid>
	<grid name="queue" rows="8" cols="9" pos="23,-50" cell_width="90" cell_height="90" repeat_content="true" controller="CreativeStackGrid">
		<creative_stack name="0"/>
	</grid>
	<ulmPaging pos="354,-777"/>
</window>
    
<window name="windowCraftingList" depth="1" size="467,571" panel="Left" cursor_area="true" controller="CraftingListInfo">
	<texture style="ulmCraftingListBackpack"/>
	<panel style="ulmHeader">
		<sprite style="ulmHeader" sprite="ui_game_symbol_lightbulb"/>
		<label style="ulmHeader" text_key="xuiBasics"/>
	</panel>
    <ulmCategoryTabLeft pos="-42,-46" id="favorites" sprite="symbol_star" tooltip="lblFavorites"/>
	<grid depth="1" name="categories" pos="-42,-100" size="42,42" rows="10" cols="1" cell_width="54" cell_height="54" repeat_content="true" controller="CategoryList">
		<ulmCategory/>
	</grid>

    <ulmSearch pos="268,7"/>
    <ulmPaging pos="178,-519"/>

	<grid depth="2" name="recipes" pos="24,-50" rows="5" cols="5" size="390,552" cell_width="90" cell_height="90" controller="RecipeList" repeat_content="true" arrangement="horizontal" >
		<recipe_entry name="0"/>
	</grid>
</window>

<window name="windowCraftingChemistryStation" depth="1" size="0,0" panel="Left">
	<panel style="ulmHeader">
		<sprite style="ulmHeader" sprite="ui_game_symbol_chemistry"/>
		<label style="ulmHeader" text_key="chemistryStation"/>
	</panel>
</window>

<window name="windowCraftingCampfire" depth="1" size="0,0" panel="Left">
	<panel style="ulmHeader">
		<sprite style="ulmHeader" sprite="ui_game_symbol_campfire"/>
		<label style="ulmHeader" text_key="campfire"/>
	</panel>
</window>
    
<window name="windowCraftingListWithFuel" depth="1" size="557,571" panel="Left" cursor_area="true" controller="CraftingListInfo">
    <texture style="ulmCraftingListWithFuel"/>
	<panel style="ulmHeader" pos="25,-200">
		<sprite style="ulmHeader" sprite="ui_game_symbol_lightbulb"/>
		<label style="ulmHeader" text_key="xuiBasics"/>
	</panel>
    <ulmCategoryTabLeft pos="-42,-46" id="favorites" sprite="symbol_star" tooltip="lblFavorites"/>
	<grid depth="1" name="categories" pos="-42,-100" size="42,42" rows="10" cols="1" cell_width="54" cell_height="54" repeat_content="true" controller="CategoryList">
		<ulmCategory/>
	</grid>

    <ulmSearch pos="358,-193"/>
    <ulmPaging pos="223,-531"/>

	<grid depth="2" name="recipes" pos="24,-250" rows="3" cols="6" size="390,552" cell_width="90" cell_height="90" controller="RecipeList" repeat_content="true" arrangement="horizontal" >
		<recipe_entry name="0"/>
	</grid>
</window>
    
<window name="windowCraftingListWorkbench" depth="1" size="557,571" panel="Left" cursor_area="true" controller="CraftingListInfo">
	<texture style="ulmCraftingListWorkbench"/>
	<panel style="ulmHeader">
		<sprite style="ulmHeader" sprite="ui_game_symbol_lightbulb"/>
		<label style="ulmHeader" text_key="xuiBasics"/>
	</panel>
    <ulmCategoryTabLeft pos="-42,-46" id="favorites" sprite="symbol_star" tooltip="lblFavorites"/>
	<grid depth="1" name="categories" pos="-42,-100" size="42,42" rows="10" cols="1" cell_width="54" cell_height="54" repeat_content="true" controller="CategoryList">
		<ulmCategory/>
	</grid>

    <ulmSearch pos="358,7"/>
    <ulmPaging pos="223,-519"/>

	<grid depth="2" name="recipes" pos="24,-50" rows="5" cols="6" size="390,552" cell_width="90" cell_height="90" controller="RecipeList" repeat_content="true" arrangement="horizontal" >
		<recipe_entry name="0"/>
	</grid>
</window>
    
<window depth="2" name="windowCraftingListForge" size="557,571" panel="Left" cursor_area="true" controller="CraftingListInfo">
	<panel style="ulmHeader" pos="25,-290">
		<sprite style="ulmHeader" sprite="ui_game_symbol_lightbulb"/>
		<label style="ulmHeader" text_key="xuiBasics"/>
	</panel>
    <ulmCategoryTabLeft pos="-42,-46" id="favorites" sprite="symbol_star" tooltip="lblFavorites"/>
	<grid depth="1" name="categories" pos="-42,-100" size="42,42" rows="10" cols="1" cell_width="54" cell_height="54" repeat_content="true" controller="CategoryList">
		<ulmCategory/>
	</grid>

    <ulmSearch pos="358,-284"/>
    <ulmPaging pos="223,-529"/>

	<grid depth="2" name="recipes" pos="24,-337" rows="2" cols="6" size="390,552" cell_width="90" cell_height="90" controller="RecipeList" repeat_content="true" arrangement="horizontal" >
		<recipe_entry name="0"/>
	</grid>
</window>

<window name="windowCraftingForge" depth="1" size="0,0" panel="Left" controller="WorkstationMaterialInputWindow" 
	materials_accepted="iron,brass,lead,glass,stone,clay" 
	valid_materials_color="[green]" invalid_materials_color="[red]">
	<texture style="ulmCraftingListForge"/>
	<panel style="ulmHeader">
		<sprite style="ulmHeader" sprite="symbol_anvil"/>
		<label style="ulmHeader" text_key="forge"/>
	</panel>
    <rect pos="0,-145">
	    <grid pos="54,-34" depth="2" rows="1" cols="2" cell_width="90" cell_height="90" controller="WorkstationMaterialInputGrid" repeat_content="true">
		    <ulmStack90 name="0"/>
	    </grid>
	    <grid pos="54,-34" depth="1" name="slot_preview" rows="1" cols="2" cell_width="90" cell_height="90" controller="SlotPreview" repeat_content="true">
		    <rect><sprite name="slot" pos="16,-16" size="60,60" sprite="ui_game_symbol_misc_crafting" color="255,255,255,128"/></rect>
	    </grid>
        <sprite depth="1" pos="235,-47" size="32,64" sprite="symbol_smelt_to" color="255,255,255,64"/>
	    <grid depth="2" pos="266,-35" rows="3" cols="2" cell_width="136" cell_height="30" repeat_content="false">
		    <forge_material name="iron"	    icon="resourceScrapIron"/>
		    <forge_material name="brass"	icon="resourceScrapBrass"/>
		    <forge_material name="lead"		icon="resourceScrapLead"/>
		    <forge_material name="sand"		icon="resourceCrushedSand"/>
		    <forge_material name="stone"	icon="resourceRockSmall"/>
		    <forge_material name="clay"		icon="resourceClayLump"/>
            <!--
		    <forge_material name="copper"	icon="ulmResourceScrapCopper"/>
		    <forge_material name="silver"	icon="resourceSilverNugget"/>
		    <forge_material name="gold"		icon="resourceGoldNugget"/>
		    <forge_material name="titanium" icon="ulmResourceScrapTitanium"/>
            -->
	    </grid>
    </rect>
</window>

<window name="windowCraftingFuel" depth="2" size="0,0" panel="Left">
	<label style="ulmCraftingFuelTimer" pos="460,0"/>
    
	<rect depth="1" name="buttonContent" pos="58,-145" enabled_font_color="[labelColor]" disabled_font_color="128,128,128,256">
		<texture style="ulmButton188x36"/>
        <sprite depth="4" pos="6,-6" size="20,20" name="flameIcon" sprite="ui_game_symbol_fire"/>
		<label style="ulmButton188x36" text_key="xuiTurnOn" name="onoff"/>
		<button style="ulmButton188x36" name="button" sound="[sfx_btn_basic_1]"/>
	</rect>
	<rect pos="54,-51">
		<grid rows="1" cols="2" cell_width="90" cell_height="90" controller="WorkstationFuelGrid" repeat_content="true" allow_sort_order="false">
			<ulmStack90 name="0"/>
		</grid>
		<grid depth="1" name="slot_preview" rows="1" cols="2" cell_width="90" cell_height="90" controller="SlotPreview" repeat_content="true">
			<rect><sprite style="ulmSlotPreview" sprite="ui_game_symbol_fire"/></rect>
		</grid>
	</rect>
</window>

<window name="windowCraftingTools" depth="2" size="0,0" panel="Left">
	<rect pos="264,-51">
		<grid name="inventory" rows="1" cols="3" cell_width="90" cell_height="90" controller="WorkstationToolGrid" repeat_content="true" allow_sort_order="false" required_tools_only="false">
			<required_item_stack name="0"/>
		</grid>
		<grid depth="1" name="slot_preview" rows="1" cols="3" cell_width="90" cell_height="90" controller="SlotPreview" repeat_content="true">
			<rect><sprite style="ulmSlotPreview" sprite="symbol_tools"/></rect>
		</grid>
	</rect>
</window>
    
<window name="windowCraftingQueueBackpack" depth="2" size="467,180" panel="Left" cursor_area="true">
	<panel style="ulmHeader">
		<sprite style="ulmHeader" sprite="symbol_loading"/>
		<label style="ulmHeader" text_key="uiCraftingQueue"/>
	</panel>
	<rect depth="2" pos="384,-138" size="70,420" controller="CraftingQueue" rotation="180">
		<grid depth="1" name="queue" rows="2" cols="5" cell_width="90" cell_height="90" repeat_content="true">
			<recipe_stack/>
		</grid>
	</rect>
</window>
    
<window name="windowCraftingQueue" depth="2" size="467,128" panel="Left" cursor_area="true">
	<panel style="ulmHeader">
		<sprite style="ulmHeader" sprite="symbol_loading"/>
		<label style="ulmHeader" text_key="uiCraftingQueueAndOutput"/>
	</panel>
	<rect depth="2" pos="474,-48" size="70,90" controller="CraftingQueue" rotation="180">
		<grid depth="1" name="queue" rows="1" cols="6" cell_width="90" cell_height="90" repeat_content="true">
			<recipe_stack name="0"/>
		</grid>
	</rect>
</window>

<window name="windowCraftingOutput" depth="2" size="467,90" panel="Left" cursor_area="true">
	<grid depth="2" pos="24,0" name="inventory" rows="1" cols="6" cell_width="90" cell_height="90" controller="WorkstationOutputGrid" repeat_content="true">
		<ulmStack90/>
	</grid>
	<grid depth="1" pos="24,0" name="slot_preview" rows="1" cols="6" cell_width="90" cell_height="90" controller="SlotPreview" repeat_content="true">
		<rect><sprite depth="2" name="slot" size="70,70" pivot="center" pos="46,-46" type="sliced" color="255,255,255,64" sprite="symbol_output"/></rect>
	</grid>
</window>
    
<window name="windowCraftingInfo" depth="1" size="414,0" anchor="Center" panel="Center" controller="CraftingInfoWindow" cursor_area="true"
	valid_color="0,0,0,0" invalid_color="255,255,255,128" valid_sprite="ui_empty" invalid_sprite="ulm_symbol_warning">
	<panel style="ulmHeader">
		<sprite style="ulmHeader" sprite="{itemGroupIcon}"/>
		<label style="ulmHeader" width="250" text="{itemName}"/>
		<rect depth="8" visible="{missingRequiredTool}">
			<rect depth="8" name="requiredToolOverlay">
				<sprite name="requiredToolCheckmark" size="100,100" pos="-5,-54" atlas="ItemIconAtlas" sprite="ulm_symbol_warning" color="[red]" on_hover="true" tooltip_key="{requiredTool}"/>
				<label depth="3" name="requiredToolText" style="outline" size="140,100" pos="45,-105" pivot="center" font_size="28" text="Required" text_key="xuiRequired" justify="center" color="[ulmRequiredToolLabel]"/>
			</rect>
		</rect>
	</panel>
    
	<button depth="0" name="descriptionButton" style="hidden"/>
    
    <rect depth="1" visible="{showIngredients}">
		<rect pos="25,-224">
			<sprite style="ulmHeader" sprite="ui_game_symbol_misc_crafting"/>
			<label style="ulmHeader" text_key="ui_required_materials" visible="{recipeIsCraftable}"/>
			<label style="ulmHeader" text_key="ui_retrievable_components" visible="{recipeIsScrapable}"/>
		</rect>
	    <texture style="ulmCraftingIngredients"/>
        <ulmButton32x32 depth="2" pos="298,-223" id="showunlocksButton" tooltip_key="xuiSkillUnlocks" sprite="ui_game_symbol_skills" visible="{isUnlockable}"/>
		<!--
        <button depth="2" name="showunlocksButton" style="icon30px, press" sprite="ui_game_symbol_skills" pivot="center" tooltip_key="xuiSkillUnlocks" sound="[paging_click]" visible="{showUnlockedByTab}"/>
	    -->
        <grid pos="17,-262" rows="3" cols="4" cell_height="82" cell_width="82" controller="IngredientList" arrangement="horizontal" repeat_content="true">
		    <ulmStackIngredient name="0"/>
	    </grid>
		<rect pos="25,-517">
			<sprite style="ulmHeader" sprite="ui_game_symbol_book"/>
			<label style="ulmHeader" text_key="uiDetails"/>
		</rect>
	    <grid pos="26,-570" rows="20" cols="1" cell_width="305" cell_height="30" repeat_content="false" arrangement="horizontal">
		    <ulmStatText icon="symbol_group" title="uiType" value="{itemGroupName}"/>
		    <ulmStatText icon="symbol_fire_rate" title="uiAmmo" value="{itemAmmoName}" visible="{showAmmoName}"/>
		    <ulmStatText icon="symbol_repair" title="uiRepairItem" value="{itemRepairName}" visible="{showRepairName}"/>
		    <ulmStatText icon="symbol_mechanic" title="uiCrafted" value="{itemCraftingAreaNames}" visible="{showCraftingAreaNames}" tooltip="{itemCraftingAreaNamesFull}"/>
		    <ulmStatText icon="symbol_recycle" title="uiScrapped" value="{itemScrappingAreaNames}" visible="{showScrappingAreaNames}"/>
		    <ulmStatText icon="symbol_cube" title="uiStorage" value="{itemContainerSize}" visible="{showContainerSize}"/>
		    <rect>
			    <label name="descriptionText" pos="0,-10" size="300,250" font_size="22" text="{itemDescription}"/>
		    </rect>
	    </grid>
    </rect>
    
    <rect depth="1" visible="{showUnlockedBy}">
		<rect pos="25,-224">
			<sprite style="ulmHeader" sprite="ui_game_symbol_misc_crafting"/>
			<label style="ulmHeader" text_key="uiUnlockedBy"/>
		</rect>
	    <texture style="ulmCraftingUnlockedBy"/>
        <ulmButton32x32 depth="2" pos="298,-223" id="ingredientsButton" tooltip_key="ingredient" sprite="ui_game_symbol_misc_crafting" selected="true"/>
		<grid rows="6" pos="23,-272" cell_width="316" cell_height="70" controller="UnlockByList" arrangement="vertical">
			<ulmStackUnlockedBy name="1"/> 
			<ulmStackUnlockedBy name="2"/> 
			<ulmStackUnlockedBy name="3"/> 
			<ulmStackUnlockedBy name="4"/> 
			<ulmStackUnlockedBy name="5"/> 
		</grid> 
    </rect>
    
	<rect depth="1" name="preview" pos="25,-50">
		<sprite name="background" style="hidden"/>
		<sprite name="backgroundMain" style="hidden"/>
		<sprite name="clockIcon" style="hidden"/>
        
        <sprite depth="2" size="153,153" type="sliced" color="255,255,255,40"/>
        <!--
		<texture style="ulmInfoPanelPreviewBG"/>
		<sprite  style="ulmInfoPanelPreviewQL" color="{durabilityColor}"/>
		<texture style="ulmInfoPanelPreviewFG"/>
        -->
		<sprite depth="3" name="itemPreview" pos="17,-17" size="116,116" atlas="ItemIconAtlas" sprite="{itemIcon}" color="{itemIconTint}" foregroundlayer="true"/>
		<label depth="7" name="craftingTime" pos="17,-115" size="116,28" font_size="28" text="{itemCraftTime}" color="[labelColor]" justify="center" effect="outline"/>
		<label depth="7" pos="14,-6" size="120,32" text="{itemCraftCount}" effect="outline"/>
	</rect>
    
	<grid depth="1" pos="179,-50" name="itemActions" rows="5" cols="1" cell_width="156" cell_height="31" controller="ItemActionList">
        <item_action_input controller="RecipeCraftCount"/>
		<item_action_entry/>
		<item_action_entry/>
		<item_action_entry/>
		<item_action_entry/>
	</grid>
</window>
    
<window name="windowJournalList" size="400,900" panel="Left" controller="JournalEntryListWindow" cursor_area="true">
	<texture style="ulmJournalList"/>
	<panel style="ulmHeader">
		<sprite style="ulmHeader" sprite="ui_game_symbol_pen"/>
		<label style="ulmHeader" text_key="xuiJournal"/>
	</panel>
	<rect name="content" pos="20,-74">
		<rect depth="3" name="searchControls">
			<ulmSearch pos="179,81"/>
			<ulmPaging pos="126,-730"/>
		</rect>
		<grid name="journalList" pos="6,25" rows="19" cols="1" cell_width="380" cell_height="39" repeat_content="true" arrangement="vertical" normal_color="[iconColor]" disabled_color="[iconColor]" controller="JournalEntryList">
			<journal_entry name="0"/>
		</grid>
	</rect>
</window>
    
<window name="windowJournalDesc" size="795,900" panel="Center" controller="JournalEntryDescriptionWindow" cursor_area="true">
	<texture style="ulmJournalDesc"/>
	<panel style="ulmHeader">
		<sprite style="ulmHeader" sprite="ui_game_symbol_pen"/>
		<label style="ulmHeader" text="{entrytitle}" width="500"/>
		<sprite style="ulmHeader" pos="735,-15" sprite="ui_game_symbol_clock"/>
		<label style="ulmHeader" pos="435,0" text="{timestamp}" justify="right"/>
	</panel>
    <sprite depth="1" pos="35,-62" size="732,232" atlas="Journal" sprite="{entrytitle}" foregroundlayer="true" type="sliced"/>
	<rect depth="1" name="content" pos="35,-313" size="730,538">
		<label name="descriptionText" font_size="28" text="{entrydescription}"/>
		<rect pos="0,-300" size="730,65" visible="{showempty}">
			<label name="descriptionText" text="DESCRIPTION NOT AVAILABLE AT THIS TIME." text_key="xuiDescriptionNotAvailable" justify="center" font_size="28"/>
		</rect>
	</rect>
</window>
    
<window name="windowLooting" size="325,325" depth="1" controller="LootWindow" panel="Left" anchor_side="bottomright" visible="false" cursor_area="true">		

	<rect depth="5" pos="34,0" name="lootingHeader">
		<button style="ulmHeader" name="btnSort" sprite="ui_game_symbol_loot_sack" tooltip_key="lblSortContainer" sound="[paging_click]"/>
		<label style="ulmHeader" name="lootName" text_key="xuiLoot"/>
	</rect>
	<ulmSearchInventory pos="26,8"/>

	<panel style="hidden" name="header" disableautobackground="true"/>
	<label style="hidden" name="takeAllLabel">
	</label>
	<sprite style="hidden" name="headerbackground"/>
	<sprite style="hidden" name="gridBackground"/>
	<sprite style="hidden" name="takeAllIcon"/>

	<rect depth="1" name="frameTL"><texture style="ulmLootTL"/></rect>
	<rect depth="1" name="frameTR">
		<texture style="ulmLootTR"/>
		<grid pos="-1,0" depth="20" rows="1" cols="6" cell_width="36" cell_height="36" repeat_content="false" rotation="180">
			<ulmSort id="btnSortByWeight" sprite="symbol_sort_weight" tooltip_key="ui_sort_weight"/>
			<ulmSort id="btnSortByPrice" sprite="symbol_sort_price" tooltip_key="ui_sort_price"/>
			<ulmSort id="btnSortByGroup" sprite="symbol_sort_group" tooltip_key="ui_sort_group"/>
			<ulmSort id="btnSortByName" sprite="symbol_sort_name" tooltip_key="ui_sort_name"/>
			<ulmSort id="btnSearchInventory" sprite="symbol_sort_search" tooltip_key="ui_toggle_search"/>
		</grid>
	</rect>
	<rect depth="1" name="frameBL"><texture style="ulmLootBL"/></rect>
	<rect depth="1" name="frameBR"><texture style="ulmLootBR"/></rect>
	<rect depth="1" pos="40,25"><texture name="frameTM" style="ulmLootTM"/></rect>
	<rect depth="1" pos="40,-32"><texture name="frameBM" style="ulmLootBM"/></rect>
	<rect depth="1" pos="-10,-53"><texture name="frameML" style="ulmLootML"/></rect>
	<rect depth="1" pos="11,-53"><texture name="frameMR" style="ulmLootMR"/></rect>
	<rect depth="1" pos="40,-53"><texture name="frameMM" style="ulmLootMM"/></rect>

	<rect depth="2" name="content" pos="30,-50">
		<grid rows="11" cols="15" cell_width="90" cell_height="90" repeat_content="true" controller="LootContainer">
			<ulmStack90 depth="1" name="0"/>
		</grid>
	</rect>
</window>

<window name="windowMaterials" depth="1" panel="Center" normal_color="[iconColor]" cursor_area="true" controller="MaterialWindow">
    <rect pos="0,-80">
	    <texture style="ulmPainting"/>
	    <panel style="ulmHeader">
		    <sprite style="ulmHeader" sprite="ui_game_symbol_paint_bucket"/>
		    <label style="ulmHeader, hidden" text="MATERIALS"/>
        </panel>
        <rect pos="-42,-45">
            <ulmCategoryTabLeft id="paintbrush" sprite="ui_game_symbol_paint_brush" tooltip="xuiPaintBrush" selected="true"/>
            <ulmCategoryTabLeft pos="0,-54" id="paintroller" sprite="ui_game_symbol_paint_roller" tooltip="xuiPaintRoller"/>    
        </rect>
	    <ulmSearch pos="896,8"/>
	    <ulmPaging pos="490,-603"/>
	    <grid name="queue" rows="4" cols="12" pos="23,-50" cell_width="0" cell_height="0" repeat_content="false" controller="MaterialStackGrid">
            <rect>
	            <grid pos="270,0" rows="3" cols="9" cell_width="90" cell_height="90" repeat_content="true">
                    <material_stack/>
	            </grid>
            </rect>
            <rect>
	            <grid pos="0,-270" rows="3" cols="12" cell_width="90" cell_height="90" repeat_content="true">
                    <material_stack/>
	            </grid>
            </rect>
	    </grid>
        <ulmTextbox182 pos="920,-599" id="resultCount" text="0" tooltip="{paintcosttitle}" justify="center"/>
    </rect>
</window>
    
<window name="windowMaterialInfo" depth="2" controller="MaterialInfoWindow" size="1130,690" panel="Center" normal_color="[iconColor]" cursor_area="true">
    <rect pos="0,-80">
	    <panel style="ulmHeader">
		    <label style="ulmHeader" width="500" text="{group} / {materialname}" tooltip="{grouptitle}"/>
	    </panel>
	    <texture depth="1" name="textMaterial" pos="39,-63" size="234,234" material="Materials/Transparent Colored" globalopacity="false"/>
        <ulmTextbox182 pos="25,-599" sprite="ui_game_symbol_paint_bucket" text="{paintcost} {paintunit}" tooltip="{paintcosttitle}"/>
        <ulmTextbox182 pos="210,-599" sprite="ui_game_symbol_perk" text="{perk} {perklevel}" tooltip="{requiredtitle}" visible="{hasperklock}"/>
    </rect>
</window>
    
<window name="windowQuestDescription" depth="0" size="690,367" panel="Center" controller="QuestDescriptionWindow" cursor_area="true">
	<texture style="ulmQuestsDesc"/>
	<panel style="ulmHeader">
		<sprite style="ulmHeader" sprite="ui_game_symbol_quest"/>
		<label style="ulmHeader" text="{questtitle}" width="500"/>
	</panel>
    <label depth="1" name="descriptionText" pos="25,-45" size="650,315" text="{questdescription}" font_size="28"/>
    <!--<sprite depth="1" pos="25,-45" size="650,315" color="128,128,128,128" type="sliced"/>-->
</window>
    
<window name="windowQuestObjectives" depth="1" size="690,0" panel="Center" controller="QuestObjectivesWindow" cursor_area="true">
	<panel style="ulmHeader">
		<sprite style="ulmHeader" sprite="ui_game_symbol_quest"/>
		<label style="ulmHeader" text="OBJECTIVES" text_key="xuiObjectives" width="500"/>
		<label style="ulmHeader" width="282" text="{questdifficulty}" justify="right" color="[lightGrey]"/>
	</panel>
	<grid depth="1" pos="30,-50" rows="2" cols="1" width="320" cell_width="320" cell_height="105" repeat_content="false" arrangement="vertical" visible="{showquest}">
		<rect visible="{showrequirements}">
			<texture depth="2" style="ulmQuestRequirement"/>
			<label depth="3" pos="10,-35" size="300,54" font_size="26" text="{questrequirements}" overflow="ShrinkContent" effect="outline"/>
			<texture depth="4" style="ulmQuestRequirementFG1"/>
			<texture depth="5" style="ulmQuestRequirementFG2"/>
			<label depth="5" pos="10,-7" size="300,26" font_size="26" text="{questrequirementstitle}:" overflow="ShrinkContent"/>
		</rect>
		<rect>
			<grid name="objectiveList" rows="10" cols="1" width="320" cell_width="320" cell_height="38" repeat_content="true" arrangement="vertical" controller="QuestObjectiveList">
				<quest_objective_entry name="0"/>
			</grid>
		</rect>
	</grid>
</window>
    
<window name="windowQuestRewards" depth="1" size="690,199" panel="Center" controller="QuestRewardsWindow" cursor_area="true">
    <panel style="ulmHeader" pos="358,0">
		<sprite style="ulmHeader" sprite="ui_game_symbol_quest"/>
		<label style="ulmHeader" text_key="xuiRewards"/>
		<label style="ulmHeader" pos="-20,290" text="{finishtime}" justify="right" color="[lightGrey]"/>
	</panel>
	<label pos="362,-45" depth="3" name="descriptionText" text="{commonrewards}
	{chosentitle}{chosenrewards}
	{chaintitle}{chainrewards}" font_size="28" size="310,400" visible="{showquest}"/>
	<label pos="362,-214" depth="3" name="descriptionText" size="310,60" font_size="28" text_key="xuiRewardsNotAvailable" justify="center" visible="{showempty}"/>
</window>
    
<window name="windowQuestList" depth="1" size="400,524" panel="Left" controller="QuestListWindow" cursor_area="true">
	<texture style="ulmQuestList"/>
	<panel style="ulmHeader">
		<sprite style="ulmHeader" sprite="ui_game_symbol_quest"/>
		<label style="ulmHeader" text_key="xuiQuests"/>
	</panel>
	<button depth="1" name="trackBtn" style="icon32px, press, hover" size="28,28" pivot="center" pos="46,-62" sprite="ui_game_symbol_quest" tooltip="Toggle Active" tooltip_key="lblToggleActive" sound="[paging_click]"/>
	<button depth="1" name="showOnMapBtn" style="icon32px, press, hover" size="28,28" pivot="center" pos="89,-62" sprite="ui_game_symbol_map" tooltip="Show on Map" tooltip_key="lblShowOnMap" sound="[paging_click]"/>
	<button depth="1" name="questShareBtn" style="icon32px, press, hover" size="28,28" pivot="center" pos="120,-62" sprite="ui_game_symbol_players" tooltip="Share Quest" sound="[paging_click]"/>
	<button depth="1" name="questRemoveBtn" style="icon32px, press, hover" size="28,28" pivot="center" pos="390,-62" sprite="symbol_trash_can" tooltip="Remove Quest" tooltip_key="lblRemoveQuest" sound="[paging_click]"/>
	<ulmSearch pos="200,6"/>
	<ulmPaging pos="146,-478"/>
	<grid name="questList" rows="10" cols="1" pos="26,-85" width="380" cell_width="380" cell_height="38" controller="QuestList" repeat_content="true" arrangement="vertical" normal_color="[iconColor]" disabled_color="[iconColor]">
		<quest_entry name="0"/>
	</grid>
</window>
<window name="windowQuestSharedList" depth="2" size="400,213" panel="Left" cursor_area="true" controller="QuestSharedListWindow">
	<panel style="ulmHeader">
		<sprite style="ulmHeader" sprite="ui_game_symbol_quest"/>
		<label style="ulmHeader" text_key="ui_quests_shared"/>
	</panel>
	<button depth="1" name="acceptBtn" style="icon32px, press, hover" pivot="center" size="28,28" pos="46,-62" sprite="ui_game_symbol_check" tooltip="Accept Quest" sound="[paging_click]"/>
	<button depth="1" name="showOnMapBtn" style="icon32px, press, hover" pivot="center" size="28,28" pos="89,-62" sprite="ui_game_symbol_map" tooltip="Show on Map" tooltip_key="lblShowOnMap" sound="[paging_click]"/>
	<button depth="1" name="questRemoveBtn" style="icon32px, press, hover" pivot="center" size="28,28" pos="390,-62" atlas="ItemIconAtlas" sprite="ulm_symbol_trash_can" tooltip="Cancel Quest" sound="[paging_click]"/>
	<ulmSearch pos="200,7"/>
	<ulmPaging pos="146,-248"/>
	<grid name="questList" rows="4" cols="1" pos="26,-85" width="380" cell_width="380" cell_height="38" controller="QuestSharedList" repeat_content="true" arrangement="vertical" normal_color="[iconColor]" disabled_color="[iconColor]">
		<quest_entry name="0"/>
	</grid>
</window>
    
<window name="windowQuestTracker" pos="-450, -130" size="300,100" anchor="RightTop" controller="QuestTrackerWindow" visible="{showquest}" depth="-20">
	<texture style="ulmQuestTrack"/>
	<label depth="1" pos="50,-5" size="336,28" font_size="28" style="outline" pivot="topleft" text="{questtitle}"/>
	<sprite depth="1" pos="14,-8" size="26,26" sprite="{questicon}"/>
	<grid name="objectiveList" rows="9" cols="1" pos="40,-40" cell_width="360" cell_height="40" repeat_content="true" arrangement="vertical" controller="QuestTrackerObjectiveList" complete_icon="ui_game_symbol_check" incomplete_icon="ui_game_symbol_x" complete_color="[green]" incomplete_color="[red]">
		<quest_objective_tracker_entry/>
	</grid>
</window>
    
<window name="windowQuestTurnInDescription" depth="1" size="466,276" panel="Left" cursor_area="true" controller="QuestTurnInDetailsWindow">
	<texture style="ulmTraderReward"/>
	<panel style="ulmHeader">
		<sprite style="ulmHeader" sprite="ui_game_symbol_quest"/>
		<label style="ulmHeader" text="{questtitle}" width="320"/>
	</panel>
	<rect depth="3" name="content" pos="39,-60" size="138,138">
	    <sprite depth="3" pos="24,-24" sprite="ui_game_symbol_character" size="90,90"/>
		<sprite depth="4" name="portrait" sprite="{npcportrait}" type="sliced" foregroundlayer="true"/>
		<texture style="ulmTraderRewardPortrait"/>
	    <label depth="4" pos="-10,-156" size="158,28" font_size="28" effect="outline" text="{npcname}" color="[labelColor2]" justify="center"/>
	    <!--<sprite depth="3" pos="156,0" size="280,210" type="sliced" color="128,128,128,128"/>-->
	    <label depth="4" pos="156,0" size="280,210" font_size="28" text_key="{questcompletetext}"/>
	</rect>
</window>
    
<window name="windowQuestTurnInRewards" depth="2" size="466,434" panel="Left" cursor_area="true" controller="QuestTurnInRewardsWindow"> <!--item_format="{0}: [DECEA3]{1}[-]" item_bonus_format="{0}: [DECEA3]{1}[-] ([DECEA3]{2}[-] {3})"-->
	<panel style="ulmHeader">
		<sprite style="ulmHeader" sprite="ui_game_symbol_treasure"/>
		<label style="ulmHeader" text="REWARDS" text_key="xuiRewards"/>
		<label style="ulmHeader" text="{sharedbyname}" justify="right"/>
        <rect pos="0,-200">
		    <sprite style="ulmHeader" sprite="ui_game_symbol_hand"/>
		    <label style="ulmHeader" text="{chosentitle}"/>
        </rect>
	</panel>
	<rect depth="2" name="content" pos="250,-117" size="450,134">
	    <!--<sprite type="sliced" color="128,128,128,128" pivot="center"/>-->
		<label size="450,138" font_size="28" text="{questxpreward} EXP\n{questitemrewards}" visible="{questhasitemrewards}" justify="center" pivot="center"/>
	</rect>
	<rect depth="1" name="rectOptions" pos="24,-250">
		<grid name="gridOptions" rows="1" cols="5" cell_width="90" cell_height="90" repeat_content="true" arrangement="horizontal">
			<quest_turnin_entry/>
		</grid>
	</rect>
	<rect depth="2" name="rectAccept" pos="175,-350">
        <ulmButton name="btnAccept" id="clickable" label_id="lblOnOff" caption_key="{acceptbuttontext}" visible="{showPlayerStats}" upper_case="true"/>
	</rect>
</window>
    
<window name="windowShapeBlocks" depth="1" panel="Center" anchor_side="bottomright" normal_color="[iconColor]" cursor_area="true" controller="ShapesWindow">
    <rect pos="0,-80">
	    <texture style="ulmPainting"/>
	    <panel style="ulmHeader">
		    <sprite style="ulmHeader" sprite="ui_game_symbol_lightbulb"/>
		    <label style="ulmHeader, hidden" text="xuiShapes"/>
        </panel>

	    <ulmSearch pos="896,8"/>
	    <ulmPaging pos="490,-603"/>
	    <grid name="shapes" rows="4" cols="12" pos="23,-50" cell_width="0" cell_height="0" repeat_content="false" controller="ShapeStackGrid">
            <rect>
	            <grid pos="270,0" rows="3" cols="9" cell_width="90" cell_height="90" repeat_content="true">
                    <shape_stack/>
	            </grid>
            </rect>
            <rect>
	            <grid pos="0,-270" rows="3" cols="12" cell_width="90" cell_height="90" repeat_content="true">
                    <shape_stack/>
	            </grid>
            </rect>
	    </grid>
        <ulmTextbox182 pos="920,-599" id="resultCount" text="0" tooltip="{paintcosttitle}" justify="center"/>
	</rect>
</window>
	
<window name="windowShapeInfo" depth="2" size="1130,690" panel="Center" normal_color="[iconColor]" cursor_area="true" controller="ShapeInfoWindow">
    <rect pos="0,-80">
	    <panel style="ulmHeader">
		    <label style="ulmHeader" width="400" text="{blockname}"/>
	    </panel>
		<sprite depth="9" name="itemPreview" pos="39, -63" size="234,234" atlas="ItemIconAtlas" sprite="{blockicon}" color="{blockicontint}" foregroundlayer="true"/>
    </rect>
</window>
    
<window name="windowSignEdit" pos="-200,-150" size="400,240" panel="center" controller="SignWindow" cursor_area="true">	
	<texture style="ulmSignEdit"/>
	<panel style="ulmHeader">
		<sprite style="ulmHeader" sprite="ui_game_symbol_pen"/>
		<label style="ulmHeader"  text_key="xuiSign"/>
	</panel>
    <sign_text_area pos="30,-51"/>
    <ulmButton depth="3" pos="125, -159" id="clickable" caption_key="xuiClose"/>
</window>

<window name="windowPlayers" size="1562,746" panel="Center" cursor_area="true">
	<texture style="ulmPlayers"/>
    <panel style="ulmHeader">
		<sprite style="ulmHeader" sprite="ui_game_symbol_players"/>
		<label style="ulmHeader" text_key="xuiPlayers"/>
		<label style="ulmHeader" name="numberOfPlayers" pos="1232,0" color="[lightGrey]" justify="right"/>
	</panel>
	<grid rows="1" cols="17" pos="15,-55" width="1166" cell_width="110" cell_height="38" repeat_content="false" arrangement="horizontal">
		<rect>
			<sprite pos="94,-6" style="icon32px" sprite="ui_game_symbol_player"/>
			<label pos="0,-48" size="220,28" font_size="26" text_key="xuiSteamID" justify="center"/>
		</rect>
		<rect/>
		<ulmPlayersHeader icon="ui_game_symbol_zombie" label="xuiZombieKills" height="54" posY="-38"/>
		<ulmPlayersHeader icon="ui_game_symbol_knife" label="xuiPlayerKills" height="54" posY="-38"/>
		<ulmPlayersHeader icon="ui_game_symbol_death" label="xuiDeaths"/>
		<ulmPlayersHeader icon="ui_game_symbol_trophy" label="xuiLevel"/>
		<ulmPlayersHeader icon="ui_game_symbol_perk" label="xuiGameStage" height="54" posY="-38"/>
		<ulmPlayersHeader icon="ui_game_symbol_ping" label="xuiPing"/>
		<ulmPlayersHeader icon="ui_game_symbol_invite" label="xuiAllies"/>
		<ulmPlayersHeader icon="ui_game_symbol_allies" label="xuiParty"/>
		<ulmPlayersHeader icon="ui_game_symbol_mic" label="xuiVoice"/>
		<ulmPlayersHeader icon="ui_game_symbol_map" label="xuiMap"/>
		<ulmPlayersHeader icon="ui_game_symbol_compass" label="xuiKM"/>
		<ulmPlayersHeader icon="ui_game_symbol_run" label="xuiPlayersReportPlayerCol"/>
	</grid>
	<rect name="reportheader">
		<sprite style="hidden" name="icon"/>
		<label style="hidden" name="text"/>
	</rect>
	<grid name="playersList" rows="17" cols="1" pos="15,-159" cell_width="1166" cell_height="38" repeat_content="true" arrangement="vertical" controller="PlayersList">
		<players_entry name="0"/>
	</grid>
	<ulmPaging depth="3" pos="712,-813"/>
</window>
    
<window name="windowRespondentName" depth="0" pos="-350,400" anchor="CenterBottom" controller="DialogRespondentName">
	<texture style="ulmDialogue"/>
    <label style="ulmHeader" width="650" text="{respondentname}" color="[selectedColor]" justify="center"/>
</window>
<window name="windowStatement" depth="1" pos="-350,335" anchor="CenterBottom" controller="DialogStatementWindow">
	<label style="ulmHeader" size="650,60" font_size="30" name="statementLabel" text="{statement}" justify="center"/>
</window>
<window name="windowResponses" depth="1" pos="-335,265" anchor="CenterBottom" cursor_area="true">
	<grid name="items" rows="6" cols="1" cell_width="590" cell_height="42" repeat_content="true" arrangement="vertical" controller="DialogResponseList">
		<response_entry id="0"/>
	</grid>
</window>

<window name="windowTargetBar" controller="TargetBar">
	<rect controller="ULM_HUD,Mods" visible="{visible}">
	<rect pos="-240,-55" size="476,30" visible="{hudNotDriving}">
		<texture style="ulmTargetHealth" pos="-18,12"/>
		<sprite depth="2" name="BarContent" pos="240,-7" size="456,147" type="filled" sprite="ui_bar_target" rotation="-15" pivot="center" color="200,60,50,220" fill="{fill}" globalopacity="false"/>
		<label depth="3" name="TextContent" font_size="26" pos="237,-7" size="456,30" style="outline" justify="center" pivot="center" text="{name}"/>
		<!--<label depth="3" name="TextContent" pos="-9,-4" font_size="28" color="[white]" justify="right" pivot="topleft" text="{currentwithmax}" height="30"/>-->
	</rect>
	</rect>
</window>

<window name="windowTrader" depth="1" size="468,800" panel="Left" controller="TraderWindow" cursor_area="true">
	<texture style="ulmTrader"/>
	<panel style="ulmHeader">
		<sprite style="ulmHeader" sprite="ui_game_symbol_map_trader"/>
		<label style="ulmHeader"/>
	</panel>
	<panel depth="1" name="content" pos="0,25" disableautobackground="true" on_scroll="true">
		<grid depth="0" pos="-42,-71" name="categories" size="42,42" rows="14" cols="1" cell_width="54" cell_height="54" repeat_content="true" controller="CategoryList">
			<ulmCategory/>
		</grid>
		<rect depth="1" pos="-42,-668" visible="{isrentable|once}">
			<texture style="ulmCategory"/>
			<button depth="1" name="rent" pos="34,-30" style="ulmButtonIcon" sprite="ui_game_symbol_vending" tooltip_key="lblContextActionRent"/>
		</rect>
		<rect depth="2" pos="-42,-722" visible="{isrenter}">
            <ulmCategoryTabLeft id="takeAll" sprite="ui_game_symbol_hand" tooltip="btnTakeAll"/>
            <ulmCategoryTabLeft id="collect" pos="0,-54" sprite="symbol_coins" tooltip="btnCollect"/>
            <ulmTextbox142 pos="67,-76" sprite="symbol_coins" text="{availablemoney}"/>
            <ulmTextbox142 pos="375,-76" justify="center" text="{renttimeleft}" visible="{isrenter}"/>
		</rect>
		<ulmSearch pos="267,-17"/>
		<ulmPaging pos="175,-802"/>
		<grid depth="1" name="items" pos="24,-74" size="402,402" rows="8" cols="5" cell_width="90" cell_height="90" controller="TraderItemList" repeat_content="true" arrangement="horizontal">
			<ulmStackTrader/>
		</grid>
		<rect pos="33,-806" size="100,32" on_hover="true" tooltip="{restocklabel}" visible="{showrestock}">
			<sprite sprite="symbol_box" size="24,24"/>
			<label style="ulmHeader" pos="40,0" height="22" text="{timeleft}"/>
		</rect>
	</panel>
</window>

<window name="windowTooltip" depth="100" size="660,150" pos="0,75">
	<rect name="content" visible="true">
		<texture style="ulmTooltip"/>
		<!--<sprite depth="1" color="0,0,0,128" type="sliced" pos="330,-75" size="620,110" pivot="center"/>-->
		<label depth="2" name="message" pos="370,-75" size="560,110" font_size="32" style="outline" text="" justify="center" pivot="center"/>
	</rect>
</window>

<window name="windowVehicle" depth="2" size="286,540" panel="Left" controller="VehicleFrameWindow" cursor_area="true">
	<texture style="ulmVehicle"/>
	<panel style="ulmHeader">
		<sprite style="ulmHeader" sprite="{vehicleicon}"/>
		<label style="ulmHeader" text="{vehiclename}"/>
		<rect pos="0,-262">
			<sprite style="ulmHeader" sprite="ui_game_symbol_assemble"/>
			<label style="ulmHeader" text_key="xuiModifiers"/>
		</rect>
	</panel>
	<grid pos="23,-45" rows="6" cols="1" cell_width="236" cell_height="28" repeat_content="false" arrangement="vertical">
		<ulmStatVehicle id="{vehicledurabilitytitle}"	value="{vehicledurability}"/>
		<ulmStatVehicle id="{speedtitle}"				value="{speed}m/s ({speedtext})"/>
		<ulmStatVehicle id="{noisetitle}"				value="{noise}"/>
		<ulmStatVehicle id="{protectiontitle}"			value="{protection}"/>
		<ulmStatVehicle id="{passengerstitle}"			value="{passengers}"/>
		<ulmStatVehicle id="{fueltitle}"				value="{fuelCurrent}/{fuelMax}" visible="{showfuel}"/>
	</grid>
	
	<grid pos="23,-218" rows="1" cols="2" cell_width="141" cell_height="26" repeat_content="false" arrangement="vertical">
		<rect name="btnRefuel" visible="{showfuel}">
			<texture style="ulmButton138x36"/>
			<sprite style="ulmButton138x36" sprite="ui_game_symbol_gas"/>
			<label style="ulmButton138x36" text="{refueltext}"/>
			<button style="ulmButton138x36"/>
		</rect>
		<rect name="btnRepair">
			<texture style="ulmButton138x36"/>
			<sprite style="ulmButton138x36" sprite="ui_game_symbol_wrench"/>
			<label style="ulmButton138x36" text_key="xuiRepair"/>
			<button style="ulmButton138x36"/>
		</rect>
	</grid>
	<grid name="parts" pos="23,-310" rows="2" cols="3" cell_width="90" cell_height="90" repeat_content="true" controller="VehiclePartStackGrid">
		<vehicle_part_slot/>
	</grid>
</window>
    
<window name="windowVehicleStorage" size="325,325" depth="1" anchor_side="bottomright" panel="Left" cursor_area="true">

	<rect depth="5" pos="34,0" name="lootingHeader">
		<button style="ulmHeader" name="btnSort" sprite="ui_game_symbol_loot_sack" tooltip_key="lblSortContainer" sound="[paging_click]"/>
		<label style="ulmHeader" name="lootName" text_key="xuiVehicleStorage"/>
	</rect>
    
	<panel style="hidden" name="header" disableautobackground="true"/>
	<label style="hidden" name="takeAllLabel"/>
	<sprite style="hidden" name="headerbackground"/>
	<sprite style="hidden" name="gridBackground"/>
	<sprite style="hidden" name="takeAllIcon"/>
    
	<rect depth="1" name="frameTL"><texture style="ulmLootTL"/></rect>
	<rect depth="1" name="frameTR"><texture style="ulmLootTR"/></rect>
	<rect depth="1" name="frameBL"><texture style="ulmLootBL"/></rect>
	<rect depth="1" name="frameBR"><texture style="ulmLootBR"/></rect>
	<rect depth="1" pos="40,25"><texture name="frameTM" style="ulmLootTM"/></rect>
	<rect depth="1" pos="40,-32"><texture name="frameBM" style="ulmLootBM"/></rect>
	<rect depth="1" pos="-10,-53"><texture name="frameML" style="ulmLootML"/></rect>
	<rect depth="1" pos="11,-53"><texture name="frameMR" style="ulmLootMR"/></rect>
	<rect depth="1" pos="40,-53"><texture name="frameMM" style="ulmLootMM"/></rect>

	<grid depth="2" name="inventory" pos="30,-50" rows="11" cols="15" cell_width="90" cell_height="90" repeat_content="true" controller="VehicleContainer">
		<ulmStack90 name="0"/>
	</grid>
</window>

<window name="windowPagingHeader" depth="10" style="ulmHeader" cursor_area="true" controller="WindowSelector">
	<texture style="ulmHeaderPaging"/>
	<label name="lblWindowName" style="hidden"/>
	<button pos="0,0" style="ulmHeaderPaging" name="Crafting">
		<label style="ulmHeaderPaging" text_key="uiHeaderCrafting"/>
	</button>
	<button pos="180,0" style="ulmHeaderPaging" name="Character">
		<label style="ulmHeaderPaging" text_key="uiHeaderCharacter"/>
	</button>
	<button pos="360,0" style="ulmHeaderPaging" name="Skills">
		<label style="ulmHeaderPaging" text_key="uiHeaderSkills"/>
	</button>
	<button pos="540,0" style="ulmHeaderPaging" name="Quests">
		<label style="ulmHeaderPaging" text_key="uiHeaderQuests"/>
	</button>
	<button pos="720,0" style="ulmHeaderPaging" name="Map">
		<label style="ulmHeaderPaging" text_key="uiHeaderMap"/>
	</button>
	<button pos="900,0" style="ulmHeaderPaging" name="Journal">
		<label style="ulmHeaderPaging" text_key="uiHeaderJournal"/>
	</button>
	<button pos="1080,0" style="ulmHeaderPaging" name="Players">
		<label style="ulmHeaderPaging" text_key="uiHeaderPlayers"/>
	</button>
	<button pos="1260,0" style="ulmHeaderPaging" name="Creative">
		<label style="ulmHeaderPaging" text_key="uiHeaderCreative"/>
	</button>

	<gamepad_icon depth="1" name="LB_Icon" size="35,35" pos="-8,-20" pivot="Right" sprite="Button_LB"/>
	<gamepad_icon depth="1" name="RB_Icon" size="35,35" pos="608,-20" pivot="Left" sprite="Button_RB"/>
</window>

<window name="windowDebugUndeadLegacy" depth="0" controller="ULM_HUD,Mods">
	<grid pos="20,250" rows="20" cols="1" cell_width="200" cell_height="28" repeat_content="false" side="left" visible="{showDebugValues}" rotation="180">
		<ulmDebugRow label="statWellness"			value="{hudWellness}"/>
		<ulmDebugRow label="statWellnessRate"		value="{hudWellnessRate}"/>
		<ulmDebugRow label="statFoodRate"			value="{hudFoodTick}"/>
		<ulmDebugRow label="statWaterRate"			value="{hudWaterTick}"/>
		<ulmDebugRow label="uiArmor"				value="{hudEquipmentArmor}"/>
		<ulmDebugRow label="uiClothing"				value="{hudEquipmentClothing}"/>
		<ulmDebugRow label="statResistFallDamage"	value="{hudResistFallDamage}"/>
		<ulmDebugRow label="uiBiomeName"			value="{hudBiomeName}"/>
		<ulmDebugRow label="uiPrefabName"			value="{hudPrefabName}"/>
		<ulmDebugRow label="statResistRadiation"	value="{hudRadiationResistance}"/>
		<ulmDebugRow label="uiRadiation"			value="{hudRadiationDamage}"/>
		<ulmDebugRow label="uiMovementState"		value="{hudMovementState}"/>
		<ulmDebugRow label="statWater"				value="{playerWater}/{playerWaterMax}"/>
	</grid>
</window>
    
<window name="headerLooting" depth="10" anchor="LeftTop" controller="WindowNonPagingHeader">
	<texture style="ulmHeaderPaging" pivot="TopLeft"/>
	<label name="lblWindowName" style="hidden"/>
    <label style="ulmHeaderPaging" pos="100,-24" text_key="uiLooting"/>
</window>
    
<window name="headerEmpty" controller="WindowNonPagingHeader"/>
   
<window style="ulmHeader" name="headerCrafting"/>
<window style="ulmHeader" name="headerCharacter"/>
<window style="ulmHeader" name="headerMap"/>
<window style="ulmHeader" name="headerSkills"/>
<window style="ulmHeader" name="headerQuests"/>
<window style="ulmHeader" name="headerJournal"/>
<window style="ulmHeader" name="headerPlayer"/>
<window style="ulmHeader" name="headerCreative"/>

</append>
</Subquake>