<Subquake>

<append xpath="/controls">

    <ulm_menu_button_hidden>
        <rect name="${name}" controller="SimpleButton" visible="false">
            <button name="clickable" size="0,0"/>
            <label name="btnLabel" size="0,0"/>
        </rect>
    </ulm_menu_button_hidden>

    <mainMenu>
        <rect pos="${pos|0,0}">
            <texture style="menuMain"/>
            <texture style="menuLogo"/>
            <widget depth="2" size="376,30" anchor_left="#cam,0,91" anchor_bottom="#cam,0,70" pivot="BottomLeft">
                <label font_size="30" text_key="ui_mod_version" justify="center" style="outline"/>
            </widget>
        </rect>
    </mainMenu>

    <ulmMenuButton>
        <rect name="${name}" depth="3" pos="${pos|0,0}" sound="${sound|[sfx_btn_menu_next]}" size="260,80" enabled_font_color="${enabled_font_color|[labelColor]}" disabled_font_color="${disabled_font_color|[disabledLabelColor]}" controller="SimpleButton" visible="${visible|true}">
            <texture style="buttonMenu"/>
			<button style="buttonMenu" sound="${sound|[sfx_btn_menu_next]}">
				<texture style="buttonMenuHover"/>
			</button>
            <label depth="2" name="btnLabel" pos="0,-40" justify="center" text="${caption|}" text_key="${text|}" effect="outline" pivot="${pivot|left}" font_size="30" />
        </rect>
    </ulmMenuButton>

    <ulmMenuButtonBack>
        <rect name="${name}" depth="3" pos="${pos|0,0}" size="260,80" enabled_font_color="${enabled_font_color|[labelColor]}" disabled_font_color="${disabled_font_color|[disabledLabelColor]}" controller="SimpleButton">
            <texture style="buttonMenu"/>
			<button style="buttonMenu" sound="[sfx_btn_menu_back]">
				<texture style="buttonMenuHover"/>
			</button>
            <label depth="2" name="btnLabel" pos="0,-40" justify="center" text="${caption|}" text_key="${text|}" style="outline" pivot="${pivot|left}" font_size="30" />
        </rect>
    </ulmMenuButtonBack>

    <ulmMenuButtonOptionsBack>
        <widget depth="10" anchor_left="#cam,0,150" pivot="Left">
            <ulmMenuButtonBack pos="0,-903" name="btnBack" text="xuiBack"/>
        </widget>
    </ulmMenuButtonOptionsBack>

    <ulmButtonTab>
        <rect name="${name}" depth="${depth|3}" pos="${pos|0,0}" width="${width|200}" height="${height|32}" enabled_font_color="${enabled_font_color|[labelColor]}" disabled_font_color="${disabled_font_color|[disabledLabelColor]}" controller="SimpleButton" visible="${visible|true}">
            <button style="buttonTab" tooltip_key="${tooltip_key|}"/>
            <label style="buttonTab" name="btnLabel" text_key="${text|}"/>
        </rect>
    </ulmButtonTab>

    <ulmButtonControls>
        <rect name="${name}" depth="${depth|3}" pos="${pos|0,0}" width="${width|200}" height="${height|32}" enabled_font_color="${enabled_font_color|[labelColor]}" disabled_font_color="${disabled_font_color|[disabledLabelColor]}" controller="SimpleButton" visible="${visible|true}">
            <button style="buttonTab" width="153" tooltip_key="${tooltip_key|}"/>
            <label style="buttonTab" width="153" name="btnLabel" text_key="${text|}"/>
        </rect>
    </ulmButtonControls>

    <ulm_load_save>
        <rect height="${height}" style="buttonLoadSave"
        background_color_unselected = "0,0,0,0"
        background_color_hovered = "255,255,255"
        background_color_selected = "255,255,255"
        background_sprite_unselected = ""
        background_sprite_selected = "menu_empty"
        disabled_font_color="[disabledLabelColor]"
        enabled_font_color="[labelColor]"
        sound="[sfx_btn_menu_next]"
        controller="ListEntry&lt;XUiC_SavegamesList.ListEntry&gt;">
            <texture depth="1" style="buttonLoadSave" visible="{hasentry}"/>
            <sprite depth="2" name="background" size="0,0" color="0,0,0,0">
                <texture style="buttonLoadSaveHover"/>
            </sprite>
            <label depth="3" name="Name" pos="15,-10" width="${width-100}" height="30" text="{savename}" font_size="30"/>
            <label depth="3" name="World" pos="15,${-height+10}" color="{worldcolor}" width="${width-200}" height="32" text="{worldname} - {mode}" tooltip="{worldtooltip}" font_size="26" justify="left" pivot="bottomleft" visible="{hasentry}" />
            <label depth="3" name="Version" pos="${width-32},-10" color="{versioncolor}" width="80" height="32" text="{version}" tooltip="{versiontooltip}" font_size="26" justify="right" pivot="topright" />
            <label depth="3" name="LastPlayed" pos="${width-32},${-height+10}" color="255,255,255,128" width="180" height="32" text="{lastplayed}" font_size="26" justify="right" pivot="bottomright" />
        </rect>
    </ulm_load_save>

    <ulmButtonefault>
		<rect depth="1" name="${name|}" size="182,48" pos="${pos|0,0}" controller="${controller|SimpleButton}" visible="${visible|true}" enabled_font_color="${enabled_font_color|[labelColor]}" disabled_font_color="${disabled_font_color|128,128,128,256}">
			<texture style="ulmButton138x36"/>
			<label style="ulmButton138x36" text_key="${text|}" name="${lbl_name|btnLabel}"/>
			<button style="ulmButton138x36" name="${btn_name|clickable}" sound="${sound|[sfx_btn_basic_1]}" tooltip_key="${tooltip_key|}"/>
		</rect>
    </ulmButtonefault>

    <ulmButtonOption>
		<rect depth="1" name="${name|}" size="182,48" pos="${pos|0,0}" controller="${controller|SimpleButton}" visible="${visible|true}" enabled_font_color="${enabled_font_color|[labelColor]}" disabled_font_color="${disabled_font_color|128,128,128,256}">
			<texture style="buttonOptionApply"/>
			<button depth="2" type="advanced" name="${btn_name|clickable}" hoverscale="1.0" sound="${sound|[sfx_btn_basic_1]}" on_press="true" sound_play_on_press="true" sound_volume="0.75"
				pos="-3,3"
				sprite="ui_btn_opt_apply"
				hoversprite="ui_btn_opt_apply_h"
				defaultcolor="[white]" 
				hovercolor="[white]" 
				disabledcolor="255,255,255,128" tooltip_key="${tooltip_key|}"/>
			<label depth="3" pos="-3,-9" size="182,24" font_size="24" text_key="${text|}" name="${lbl_name|btnLabel}" justify="center" 
				effect="outline" effect_color="0,0,0,128" effect_distance="1,1" color="[labelColor]" upper_case="true"/>
		</rect>
    </ulmButtonOption>

    <ulmButtonRespawn>
		<rect depth="1" name="${name|}" size="302,48" pos="${pos|0,0}" controller="${controller|SimpleButton}" visible="${visible|true}" enabled_font_color="${enabled_font_color|[labelColor]}" disabled_font_color="${disabled_font_color|128,128,128,256}">
			<texture style="buttonRespawn"/>
			<button depth="2" type="advanced" name="${btn_name|clickable}" hoverscale="1.0" sound="${sound|[sfx_btn_basic_1]}" on_press="true" sound_play_on_press="true" sound_volume="0.75"
				pos="-3,3"
				sprite="ui_btn_respawn"
				hoversprite="ui_btn_respawn_h"
				defaultcolor="[white]" 
				hovercolor="[white]" 
				disabledcolor="255,255,255,128" tooltip_key="${tooltip_key|}"/>
			<label depth="3" pos="-3,-9" size="302,24" font_size="24" text_key="${text|}" name="${lbl_name|btnLabel}" justify="center" 
				effect="outline" effect_color="0,0,0,128" effect_distance="1,1" color="[labelColor]" upper_case="true"/>
		</rect>
    </ulmButtonRespawn>

    <ulmOptionGame>
        <rect name="${name}" pos="${pos|0,0}" size="570,32" is_textinput="${is_textinput|false}" value_type="${value_type}" controller="GamePrefSelector"
            values="${values|}" display_names="${display_names|}" value_localization_prefix="${value_localization_prefix|}">
            <texture style="inputOptionLabel"/>
			<label depth="1" name="ControlLabel" pos="0,-1" size="262,30" font_size="28" style="hover" tooltip_key="${title}Desc" text_key="${title}" color="[white]"/>
            <ulmComboBox name="ControlCombo" pos="279,0" tooltip_key="${title}Desc" type="ComboBoxList&lt;XUiC_GamePrefSelector.GameOptionValue&gt;" value_min="${value_min|@DEF}" value_max="${value_max|@DEF}" value_wrap="${value_wrap|@DEF}" value_increment="${value_increment|@DEF}" values="${values|@DEF}" reverse_list="${reverse_list|@DEF}" localization_prefix="${localization_prefix|}" format_string="${format_string|}"/>
            <ulmTextField name="ControlText" pos="279,0" password_field="${password_field|false}" character_limit="${character_limit|0}"/>
        </rect>
    </ulmOptionGame>

    <ulmOptionGameInProgress>
        <rect name="${name}" pos="${pos|0,0}" size="570,32" is_textinput="${is_textinput|false}" value_type="${value_type}" controller="GamePrefSelector"
            values="${values|}" display_names="${display_names|}" value_localization_prefix="${value_localization_prefix|}">
            <texture style="inputOptionLabel"/>
			<label depth="1" name="ControlLabel" pos="0,-1" size="262,30" font_size="28" style="hover" tooltip_key="${title}Desc" text_key="${title}" color="128,128,128"/>
            <ulmComboBox name="ControlCombo" pos="279,0" tooltip_key="${title}Desc" type="ComboBoxList&lt;XUiC_GamePrefSelector.GameOptionValue&gt;" value_min="${value_min|@DEF}" value_max="${value_max|@DEF}" value_wrap="${value_wrap|@DEF}" value_increment="${value_increment|@DEF}" values="${values|@DEF}" reverse_list="${reverse_list|@DEF}" localization_prefix="${localization_prefix|}" format_string="${format_string|}"/>
            <ulmTextField name="ControlText" pos="279,0" password_field="${password_field|false}" character_limit="${character_limit|0}"/>
            <sprite depth="10" pos="-48,0" color="255,106,0" size="32,32" sprite="symbol_warning" on_hover="true" tooltip_key="uiFeatureInProgress"/>
        </rect>
    </ulmOptionGameInProgress>
    <optionAudio>
        <rect pos="${pos|0,0}" size="570,32">
            <texture style="inputOptionLabel"/>
            <label size="262,30" font_size="28" style="hover" text_key="xuiOptionsAudio${name}"/>
            <ulmComboBox name="${name}" pos="279,0" type="${type}" value_min="${value_min|@DEF}" value_max="${value_max|@DEF}" value_wrap="${value_wrap|@DEF}" value_increment="${value_increment|@DEF}" values="${values|@DEF}" reverse_list="${reverse_list|@DEF}" localization_prefix="${localization_prefix|}" format_string="${format_string|}"/>
        </rect>
    </optionAudio>
    <optionVideo>
        <rect pos="${pos|0,0}" size="570,32">
            <texture style="inputOptionLabel"/>
			<label size="262,30" font_size="28" style="hover" text_key="video${name}" tooltip_key="video${name}Desc"/>
            <ulmComboBox name="${name}" pos="280,0" type="${type}" value_min="${value_min|@DEF}" tooltip_key="video${name}Desc" value_max="${value_max|@DEF}" value_wrap="${value_wrap|@DEF}" value_increment="${value_increment|@DEF}" values="${values|@DEF}" reverse_list="${reverse_list|@DEF}" localization_prefix="${localization_prefix|}" format_string="${format_string|}"/>
        </rect>
    </optionVideo>
    <optionControl>
        <rect pos="${pos|0,0}" size="570,32">
            <texture style="inputOptionLabel"/>
            <label size="200,30" font_size="28" style="hover" text_key="xuiOptionsControls${name}" tooltip_key="xuiOptionsControls${name}Tooltip"/>
            <ulmComboBox name="${name}" pos="279,0" type="${type}" value_min="${value_min|@DEF}" value_max="${value_max|@DEF}" value_wrap="${value_wrap|@DEF}" value_increment="${value_increment|@DEF}" values="${values|@DEF}" reverse_list="${reverse_list|@DEF}" localization_prefix="${localization_prefix|}" format_string="${format_string|}"/>
        </rect>
    </optionControl>
    <ulmComboBox>
        <rect name="${name}" controller="${type}" depth="${depth|3}" pos="${pos|0,0}" size="200,30" value_min="${value_min|@DEF}" value_max="${value_max|@DEF}" value_wrap="${value_wrap|@DEF}" value_increment="${value_increment|@DEF}" values="${values|@DEF}" reverse_list="${reverse_list|@DEF}" localization_prefix="${localization_prefix|}" format_string="${format_string|}" enabled_color="${enabled_color|[white]}" disabled_color="${disabled_color|[lightGrey]}" pivot="left">
            <texture style="inputOption"/>
			<button style="inputPaging" name="back" flip="Horizontally" sound="[sfx_btn_prev]"/>
			
            <filledsprite depth="4" pos="41,-1" size="218,30" color="155,255,218,62" fill="{fillvalue}" filldirection="horizontal" visible="{isnumber}" foregroundlayer="true" />
            <!--  name="fill" -->
            <panel name="directvalue" style="press, scroll, hover, drag" pos="41,-3" size="194,26" disableautobackground="true" tooltip_key="${tooltip_key|}" />

            <label depth="5" name="currentValue" style="outline" pos="41,-3" size="218,26" font_size="26" text="{val|always}" justify="center" color="[white]"/>

            <button style="inputPaging" pos="261,0" name="forward" sound="[sfx_btn_next]"/>
        </rect>
    </ulmComboBox>

    <controlTemplate>
        <rect>
            <texture style="inputOptionLabel"/>
			<texture style="inputOption" pos="279,7"/>
        	<sprite style="ulmButtonUnbind" pos="556,-16"/>
        </rect>
    </controlTemplate>
    
    <controlTemplateViewOnly>
        <rect>
            <texture style="inputOptionLabel"/>
			<texture style="inputOption" pos="279,7"/>
		</rect>
    </controlTemplateViewOnly>

    <ulmTextField>
        <panel name="${name}" depth="${depth|3}" controller="TextInput" pos="${pos|0,0}" size="300,30" value="${value|}"
            active_text_color="${active_text_color|[white]}" caret_color="${caret_color|[white]}" selection_color="${selection_color|[mediumGrey_half_alpha]}"
            character_limit="${character_limit|0}" validation="${validation|none}" backgroundcolor="${backgroundcolor|[black]}" style="sfx_press, select" on_hover="${on_hover|false}" snapCursor="true" virtual_keyboard_prompt="${virtual_keyboard_prompt|}"
            disableautobackground="true" search_field="${search_field|false}" password_field="${password_field|false}" pivot="${pivot|topleft}" visible="${visible|true}" on_return="${on_return|submit}">
            <texture depth="1" style="inputOption"/>
			<label depth="2" name="text" justify="center" style="outline" pos="5,-3" size="290,26" font_size="26" color="[white]" overflow="ShrinkContent" max_line_count="${max_line_count|0}" font_face="${font_face|ReferenceFont}" crispness="${crispness|Always}"/>
			<button depth="2" name="btnShowPassword" pos="277,-16" size="32,32" sprite="ui_btn_eye" hoversprite="ui_btn_eye_h" defaultcolor="[white]" hovercolor="[white]" selectedcolor="[selectedColor]" foregroundlayer="true" type="simple" hoverscale="1.0" pivot="center" tooltip_key="xuiShowPassword" selected="{showpassword}" visible="{passwordfield}"/>
        </panel>
    </ulmTextField>

    <ulm_credit l="${l|}" r="${r|}" c="${c|}">
        <rect name="normalRowTemplate">
            <label font_size="30" text="${l|}" />
            <label font_size="30" justify="center" text="${c|}" />
            <label font_size="30" justify="right" text="${r|}" />
            <sprite pos="0,-27" height="1" color="255,255,255,50" />
        </rect>
    </ulm_credit>

    <ulm_credit_nl l="${l|}" r="${r|}" c="${c|}">
        <rect name="normalRowTemplate">
            <label font_size="30" text="${l|}" />
            <label font_size="30" justify="center" text="${c|}" />
            <label font_size="30" justify="right" text="${r|}" />
        </rect>
    </ulm_credit_nl>

    <search>
        <rect name="searchInput" depth="1" size="200,32" pos="${pos|0,0}" controller="TextInput" value="SEARCH"
            active_text_color="[white]" caret_color="[white]" selection_color="[mediumGrey_half_alpha]"
            character_limit="18" validation="none" on_press="true" snapCursor="true" virtual_keyboard_prompt="vkPromptSearchTerm"
            search_field="true" type="filled">
            <texture style="inputSearch"/>
            <sprite depth="2" size="20,20" pos="13,-13" atlas="UIAtlas" sprite="symbol_search" color="255,255,255,64"/>
            <label depth="3" name="text" pos="10,-10" size="196,26" justify="center" color="[white]" upper_case="false"/>
        </rect>
    </search>

    <paging>
		<rect pos="${pos|0,0}">
			<texture style="inputPaging"/>
			<label style="inputPaging" text="${text|1}"/>
			<button style="inputPaging" name="pageDown" flip="Horizontally"/>
			<button style="inputPaging" pos="109,0" name="pageUp"/>
		</rect>
    </paging>

    <ulm_save_entry2>
        <rect x="${x}" y="${y}" s="${s|ulm_SkillTile}" d="${d|hidden}">
            <button controller="SkillEntry" style="ulm_ButtonSkill" pos="${Round(x*80,0)},${Round(-y*90,0)}" tooltip="{groupname}">
                <panel visible="{hasskill}" disableautobackground="true" pos="-40,40">
                    <!--<texture depth="5" style="${d|hidden}"/>-->
                    <texture depth="2" style="${s|ulm_SkillTile}" visible="{isnotlocked}"/>
                    <texture depth="3" style="${s|Perception}Max" visible="{cannotpurchase}" />
                    <sprite depth="4" name="backgroundMain" sprite="{rowstatesprite}" color="{rowstatecolor}" size="0,0" bordersize="0">
                        <texture style="ulm_SkillTileHover"/>
                    </sprite>
                    <!-- Perk Icon -->
                    <sprite depth="5" name="groupIcon" atlas="ItemIconAtlas" style="icon32px" size="50,50" pos="-51,-3" foregroundlayer="true" sprite="{groupicon}" color="{statuscolor}"/>
                    <!-- Perk Locked -->
                    <sprite depth="6" style="icon32px" size="50,50" pos="-50,-13" foregroundlayer="true" atlas="ItemIconAtlas" sprite="ulSlotIconLock" visible="{islocked}" color="150,150,150,150"/>
                    <!-- Perk Name -->
                    <label name="groupName" size="0,0"/>
                    <!-- Perk Level -->
                    <label  depth="7" size="70,20" pos="39,-70" text="{grouplevel}" pivot="center" justify="center" color="{statuscolor}" visible="{isnotlocked}"/>
                    <!--<label width="90" pos="0,0" depth="2" text="{grouppointcost}" visible="{canpurchase}" pivot="center" justify="center" color="{statuscolor}"/>-->
                </panel>
            </button>
        </rect>
    </ulm_save_entry2>
    <!--
<mainmenubutton>
	<rect name="${name}" depth="${depth|3}" pos="${pos|0,0}" width="${width|200}" height="${height|32}" enabled_font_color="${enabled_font_color|[labelColor]}" disabled_font_color="${disabled_font_color|[disabledLabelColor]}" controller="SimpleButton" visible="${visible|true}" font_size_default="${height-16|16}" font_size_hover="${height-8|24}">
	<button name="clickable" sprite="ui_game_popup" flip="horizontally" pos="0,${Round(-height/2,0)|-16}" defaultcolor="255,255,255,80" hovercolor="[white]" type="sliced" hoverscale="1.0" pivot="${pivot|left}" tooltip_key="${tooltip_key|}" />
	<label depth="2" name="btnLabel" width="${width-20|196}" pos="10,${Round(-height/2,0)|-16}" justify="left" text="${caption|}" text_key="${caption_key|}" effect="outline" pivot="${pivot|left}" font_size="${height-16|16}" />
	</rect>
</mainmenubutton>
-->


</append>
</Subquake>