<Subquake>

<!-- Removes vanilla stack sizes on ALL items -->
<remove xpath="//property[@name='Stacknumber']"/>
    
<set xpath="//item[@name='meleeToolAuger']/property[@class='Action0']/property[@name='Magazine_items']/@value">ulmAmmoFuelGasoline</set>
<set xpath="//item[@name='meleeToolChainsaw']/property[@class='Action0']/property[@name='Magazine_items']/@value">ulmAmmoFuelGasoline</set>
<set xpath="//item[@name='vehicleMinibikePlaceable']/property[@name='SellableToTrader']/@value">true</set>
<append xpath="//item[@name='ammoShotgunShell']/property[@name='Tags']/@value">,turretAmmoShotgun</append>
<append xpath="//item[@name='ammoShotgunSlug']/property[@name='Tags']/@value">,turretAmmoShotgun</append>
<append xpath="//item[@name='ammo9mmBulletBall']/property[@name='Tags']/@value">,turretAmmoAuto</append>
    
<append xpath="//item[@name='ammoDartIron']">
	<property name="Tags" value="turretAmmoDart"/></append>
    
<append xpath="//item[@name='toolAnvil']">
	<property name="Tags" value="toolAnvil"/></append>
    
<append xpath="//item[@name='toolBeaker']">
	<property name="Tags" value="toolBeaker"/></append>
    
<append xpath="//item[@name='toolBellows']">
	<property name="Tags" value="toolBellows"/></append>
    
<append xpath="//item[@name='toolCookingGrill']">
	<property name="Tags" value="toolCookingGrill"/></append>
    
<append xpath="//item[@name='toolCookingPot']">
	<property name="Tags" value="toolCookingPot"/></append>
    
<append xpath="//item[@name='toolForgeCrucible']">
	<property name="Tags" value="toolForgeCrucible"/></append>
    
<insertBefore xpath="//item[@name='ammo9mmBulletBall']">

<item name="ulmBatteryMaster">
	<property name="CreativeMode" value="None"/>
	<property name="Tags" value="powerSourceBattery"/>
	<property name="HoldType" value="45"/>
	<property name="Meshfile" value="#Other/Items?Misc/sackPrefab.prefab"/>
	<property name="Stacknumber" value="1"/>
	<property name="Material" value="misc"/>
</item>

<item name="ulmDrinkJarMaster">
	<property name="CreativeMode" value="None"/>
	<property name="HoldType" value="3"/>
	<property name="Group" value="Drinks,Food/Cooking,CFDrink/Cooking"/>
	<property name="DisplayType" value="waterDysentery"/>
	<property name="Meshfile" value="#Other/Items?Food/bottled_waterPrefab.prefab"/>
	<property name="DropMeshfile" value="#Other/Items?Misc/sack_droppedPrefab.prefab"/>
	<property name="Material" value="Mglass"/><property name="Weight" value="10"/>
	<property name="Stacknumber" value="100"/><property name="CarryWeight" value="0.5"/>
	<property name="CraftingIngredientTime" value="10"/>
	<property class="Action0">
		<property name="Class" value="Eat"/>
		<property name="Delay" value="0"/>
		<property name="Sound_start" value="player_drinking"/>
		<property name="Create_item" value="drinkJarEmpty"/>
	</property>
	<property class="Consumable">
		<property name="Exchange" value="drinkJarEmpty"/>
	</property>
</item>

<item name="ulmDrinkPlasticBottleMaster">
	<property name="CreativeMode" value="None"/>
	<property name="HoldType" value="3"/>
	<property name="Group" value="Drinks,Food/Cooking,CFDrink/Cooking"/>
	<property name="DisplayType" value="waterDysentery"/>
	<property name="Meshfile" value="#Other/Items?Food/bottled_waterPrefab.prefab"/>
	<property name="DropMeshfile" value="#Other/Items?Misc/sack_droppedPrefab.prefab"/>
	<property name="Material" value="Mplastics"/><property name="Weight" value="10"/>
	<property name="Stacknumber" value="100"/><property name="CarryWeight" value="0.5"/>
	<property name="CraftingIngredientTime" value="10"/>
	<property class="Action0">
		<property name="Class" value="Eat"/>
		<property name="Delay" value="0"/>
		<property name="Sound_start" value="player_drinking"/>
		<property name="Create_item" value="ulmDrinkPlasticBottleEmpty"/>
	</property>
	<property class="Consumable">
		<property name="Exchange" value="ulmDrinkPlasticBottleEmpty"/>
	</property>
</item>

<item name="ulmEngineMaster">
	<property name="CreativeMode" value="None"/>
	<property name="Tags" value="powerSourceEngine"/>
	<property name="HoldType" value="45"/>
	<property name="Meshfile" value="#Other/Items?Misc/sackPrefab.prefab"/>
	<property name="Stacknumber" value="1"/>
	<property name="Material" value="misc"/>
</item>

<item name="ulmResourceMaster">
	<property name="CreativeMode" value="None"/>
	<property name="Group" value="Resources"/>
	<property name="HoldType" value="45"/>
	<property name="Meshfile" value="#Other/Items?Misc/sackPrefab.prefab"/>
	<property name="DropMeshfile" value="#Other/Items?Misc/sack_droppedPrefab.prefab"/>
	<property name="Material" value="misc"/>
	<property name="Weight" value="10"/>
	<property name="Stacknumber" value="1000"/>
	<property name="EconomicValue" value="10"/>
    <property name="CarryWeight" value="0.01"/>
	<property name="CraftingIngredientTime" value="1"/>
	<property name="LootExpValue" value="1"/>
</item>

<item name="ulmSolarMaster">
	<property name="CreativeMode" value="None"/>
	<property name="Tags" value="powerSourceSolar"/>
	<property name="HoldType" value="45"/>
	<property name="Meshfile" value="#Other/Items?Misc/sackPrefab.prefab"/>
	<property name="Stacknumber" value="1"/>
	<property name="Material" value="misc"/>
</item>

<item name="ulmTurretAmmoShotgunMaster">
	<property name="CreativeMode" value="None"/>
	<property name="CustomIcon" value="ammoShotgunShell"/>
	<property name="Tags" value="turretAmmoShotgun"/>
	<property name="HoldType" value="45"/>
	<property name="Meshfile" value="Items/Misc/sackPrefab"/>
	<property name="Material" value="misc"/>
</item>

<item name="ulmTurretAmmoSMGMaster">
	<property name="CreativeMode" value="None"/>
	<property name="CustomIcon" value="ammo9mmBulletBall"/>
	<property name="Tags" value="turretAmmoAuto"/>
	<property name="HoldType" value="45"/>
	<property name="Meshfile" value="Items/Misc/sackPrefab"/>
	<property name="Material" value="misc"/>
</item>

</insertBefore>

<set xpath="//item[@name='ammoGasCanSchematic']">
	<property name="Extends" value="schematicNoQualityRecipeMaster"/>
	<property name="CreativeMode" value="Player"/>
	<property name="CustomIcon" value="ulmAmmoFuelGasoline"/>
	<property name="Unlocks" value="ulmAmmoFuelGasoline"/>
	<effect_group tiered="false">
		<triggered_effect trigger="onSelfPrimaryActionEnd" action="ModifyCVar" cvar="ulmAmmoFuelGasoline" operation="set" value="1"/>
		<triggered_effect trigger="onSelfPrimaryActionEnd" action="GiveExp" exp="50"/>
	</effect_group>
</set>

<set xpath="//item[@name='bucketEmpty']">
	<property name="HoldType" value="34"/>
	<property name="Meshfile" value="#Other/Items?Crafting/Metal/IronBucket.fbx"/>
	<property name="DropMeshfile" value="#Other/Items?Misc/sack_droppedPrefab.prefab"/>
	<property name="Material" value="Mmetal"/>
	<property name="Stacknumber" value="1"/>
	<property name="EconomicValue" value="84"/><property name="CarryWeight" value="0.1"/>
	<property class="Action0">
		<property name="Class" value="BailLiquid"/>
		<property name="Delay" value="0.35"/>
		<property name="Sound_start" value="bucketbail_water"/>
	</property>
	<property class="Action1">
		<property name="Class" value="ExchangeItem"/>
		<property name="Delay" value="0.35"/>	
		<property name="Change_item_to" value="bucketRiverWater"/>
		<property name="Do_block_action" value="deplete3"/>
		<property name="Focused_blockname_1" value="water"/>
		<property name="Focused_blockname_2" value="waterMoving"/>
		<property name="Focused_blockname_3" value="waterStaticBucket"/>
		<property name="Focused_blockname_4" value="waterMovingBucket"/>
		<property name="Focused_blockname_5" value="terrWaterPOI"/>
		<property name="Sound_start" value="bucketfill_water"/>
	</property>
	<property name="Group" value="Tools/Traps"/>
</set>

<set xpath="//item[@name='bucketRiverWater']">
	<property name="HoldType" value="34"/>
	<property name="Group" value="Tools/Traps"/>
	<property name="Meshfile" value="#Other/Items?Crafting/Metal/IronBucketWaterPrefab.prefab"/>
	<property name="DropMeshfile" value="#Other/Items?Misc/sack_droppedPrefab.prefab"/>
	<property name="Material" value="Mmetal"/>
	<property name="Stacknumber" value="1"/>
	<property name="EconomicValue" value="88"/><property name="CarryWeight" value="5.0"/>
	<property class="Consumable">
		<property name="Exchange" value="bucketEmpty"/>
		<property name="Capacity" value="5"/>
	</property>
	<property class="Action1">
		<property name="Class" value="PlaceAsBlock"/>
		<property name="Delay" value=".5"/>
		<property name="Blockname" value="waterMovingBucket"/>
		<property name="Change_item_to" value="bucketEmpty"/>
		<property name="Sound_start" value="bucketplace_water"/>
	</property>
</set>
    
<set xpath="//item[@name='drinkJarEmpty']">
	<property name="HoldType" value="3"/>
	<property name="Group" value="Resources"/>
	<property name="Meshfile" value="#Other/Items?Food/emptyJarPrefab.prefab"/>
	<property name="DropMeshfile" value="#Other/Items?Misc/sack_droppedPrefab.prefab"/>
	<property name="Material" value="Mglass"/><property name="Weight" value="10"/>
	<property name="Stacknumber" value="100"/>
	<property name="EconomicValue" value="6"/><property name="CarryWeight" value="0.05"/>
	<property name="CraftingIngredientTime" value="9"/>
	<property class="Action1">
		<property name="Class" value="ExchangeItem"/>
		<property name="Delay" value="1.0"/>
		<property name="Change_item_to" value="drinkJarRiverWater"/>
		<property name="Do_block_action" value="deplete1"/>
		<property name="Focused_blockname_1" value="water"/>
		<property name="Focused_blockname_2" value="waterMoving"/>
		<property name="Focused_blockname_3" value="waterStaticBucket"/>
		<property name="Focused_blockname_4" value="waterMovingBucket"/>
		<property name="Focused_blockname_5" value="terrWaterPOI"/>
		<property name="Sound_start" value="bucketfill_water"/>
	</property>
</set>
    
<set xpath="//item[@name='drinkJarRiverWater']">
	<property name="Extends" value="ulmDrinkJarMaster"/>
	<property name="EconomicValue" value="20"/>
	<effect_group tiered="false">
		<requirement name="NotHasBuff" buff="buffIsOnFire"/>
		<triggered_effect trigger="onSelfPrimaryActionEnd" action="ModifyCVar" cvar="$waterAmountAdd" operation="add" value="10"/>
		<display_value name="dStaminaRegen" value=".15"/>
		<triggered_effect trigger="onSelfPrimaryActionEnd" action="AddBuff" buff="buffProcessConsumables"/>
		<triggered_effect trigger="onSelfPrimaryActionEnd" action="ModifyCVar" cvar=".DiseaseRoll" operation="set" value="12"/><display_value name="dDysenteryRisk" value=".12"/>
		<triggered_effect trigger="onSelfPrimaryActionEnd" action="ModifyCVar" cvar=".DiseaseRoll" operation="add" value="@$MetabolismResist"/>
		<triggered_effect trigger="onSelfPrimaryActionEnd" action="AddBuff" buff="buffDysenteryCatch">
			<requirement name="RandomRoll" seed_type="Random" min_max="1,100" operation="LTE" value="@.DiseaseRoll"/>
		</triggered_effect>
	</effect_group>
	<effect_group tiered="false">
		<requirement name="HasBuff" buff="buffIsOnFire"/>
			<triggered_effect trigger="onSelfPrimaryActionEnd" action="AddBuff" buff="buffExtinguishFire"/>
	</effect_group>
</set>
    
<set xpath="//item[@name='drinkJarBoiledWater']">
	<property name="Extends" value="ulmDrinkJarMaster"/>
	<property name="EconomicValue" value="40"/>
	<effect_group tiered="false">
		<requirement name="NotHasBuff" buff="buffIsOnFire"/>
		<triggered_effect trigger="onSelfPrimaryActionEnd" action="ModifyCVar" cvar="$waterAmountAdd" operation="add" value="20"/>
		<display_value name="dStaminaRegen" value=".15"/>
		<triggered_effect trigger="onSelfPrimaryActionEnd" action="AddBuff" buff="buffProcessConsumables"/>
		<triggered_effect trigger="onSelfPrimaryActionEnd" action="ModifyCVar" cvar=".DiseaseRoll" operation="set" value="3"/><display_value name="dDysenteryRisk" value=".03"/>
		<triggered_effect trigger="onSelfPrimaryActionEnd" action="ModifyCVar" cvar=".DiseaseRoll" operation="add" value="@$MetabolismResist"/>
		<triggered_effect trigger="onSelfPrimaryActionEnd" action="AddBuff" buff="buffDysenteryCatch">
			<requirement name="RandomRoll" seed_type="Random" min_max="1,100" operation="LTE" value="@.DiseaseRoll"/>
		</triggered_effect>
	</effect_group>
	<effect_group tiered="false">
		<requirement name="HasBuff" buff="buffIsOnFire"/>
			<triggered_effect trigger="onSelfPrimaryActionEnd" action="AddBuff" buff="buffExtinguishFire"/>
	</effect_group>
</set>

<set xpath="//item[@name='drinkJarPureMineralWater']">
	<property name="Extends" value="ulmDrinkPlasticBottleMaster"/>
	<property name="DisplayType" value="waterRedTea"/>
	<property name="EconomicValue" value="100"/>
	<effect_group tiered="false">
		<requirement name="NotHasBuff" buff="buffIsOnFire"/>
			<triggered_effect trigger="onSelfPrimaryActionEnd" action="ModifyCVar" cvar="$waterAmountAdd" operation="add" value="60"/>
			<display_value name="dStaminaRegen" value=".15"/>
			<display_value name="dEfficientDigestion" value=".15"/>
			<display_value name="dDuration" value="303"/>
			<triggered_effect trigger="onSelfPrimaryActionEnd" action="ModifyCVar" cvar="$buffRedTeaDuration" operation="add" value="303"/>
			<triggered_effect trigger="onSelfPrimaryActionEnd" action="ModifyCVar" cvar="$buffRedTeaDuration" operation="set" value="903">
				<requirement name="CVarCompare" cvar="$buffRedTeaDuration" operation="GT" value="903"/></triggered_effect>
			<triggered_effect trigger="onSelfPrimaryActionEnd" action="AddBuff" buff="buffProcessConsumables,buffRedTea"/>
	</effect_group>
	<effect_group tiered="false">
		<requirement name="HasBuff" buff="buffIsOnFire"/>
			<triggered_effect trigger="onSelfPrimaryActionEnd" action="AddBuff" buff="buffExtinguishFire"/>
	</effect_group>
</set>

<set xpath="//item[@name='smallEngine']">
	<property name="Extends" value="ulmResourceMaster"/>
	<property name="ShowQuality" value="true"/>
	<property name="DisplayType" value="ulmEngine"/>
	<property name="Tags" value="powerSourceEngine"/>
	<property name="Material" value="MsmallEngine"/>
	<property name="RepairTools" value="resourceRepairKit"/>
	<property name="DegradationBreaksAfter" value="false"/>
	<property name="Material" value="MmechanicalParts"/><property name="Weight" value="200"/>
    <property name="Stacknumber" value="1"/>
	<property name="OutputPerStack" value="120"/>
	<property name="EconomicValue" value="750"/><property name="CarryWeight" value="5.00"/>
	<effect_group tiered="true">
		<passive_effect name="DegradationMax" operation="base_set" value="200,1200" tier="1,6"/>
		<passive_effect name="PowerOutput" operation="base_set" value="20,120" tier="1,6"/>
	</effect_group>
</set>

<set xpath="//item[@name='carBattery']">
	<property name="Extends" value="ulmResourceMaster"/>
	<property name="ShowQuality" value="true"/>
	<property name="DisplayType" value="ulmBattery"/>
	<property name="Tags" value="powerSourceBattery"/>
	<property name="RepairTools" value="resourceRepairKit"/>
	<property name="DegradationBreaksAfter" value="false"/>
	<property name="Stacknumber" value="1"/>
	<property name="OutputPerStack" value="90"/>
	<property name="Material" value="lead"/><property name="Weight" value="160"/>
	<property name="EconomicValue" value="400"/><property name="CarryWeight" value="5.00"/>
	<effect_group>
		<passive_effect name="DegradationMax" operation="base_set" value="1000,6000" tier="1,6"/>
		<passive_effect name="PowerOutput" operation="base_set" value="15,90" tier="1,6"/>
		<display_value name="dPowerEfficiency" value="1"/>
	</effect_group>
</set>

<set xpath="//item[@name='solarCell']">
	<property name="Extends" value="ulmResourceMaster"/>
	<property name="ShowQuality" value="true"/>
	<property name="Tags" value="powerSourceSolar"/>
	<property name="DisplayType" value="ulmSolar"/>
	<property name="Material" value="Mglass"/><property name="Weight" value="10"/>
	<property name="Stacknumber" value="10"/>
	<property name="EconomicValue" value="4000"/><property name="CarryWeight" value="0.25"/>
	<property name="RepairTools" value="resourceRepairKit"/>
	<property name="OutputPerStack" value="60"/>
	<effect_group>
		<passive_effect name="DegradationMax" operation="base_set" value="1000,6000" tier="1,6"/>
		<passive_effect name="PowerOutput" operation="base_set" value="10,60" tier="1,6"/>
	</effect_group>
</set>

<append xpath="/items">

<item name="ulmAmmoFuelCanEmpty">
	<property name="Extends" value="ulmResourceMaster"/>
	<property name="HoldType" value="34"/>
	<property name="Meshfile" value="#@modfolder:Resources/Subquake_JerryCans?JerryCanGray"/>
	<property name="DropMeshfile" value="#@modfolder:Resources/Subquake_JerryCans?JerryCanGray"/>
	<property name="Material" value="iron"/><property name="Weight" value="20"/>
	<property name="EconomicValue" value="15"/><property name="CarryWeight" value="1.5"/>
</item>

<item name="ulmAmmoFuelGasoline">
	<property name="Extends" value="ulmResourceMaster"/>
	<property name="Group" value="Resources,Chemicals,CFChemicals"/>
	<property name="UnlockedBy" value="perkYeahScience,ammoGasCanSchematic"/>
	<property class="Consumable">
		<property name="ConsumeDurability" value="true"/>
		<property name="Exchange" value="ulmAmmoFuelCanEmpty"/>
		<property name="Efficiency" value="10"/>
	</property>
	<property name="ShowQuality" value="true"/>
	<property name="HoldType" value="34"/>
	<property name="DisplayType" value="ulmGasoline"/>
	<property name="Stacknumber" value="1"/>
	<property name="DegradationBreaksAfter" value="false"/>
	<property name="Meshfile" value="#@modfolder:Resources/Subquake_JerryCans?JerryCanRed"/>
	<property name="DropMeshfile" value="#@modfolder:Resources/Subquake_JerryCans?JerryCanRed"/>
	<property name="Material" value="iron"/><property name="Weight" value="20"/>
	<property name="EconomicValue" value="400"/><property name="CarryWeight" value="1.5"/>
	<property name="CarryWeightFull" value="13.5"/>
	<effect_group tiered="false">
		<passive_effect name="DegradationMax" operation="base_set" value="20"/>
		<display_value name="dFuelEfficiency" value="10"/>
	</effect_group>
</item>
    
<item name="ulmDrinkPlasticBottleEmpty">
	<property name="HoldType" value="3"/>
	<property name="Group" value="Resources"/>
	<property name="Meshfile" value="#Other/Items?Food/emptyJarPrefab.prefab"/>
	<property name="DropMeshfile" value="#Other/Items?Misc/sack_droppedPrefab.prefab"/>
	<property name="Material" value="Mplastics"/><property name="Weight" value="10"/>
	<property name="Stacknumber" value="100"/>
	<property name="EconomicValue" value="6"/><property name="CarryWeight" value="0.05"/>
	<property name="CraftingIngredientTime" value="9"/>
	<property class="Action1">
		<property name="Class" value="ExchangeItem"/>
		<property name="Delay" value="1.0"/>
		<property name="Change_item_to" value="ulmDrinkPlasticBottleRiverWater"/>
		<property name="Do_block_action" value="deplete1"/>
		<property name="Focused_blockname_1" value="water"/>
		<property name="Focused_blockname_2" value="waterMoving"/>
		<property name="Focused_blockname_3" value="waterStaticBucket"/>
		<property name="Focused_blockname_4" value="waterMovingBucket"/>
		<property name="Focused_blockname_5" value="terrWaterPOI"/>
		<property name="Sound_start" value="bucketfill_water"/>
	</property>
</item>
    
<item name="ulmDrinkPlasticBottleRiverWater">
	<property name="Extends" value="ulmDrinkPlasticBottleMaster"/>
	<property name="EconomicValue" value="20"/>
	<effect_group tiered="false">
		<requirement name="NotHasBuff" buff="buffIsOnFire"/>
		<triggered_effect trigger="onSelfPrimaryActionEnd" action="ModifyCVar" cvar="$waterAmountAdd" operation="add" value="10"/>
		<display_value name="dStaminaRegen" value=".15"/>
		<triggered_effect trigger="onSelfPrimaryActionEnd" action="AddBuff" buff="buffProcessConsumables"/>
		<triggered_effect trigger="onSelfPrimaryActionEnd" action="ModifyCVar" cvar=".DiseaseRoll" operation="set" value="12"/><display_value name="dDysenteryRisk" value=".12"/>
		<triggered_effect trigger="onSelfPrimaryActionEnd" action="ModifyCVar" cvar=".DiseaseRoll" operation="add" value="@$MetabolismResist"/>
		<triggered_effect trigger="onSelfPrimaryActionEnd" action="AddBuff" buff="buffDysenteryCatch">
			<requirement name="RandomRoll" seed_type="Random" min_max="1,100" operation="LTE" value="@.DiseaseRoll"/>
		</triggered_effect>
	</effect_group>
	<effect_group tiered="false">
		<requirement name="HasBuff" buff="buffIsOnFire"/>
			<triggered_effect trigger="onSelfPrimaryActionEnd" action="AddBuff" buff="buffExtinguishFire"/>
	</effect_group>
</item>
    
<item name="ulmDrinkPlasticBottleBoiledWater">
	<property name="Extends" value="ulmDrinkPlasticBottleMaster"/>
	<property name="EconomicValue" value="40"/>
	<effect_group tiered="false">
		<requirement name="NotHasBuff" buff="buffIsOnFire"/>
		<triggered_effect trigger="onSelfPrimaryActionEnd" action="ModifyCVar" cvar="$waterAmountAdd" operation="add" value="20"/>
		<display_value name="dStaminaRegen" value=".15"/>
		<triggered_effect trigger="onSelfPrimaryActionEnd" action="AddBuff" buff="buffProcessConsumables"/>
		<triggered_effect trigger="onSelfPrimaryActionEnd" action="ModifyCVar" cvar=".DiseaseRoll" operation="set" value="3"/><display_value name="dDysenteryRisk" value=".03"/>
		<triggered_effect trigger="onSelfPrimaryActionEnd" action="ModifyCVar" cvar=".DiseaseRoll" operation="add" value="@$MetabolismResist"/>
		<triggered_effect trigger="onSelfPrimaryActionEnd" action="AddBuff" buff="buffDysenteryCatch">
			<requirement name="RandomRoll" seed_type="Random" min_max="1,100" operation="LTE" value="@.DiseaseRoll"/>
		</triggered_effect>
	</effect_group>
	<effect_group tiered="false">
		<requirement name="HasBuff" buff="buffIsOnFire"/>
			<triggered_effect trigger="onSelfPrimaryActionEnd" action="AddBuff" buff="buffExtinguishFire"/>
	</effect_group>
</item>
  
</append>
  
<!-- Defines all vanilla item stack sizes and carry weight -->
<append xpath="//item[@name='meleeToolStoneAxe'					    ]"><property name="CarryWeight" value="2.00"/><property name="Stacknumber" value="1"/></append>
<append xpath="//item[@name='meleeToolStoneAxeTazas'			    ]"><property name="CarryWeight" value="1.75"/><property name="Stacknumber" value="1"/></append>
<append xpath="//item[@name='meleeToolClawHammer'			        ]"><property name="CarryWeight" value="1.00"/><property name="Stacknumber" value="1"/></append>
<append xpath="//item[@name='gunToolNailgun'		        	    ]"><property name="CarryWeight" value="0.75"/><property name="Stacknumber" value="1"/></append>
<append xpath="//item[@name='meleeToolFireaxeIron'		    	    ]"><property name="CarryWeight" value="3.00"/><property name="Stacknumber" value="1"/></append>
<append xpath="//item[@name='meleeToolFireaxeSteel'		    	    ]"><property name="CarryWeight" value="3.50"/><property name="Stacknumber" value="1"/></append>
<append xpath="//item[@name='meleeToolPickaxeIron'		    	    ]"><property name="CarryWeight" value="1.50"/><property name="Stacknumber" value="1"/></append>
<append xpath="//item[@name='meleeToolPickaxeSteel'		    	    ]"><property name="CarryWeight" value="2.50"/><property name="Stacknumber" value="1"/></append>
<append xpath="//item[@name='meleeToolShovelStone'		    	    ]"><property name="CarryWeight" value="2.00"/><property name="Stacknumber" value="1"/></append>
<append xpath="//item[@name='meleeToolShovelIron'		    	    ]"><property name="CarryWeight" value="2.50"/><property name="Stacknumber" value="1"/></append>
<append xpath="//item[@name='meleeToolShovelSteel'		    	    ]"><property name="CarryWeight" value="3.00"/><property name="Stacknumber" value="1"/></append>
<append xpath="//item[@name='meleeToolChainsaw'		        	    ]"><property name="CarryWeight" value="5.00"/><property name="Stacknumber" value="1"/></append>
<append xpath="//item[@name='meleeToolAuger'		        	    ]"><property name="CarryWeight" value="5.00"/><property name="Stacknumber" value="1"/></append>
<append xpath="//item[@name='meleeToolWrench'		    	        ]"><property name="CarryWeight" value="1.50"/><property name="Stacknumber" value="1"/></append>
<append xpath="//item[@name='meleeToolKnifeBone'		    	    ]"><property name="CarryWeight" value="0.35"/><property name="Stacknumber" value="1"/></append>
<append xpath="//item[@name='meleeToolKnifeIron'		    	    ]"><property name="CarryWeight" value="0.25"/><property name="Stacknumber" value="1"/></append>
<append xpath="//item[@name='meleeToolKnifeCandy'		    	    ]"><property name="CarryWeight" value="0.20"/><property name="Stacknumber" value="1"/></append>
<append xpath="//item[@name='meleeToolKnifeMachete'		    	    ]"><property name="CarryWeight" value="0.75"/><property name="Stacknumber" value="1"/></append>
<append xpath="//item[@name='meleeClubWood'		             	    ]"><property name="CarryWeight" value="2.00"/><property name="Stacknumber" value="1"/></append>
<append xpath="//item[@name='meleeClubIron'		            	    ]"><property name="CarryWeight" value="2.50"/><property name="Stacknumber" value="1"/></append>
<append xpath="//item[@name='meleeClubCandy'		        	    ]"><property name="CarryWeight" value="1.50"/><property name="Stacknumber" value="1"/></append>
<append xpath="//item[@name='meleeClubBaseballBat'		    	    ]"><property name="CarryWeight" value="3.00"/><property name="Stacknumber" value="1"/></append>
<append xpath="//item[@name='meleeStunBaton'		         	    ]"><property name="CarryWeight" value="1.50"/><property name="Stacknumber" value="1"/></append>
<append xpath="//item[@name='meleeThrownSpearStone'		    	    ]"><property name="CarryWeight" value="1.50"/><property name="Stacknumber" value="1"/></append>
<append xpath="//item[@name='meleeThrownSpearIron'		    	    ]"><property name="CarryWeight" value="2.00"/><property name="Stacknumber" value="1"/></append>
<append xpath="//item[@name='meleeThrownSpearSteel'		    	    ]"><property name="CarryWeight" value="2.50"/><property name="Stacknumber" value="1"/></append>
<append xpath="//item[@name='meleeToolSledgehammerStone'		    ]"><property name="CarryWeight" value="3.50"/><property name="Stacknumber" value="1"/></append>
<append xpath="//item[@name='meleeToolSledgehammerIron'		        ]"><property name="CarryWeight" value="4.50"/><property name="Stacknumber" value="1"/></append>
<append xpath="//item[@name='meleeToolSledgehammerSteel'		    ]"><property name="CarryWeight" value="5.00"/><property name="Stacknumber" value="1"/></append>
<append xpath="//item[@name='meleeKnucklesLeather'		    	    ]"><property name="CarryWeight" value="0.75"/><property name="Stacknumber" value="1"/></append>
<append xpath="//item[@name='meleeKnucklesIron'		        	    ]"><property name="CarryWeight" value="1.25"/><property name="Stacknumber" value="1"/></append>
<append xpath="//item[@name='meleeKnucklesSteel'		    	    ]"><property name="CarryWeight" value="1.50"/><property name="Stacknumber" value="1"/></append>
<append xpath="//item[@name='meleeToolHoeIron'		        	    ]"><property name="CarryWeight" value="2.50"/><property name="Stacknumber" value="1"/></append>
<append xpath="//item[@name='meleeToolFlashlight02'		    	    ]"><property name="CarryWeight" value="0.50"/><property name="Stacknumber" value="1"/></append>
<append xpath="//item[@name='meleeToolTorch'		           	    ]"><property name="CarryWeight" value="0.50"/><property name="Stacknumber" value="100"/></append>
<append xpath="//item[@name='meleeToolWireTool'		        	    ]"><property name="CarryWeight" value="0.25"/><property name="Stacknumber" value="1"/></append>
<append xpath="//item[@name='meleeToolPaintTool'		    	    ]"><property name="CarryWeight" value="0.25"/><property name="Stacknumber" value="1"/></append>
<append xpath="//item[@name='meleeToolBlockReplaceTool'		        ]"><property name="CarryWeight" value="1.00"/><property name="Stacknumber" value="1"/></append>
<append xpath="//item[@name='gunPistol'		    	                ]"><property name="CarryWeight" value="1.00"/><property name="Stacknumber" value="1"/></append>
<append xpath="//item[@name='gun44Magnum'		    	            ]"><property name="CarryWeight" value="1.25"/><property name="Stacknumber" value="1"/></append>
<append xpath="//item[@name='gunSMG5'		                	    ]"><property name="CarryWeight" value="2.50"/><property name="Stacknumber" value="1"/></append>
<append xpath="//item[@name='gunBlunderbuss'		        	    ]"><property name="CarryWeight" value="2.00"/><property name="Stacknumber" value="1"/></append>
<append xpath="//item[@name='gunDoubleBarrelShotgun'		 	    ]"><property name="CarryWeight" value="3.50"/><property name="Stacknumber" value="1"/></append>
<append xpath="//item[@name='gunPumpShotgun'		         	    ]"><property name="CarryWeight" value="2.50"/><property name="Stacknumber" value="1"/></append>
<append xpath="//item[@name='gunHuntingRifle'		           	    ]"><property name="CarryWeight" value="2.50"/><property name="Stacknumber" value="1"/></append>
<append xpath="//item[@name='gunMR10'		                	    ]"><property name="CarryWeight" value="3.50"/><property name="Stacknumber" value="1"/></append>
<append xpath="//item[@name='gunAK47'		                	    ]"><property name="CarryWeight" value="3.00"/><property name="Stacknumber" value="1"/></append>
<append xpath="//item[@name='gunTacticalAR'		               	    ]"><property name="CarryWeight" value="2.50"/><property name="Stacknumber" value="1"/></append>
<append xpath="//item[@name='gunM60'		    	                ]"><property name="CarryWeight" value="5.00"/><property name="Stacknumber" value="1"/></append>
<append xpath="//item[@name='gunRocketLauncher'		                ]"><property name="CarryWeight" value="8.00"/><property name="Stacknumber" value="1"/></append>
<append xpath="//item[@name='gunBowPrimitive'		                ]"><property name="CarryWeight" value="0.50"/><property name="Stacknumber" value="1"/></append>
<append xpath="//item[@name='gunBowWooden'		                    ]"><property name="CarryWeight" value="1.00"/><property name="Stacknumber" value="1"/></append>
<append xpath="//item[@name='gunBowCompound'		                ]"><property name="CarryWeight" value="1.50"/><property name="Stacknumber" value="1"/></append>
<append xpath="//item[@name='gunCrossbowIron'		                ]"><property name="CarryWeight" value="1.25"/><property name="Stacknumber" value="1"/></append>
<append xpath="//item[@name='gunCrossbowCompound'		            ]"><property name="CarryWeight" value="1.50"/><property name="Stacknumber" value="1"/></append>
<append xpath="//item[@name='gunJunkTurret'		                    ]"><property name="CarryWeight" value="8.00"/><property name="Stacknumber" value="1"/></append>
<append xpath="//item[@name='ammo9mmBulletBall'		                ]"><property name="CarryWeight" value="0.01"/><property name="Stacknumber" value="500"/></append>
<append xpath="//item[@name='ammo9mmBulletHP'		                ]"><property name="CarryWeight" value="0.01"/><property name="Stacknumber" value="500"/></append>
<append xpath="//item[@name='ammo9mmBulletAP'		                ]"><property name="CarryWeight" value="0.01"/><property name="Stacknumber" value="500"/></append>
<append xpath="//item[@name='ammo44MagnumBulletBall'	            ]"><property name="CarryWeight" value="0.02"/><property name="Stacknumber" value="500"/></append>
<append xpath="//item[@name='ammo44MagnumBulletHP'		            ]"><property name="CarryWeight" value="0.02"/><property name="Stacknumber" value="500"/></append>
<append xpath="//item[@name='ammo44MagnumBulletAP'		            ]"><property name="CarryWeight" value="0.02"/><property name="Stacknumber" value="500"/></append>
<append xpath="//item[@name='ammo762mmBulletBall'		            ]"><property name="CarryWeight" value="0.02"/><property name="Stacknumber" value="500"/></append>
<append xpath="//item[@name='ammo762mmBulletHP'		                ]"><property name="CarryWeight" value="0.02"/><property name="Stacknumber" value="500"/></append>
<append xpath="//item[@name='ammo762mmBulletAP'		                ]"><property name="CarryWeight" value="0.02"/><property name="Stacknumber" value="500"/></append>
<append xpath="//item[@name='ammoShotgunShell'                      ]"><property name="CarryWeight" value="0.05"/><property name="Stacknumber" value="500"/></append>
<append xpath="//item[@name='ammoShotgunSlug'		                ]"><property name="CarryWeight" value="0.05"/><property name="Stacknumber" value="500"/></append>
<append xpath="//item[@name='ammoShotgunBreachingSlug'              ]"><property name="CarryWeight" value="0.05"/><property name="Stacknumber" value="500"/></append>
<append xpath="//item[@name='ammoBlunderbuss'		                ]"><property name="CarryWeight" value="0.05"/><property name="Stacknumber" value="500"/></append>
<append xpath="//item[@name='ammoJunkTurret'                        ]"><property name="CarryWeight" value="0.05"/><property name="Stacknumber" value="500"/></append>
<append xpath="//item[@name='ammoRocketHE'		                    ]"><property name="CarryWeight" value="0.5"/><property name="Stacknumber" value="500"/></append>
<append xpath="//item[@name='ammoRocketFrag'		                ]"><property name="CarryWeight" value="0.5"/><property name="Stacknumber" value="500"/></append>
<append xpath="//item[@name='ammoGasCan'		                    ]"><property name="CreativeMode" value="None"/></append>
<append xpath="//item[@name='ammoGasCanBundle'		                ]"><property name="CreativeMode" value="None"/></append>
<append xpath="//item[@name='ammoArrowStone'		                ]"><property name="CarryWeight" value="0.02"/><property name="Stacknumber" value="500"/></append>
<append xpath="//item[@name='ammoArrowIron'		                    ]"><property name="CarryWeight" value="0.03"/><property name="Stacknumber" value="500"/></append>
<append xpath="//item[@name='ammoArrowSteelAP'		                ]"><property name="CarryWeight" value="0.03"/><property name="Stacknumber" value="500"/></append>
<append xpath="//item[@name='ammoArrowFlaming'		                ]"><property name="CarryWeight" value="0.03"/><property name="Stacknumber" value="500"/></append>
<append xpath="//item[@name='ammoArrowExploding'		            ]"><property name="CarryWeight" value="0.04"/><property name="Stacknumber" value="500"/></append>
<append xpath="//item[@name='ammoCrossbowBoltStone'		            ]"><property name="CarryWeight" value="0.01"/><property name="Stacknumber" value="500"/></append>
<append xpath="//item[@name='ammoCrossbowBoltIron'		            ]"><property name="CarryWeight" value="0.02"/><property name="Stacknumber" value="500"/></append>
<append xpath="//item[@name='ammoCrossbowBoltSteelAP'		        ]"><property name="CarryWeight" value="0.02"/><property name="Stacknumber" value="500"/></append>
<append xpath="//item[@name='ammoCrossbowBoltFlaming'		        ]"><property name="CarryWeight" value="0.04"/><property name="Stacknumber" value="500"/></append>
<append xpath="//item[@name='ammoCrossbowBoltExploding'		        ]"><property name="CarryWeight" value="0.03"/><property name="Stacknumber" value="500"/></append>
<append xpath="//item[@name='ammoBundle9mmBulletBall'		        ]"><property name="CarryWeight" value="1.00"/><property name="Stacknumber" value="100"/></append>
<append xpath="//item[@name='ammoBundle9mmBulletHP'		            ]"><property name="CarryWeight" value="1.00"/><property name="Stacknumber" value="100"/></append>
<append xpath="//item[@name='ammoBundle9mmBulletAP'		            ]"><property name="CarryWeight" value="1.00"/><property name="Stacknumber" value="100"/></append>
<append xpath="//item[@name='ammoBundle44MagnumBulletBall'		    ]"><property name="CarryWeight" value="2.00"/><property name="Stacknumber" value="100"/></append>
<append xpath="//item[@name='ammoBundle44MagnumBulletHP'		    ]"><property name="CarryWeight" value="2.00"/><property name="Stacknumber" value="100"/></append>
<append xpath="//item[@name='ammoBundle44MagnumBulletAP'		    ]"><property name="CarryWeight" value="2.00"/><property name="Stacknumber" value="100"/></append>
<append xpath="//item[@name='ammoBundle762mmBulletBall'		        ]"><property name="CarryWeight" value="2.00"/><property name="Stacknumber" value="100"/></append>
<append xpath="//item[@name='ammoBundle762mmBulletHP'		        ]"><property name="CarryWeight" value="2.00"/><property name="Stacknumber" value="100"/></append>
<append xpath="//item[@name='ammoBundle762mmBulletAP'		        ]"><property name="CarryWeight" value="2.00"/><property name="Stacknumber" value="100"/></append>
<append xpath="//item[@name='ammoBundleShotgunShell'		        ]"><property name="CarryWeight" value="5.00"/><property name="Stacknumber" value="100"/></append>
<append xpath="//item[@name='ammoBundleShotgunSlug'		            ]"><property name="CarryWeight" value="5.00"/><property name="Stacknumber" value="100"/></append>
<append xpath="//item[@name='ammoBundleShotgunBreachingSlug'	    ]"><property name="CarryWeight" value="5.00"/><property name="Stacknumber" value="100"/></append>
<append xpath="//item[@name='ammoBundleBlunderbuss'		            ]"><property name="CarryWeight" value="5.00"/><property name="Stacknumber" value="100"/></append>
<append xpath="//item[@name='ammoBundleArrowStone'		            ]"><property name="CarryWeight" value="2.00"/><property name="Stacknumber" value="100"/></append>
<append xpath="//item[@name='ammoBundleArrowIron'		            ]"><property name="CarryWeight" value="3.00"/><property name="Stacknumber" value="100"/></append>
<append xpath="//item[@name='ammoBundleArrowSteelAP'		        ]"><property name="CarryWeight" value="3.00"/><property name="Stacknumber" value="100"/></append>
<append xpath="//item[@name='ammoBundleArrowFlaming'                ]"><property name="CarryWeight" value="3.00"/><property name="Stacknumber" value="100"/></append>
<append xpath="//item[@name='ammoBundleArrowExploding'              ]"><property name="CarryWeight" value="4.00"/><property name="Stacknumber" value="100"/></append>
<append xpath="//item[@name='ammoBundleCrossbowBoltStone'		    ]"><property name="CarryWeight" value="1.00"/><property name="Stacknumber" value="100"/></append>
<append xpath="//item[@name='ammoBundleCrossbowBoltIron'	    	]"><property name="CarryWeight" value="2.00"/><property name="Stacknumber" value="100"/></append>
<append xpath="//item[@name='ammoBundleCrossbowBoltSteelAP'		    ]"><property name="CarryWeight" value="2.00"/><property name="Stacknumber" value="100"/></append>
<append xpath="//item[@name='ammoBundleCrossbowBoltFlaming'		    ]"><property name="CarryWeight" value="2.00"/><property name="Stacknumber" value="100"/></append>
<append xpath="//item[@name='ammoBundleCrossbowBoltExploding'	    ]"><property name="CarryWeight" value="4.00"/><property name="Stacknumber" value="100"/></append>
<append xpath="//item[@name='resourceRockSmallBundle'		        ]"><property name="CarryWeight" value="1.00"/><property name="Stacknumber" value="100"/></append>
<append xpath="//item[@name='resourceWoodBundle'		            ]"><property name="CarryWeight" value="2.00"/><property name="Stacknumber" value="100"/></append>
<append xpath="//item[@name='resourceIronFragmentBundle'            ]"><property name="CarryWeight" value="10.0"/><property name="Stacknumber" value="100"/></append>
<append xpath="//item[@name='resourcePotassiumNitratePowderBundle'  ]"><property name="CarryWeight" value="1.00"/><property name="Stacknumber" value="100"/></append>
<append xpath="//item[@name='resourceLeadBundle'		            ]"><property name="CarryWeight" value="12.0"/><property name="Stacknumber" value="100"/></append>
<append xpath="//item[@name='resourceCoalBundle'		            ]"><property name="CarryWeight" value="5.00"/><property name="Stacknumber" value="100"/></append>
<append xpath="//item[@name='resourceOilShaleBundle'		        ]"><property name="CarryWeight" value="2.00"/><property name="Stacknumber" value="100"/></append>
<append xpath="//item[@name='thrownAmmoPipeBomb'		            ]"><property name="CarryWeight" value="0.50"/><property name="Stacknumber" value="100"/></append>
<append xpath="//item[@name='thrownGrenadeContact'		            ]"><property name="CarryWeight" value="0.45"/><property name="Stacknumber" value="100"/></append>
<append xpath="//item[@name='thrownGrenade'                         ]"><property name="CarryWeight" value="0.45"/><property name="Stacknumber" value="100"/></append>
<append xpath="//item[@name='thrownTimedCharge'		                ]"><property name="CarryWeight" value="0.50"/><property name="Stacknumber" value="100"/></append>
<append xpath="//item[@name='thrownDynamite'		                ]"><property name="CarryWeight" value="0.50"/><property name="Stacknumber" value="100"/></append>
<append xpath="//item[@name='thrownAmmoMolotovCocktail'		        ]"><property name="CarryWeight" value="0.35"/><property name="Stacknumber" value="100"/></append>
<append xpath="//item[@name='thrownAmmoFlare'		                ]"><property name="CarryWeight" value="0.25"/><property name="Stacknumber" value="100"/></append>
<append xpath="//item[@name='ammoDartIron'		                    ]"><property name="CarryWeight" value="0.01"/><property name="Stacknumber" value="1000"/></append>
<append xpath="//item[@name='partsMaster'		                    ]"><property name="CarryWeight" value="0.50"/><property name="Stacknumber" value="100"/></append>
<append xpath="//item[@name='gunAk47Parts'		                    ]"><property name="CarryWeight" value="0.50"/><property name="Stacknumber" value="100"/></append>
<!--<append xpath="//item[@name='gunTacticalARParts'		        ]"><property name="CarryWeight" value="0.50"/><property name="Stacknumber" value="100"/></append>-->
<!--<append xpath="//item[@name='gunM60Parts'		                ]"><property name="CarryWeight" value="0.50"/><property name="Stacknumber" value="100"/></append>-->
<append xpath="//item[@name='gunPistolParts'		                ]"><property name="CarryWeight" value="0.50"/><property name="Stacknumber" value="100"/></append>
<!--<append xpath="//item[@name='gun44MagnumParts'		            ]"><property name="CarryWeight" value="0.50"/><property name="Stacknumber" value="100"/></append>-->
<!--<append xpath="//item[@name='gunSMG5Parts'		                ]"><property name="CarryWeight" value="0.50"/><property name="Stacknumber" value="100"/></append>-->
<append xpath="//item[@name='gunHuntingRifleParts'		            ]"><property name="CarryWeight" value="0.50"/><property name="Stacknumber" value="100"/></append>
<!--<append xpath="//item[@name='gunMR10Parts'		                ]"><property name="CarryWeight" value="0.50"/><property name="Stacknumber" value="100"/></append>-->
<append xpath="//item[@name='gunDoubleBarrelShotgunParts'		    ]"><property name="CarryWeight" value="0.50"/><property name="Stacknumber" value="100"/></append>
<!--<append xpath="//item[@name='gunPumpShotgunParts'		        ]"><property name="CarryWeight" value="0.50"/><property name="Stacknumber" value="100"/></append>-->
<append xpath="//item[@name='gunBowWoodenParts'		                ]"><property name="CarryWeight" value="0.50"/><property name="Stacknumber" value="100"/></append>
<!--<append xpath="//item[@name='gunBowCompoundParts'		        ]"><property name="CarryWeight" value="0.50"/><property name="Stacknumber" value="100"/></append>-->
<!--<append xpath="//item[@name='gunCrossbowIronParts'		        ]"><property name="CarryWeight" value="0.50"/><property name="Stacknumber" value="100"/></append>-->
<!--<append xpath="//item[@name='gunCrossbowCompoundParts'		    ]"><property name="CarryWeight" value="0.50"/><property name="Stacknumber" value="100"/></append>-->
<append xpath="//item[@name='gunRocketLauncherParts'		        ]"><property name="CarryWeight" value="0.50"/><property name="Stacknumber" value="100"/></append>
<append xpath="//item[@name='gunJunkTurretParts'		            ]"><property name="CarryWeight" value="0.50"/><property name="Stacknumber" value="100"/></append>
<append xpath="//item[@name='meleeStunBatonParts'		            ]"><property name="CarryWeight" value="0.50"/><property name="Stacknumber" value="100"/></append>
<append xpath="//item[@name='meleeKnucklesSteelParts'		        ]"><property name="CarryWeight" value="0.50"/><property name="Stacknumber" value="100"/></append>
<append xpath="//item[@name='meleeToolKnifeMacheteParts'		    ]"><property name="CarryWeight" value="0.50"/><property name="Stacknumber" value="100"/></append>
<append xpath="//item[@name='meleeThrownSpearSteelParts'		    ]"><property name="CarryWeight" value="0.50"/><property name="Stacknumber" value="100"/></append>
<append xpath="//item[@name='meleeClubBaseballBatParts'		        ]"><property name="CarryWeight" value="0.50"/><property name="Stacknumber" value="100"/></append>
<append xpath="//item[@name='meleeToolSledgehammerSteelParts'		]"><property name="CarryWeight" value="0.50"/><property name="Stacknumber" value="100"/></append>
<append xpath="//item[@name='meleeToolAllSteelParts'		        ]"><property name="CarryWeight" value="0.50"/><property name="Stacknumber" value="100"/></append>
<append xpath="//item[@name='armorMilitarySetParts'		            ]"><property name="CarryWeight" value="0.50"/><property name="Stacknumber" value="100"/></append>
<append xpath="//item[@name='armorSteelSetParts'		            ]"><property name="CarryWeight" value="0.50"/><property name="Stacknumber" value="100"/></append>
<append xpath="//item[@name='meleeToolChainsawParts'		        ]"><property name="CarryWeight" value="0.50"/><property name="Stacknumber" value="100"/></append>
<!--<append xpath="//item[@name='meleeToolAugerParts'		        ]"><property name="CarryWeight" value="0.50"/><property name="Stacknumber" value="100"/></append>-->
<append xpath="//item[@name='vehicleWheels'		                    ]"><property name="CarryWeight" value="2.00"/><property name="Stacknumber" value="10"/></append>
<append xpath="//item[@name='vehicleMinibikeChassis'		        ]"><property name="CarryWeight" value="5.00"/><property name="Stacknumber" value="10"/></append>
<append xpath="//item[@name='vehicleMinibikeHandlebars'		        ]"><property name="CarryWeight" value="1.00"/><property name="Stacknumber" value="10"/></append>
<append xpath="//item[@name='vehicleMinibikePlaceable'		        ]"><property name="CarryWeight" value="50.0"/><property name="Stacknumber" value="1"/></append>
<append xpath="//item[@name='vehicleBicycleChassis'		            ]"><property name="CarryWeight" value="4.00"/><property name="Stacknumber" value="10"/></append>
<append xpath="//item[@name='vehicleBicycleHandlebars'		        ]"><property name="CarryWeight" value="1.00"/><property name="Stacknumber" value="10"/></append>
<append xpath="//item[@name='vehicleBicyclePlaceable'		        ]"><property name="CarryWeight" value="25.0"/><property name="Stacknumber" value="1"/></append>
<append xpath="//item[@name='vehicleMotorcycleChassis'		        ]"><property name="CarryWeight" value="10.0"/><property name="Stacknumber" value="10"/></append>
<append xpath="//item[@name='vehicleMotorcycleHandlebars'		    ]"><property name="CarryWeight" value="2.00"/><property name="Stacknumber" value="10"/></append>
<append xpath="//item[@name='vehicleMotorcyclePlaceable'		    ]"><property name="CarryWeight" value="500"/><property name="Stacknumber" value="1"/></append>
<append xpath="//item[@name='vehicle4x4TruckChassis'		        ]"><property name="CarryWeight" value="50.0"/><property name="Stacknumber" value="10"/></append>
<append xpath="//item[@name='vehicle4x4TruckAccessories'		    ]"><property name="CarryWeight" value="25.0"/><property name="Stacknumber" value="10"/></append>
<append xpath="//item[@name='vehicle4x4TruckPlaceable'		        ]"><property name="CarryWeight" value="1000"/><property name="Stacknumber" value="1"/></append>
<append xpath="//item[@name='vehicleGyroCopterChassis'		        ]"><property name="CarryWeight" value="8.00"/><property name="Stacknumber" value="10"/></append>
<append xpath="//item[@name='vehicleGyroCopterAccessories'		    ]"><property name="CarryWeight" value="2.00"/><property name="Stacknumber" value="10"/></append>
<append xpath="//item[@name='vehicleGyrocopterPlaceable'		    ]"><property name="CarryWeight" value="50.0"/><property name="Stacknumber" value="1"/></append>
<append xpath="//item[@name='armorClothMaster'		                ]"><property name="CarryWeight" value="1.0"/><property name="Stacknumber" value="1"/></append>
<append xpath="//item[@name='armorClothHat'		                    ]"><property name="CarryWeight" value="0.15"/><property name="Stacknumber" value="1"/></append>
<append xpath="//item[@name='armorSantaHat'		                    ]"><property name="CarryWeight" value="0.25"/><property name="Stacknumber" value="1"/></append>
<append xpath="//item[@name='armorClothJacket'		                ]"><property name="CarryWeight" value="0.75"/><property name="Stacknumber" value="1"/></append>
<append xpath="//item[@name='armorClothGloves'		                ]"><property name="CarryWeight" value="0.30"/><property name="Stacknumber" value="1"/></append>
<append xpath="//item[@name='armorClothPants'		                ]"><property name="CarryWeight" value="0.75"/><property name="Stacknumber" value="1"/></append>
<append xpath="//item[@name='armorClothBoots'		                ]"><property name="CarryWeight" value="0.35"/><property name="Stacknumber" value="1"/></append>
<append xpath="//item[@name='armorLeatherMaster'		            ]"><property name="CarryWeight" value="1.00"/><property name="Stacknumber" value="1"/></append>
<append xpath="//item[@name='armorLeatherHood'		                ]"><property name="CarryWeight" value="0.25"/><property name="Stacknumber" value="1"/></append>
<append xpath="//item[@name='armorLeatherChest'		                ]"><property name="CarryWeight" value="1.20"/><property name="Stacknumber" value="1"/></append>
<append xpath="//item[@name='armorLeatherGloves'		            ]"><property name="CarryWeight" value="0.50"/><property name="Stacknumber" value="1"/></append>
<append xpath="//item[@name='armorLeatherPants'		                ]"><property name="CarryWeight" value="0.80"/><property name="Stacknumber" value="1"/></append>
<append xpath="//item[@name='armorLeatherBoots'		                ]"><property name="CarryWeight" value="0.90"/><property name="Stacknumber" value="1"/></append>
<append xpath="//item[@name='armorMilitaryMaster'		            ]"><property name="CarryWeight" value="1.00"/><property name="Stacknumber" value="1"/></append>
<append xpath="//item[@name='armorMilitaryHelmet'		            ]"><property name="CarryWeight" value="0.80"/><property name="Stacknumber" value="1"/></append>
<append xpath="//item[@name='armorMilitaryVest'		                ]"><property name="CarryWeight" value="1.50"/><property name="Stacknumber" value="1"/></append>
<append xpath="//item[@name='armorMilitaryGloves'		            ]"><property name="CarryWeight" value="0.60"/><property name="Stacknumber" value="1"/></append>
<append xpath="//item[@name='armorMilitaryLegs'		                ]"><property name="CarryWeight" value="0.90"/><property name="Stacknumber" value="1"/></append>
<append xpath="//item[@name='armorMilitaryBoots'		            ]"><property name="CarryWeight" value="1.20"/><property name="Stacknumber" value="1"/></append>
<append xpath="//item[@name='armorMilitaryStealthBoots'		        ]"><property name="CarryWeight" value="1.20"/><property name="Stacknumber" value="1"/></append>
<append xpath="//item[@name='armorScrapMaster'		                ]"><property name="CarryWeight" value="1.00"/><property name="Stacknumber" value="1"/></append>
<append xpath="//item[@name='armorScrapHelmet'		                ]"><property name="CarryWeight" value="1.50"/><property name="Stacknumber" value="1"/></append>
<append xpath="//item[@name='armorScrapChest'		                ]"><property name="CarryWeight" value="3.00"/><property name="Stacknumber" value="1"/></append>
<append xpath="//item[@name='armorScrapGloves'		                ]"><property name="CarryWeight" value="1.00"/><property name="Stacknumber" value="1"/></append>
<append xpath="//item[@name='armorScrapLegs'		                ]"><property name="CarryWeight" value="3.00"/><property name="Stacknumber" value="1"/></append>
<append xpath="//item[@name='armorScrapBoots'		                ]"><property name="CarryWeight" value="2.50"/><property name="Stacknumber" value="1"/></append>
<append xpath="//item[@name='armorIronMaster'		                ]"><property name="CarryWeight" value="2.00"/><property name="Stacknumber" value="1"/></append>
<append xpath="//item[@name='armorIronHelmet'		                ]"><property name="CarryWeight" value="3.00"/><property name="Stacknumber" value="1"/></append>
<append xpath="//item[@name='armorIronChest'		                ]"><property name="CarryWeight" value="5.00"/><property name="Stacknumber" value="1"/></append>
<append xpath="//item[@name='armorIronGloves'		                ]"><property name="CarryWeight" value="2.00"/><property name="Stacknumber" value="1"/></append>
<append xpath="//item[@name='armorIronLegs'		                    ]"><property name="CarryWeight" value="5.00"/><property name="Stacknumber" value="1"/></append>
<append xpath="//item[@name='armorIronBoots'		                ]"><property name="CarryWeight" value="4.00"/><property name="Stacknumber" value="1"/></append>
<append xpath="//item[@name='armorSteelMaster'		                ]"><property name="CarryWeight" value="2.00"/><property name="Stacknumber" value="1"/></append>
<append xpath="//item[@name='armorSteelHelmet'		                ]"><property name="CarryWeight" value="2.00"/><property name="Stacknumber" value="1"/></append>
<append xpath="//item[@name='armorSteelChest'		                ]"><property name="CarryWeight" value="4.00"/><property name="Stacknumber" value="1"/></append>
<append xpath="//item[@name='armorSteelGloves'		                ]"><property name="CarryWeight" value="1.50"/><property name="Stacknumber" value="1"/></append>
<append xpath="//item[@name='armorSteelLegs'		                ]"><property name="CarryWeight" value="4.00"/><property name="Stacknumber" value="1"/></append>
<append xpath="//item[@name='armorSteelBoots'		                ]"><property name="CarryWeight" value="3.00"/><property name="Stacknumber" value="1"/></append>
<append xpath="//item[@name='armorMiningHelmet'		                ]"><property name="CarryWeight" value="1.00"/><property name="Stacknumber" value="1"/></append>
<append xpath="//item[@name='armorFirefightersHelmet'		        ]"><property name="CarryWeight" value="1.00"/><property name="Stacknumber" value="1"/></append>
<append xpath="//item[@name='armorSwatHelmet'		                ]"><property name="CarryWeight" value="1.00"/><property name="Stacknumber" value="1"/></append>
<append xpath="//item[@name='armorFootballHelmet'		            ]"><property name="CarryWeight" value="1.00"/><property name="Stacknumber" value="1"/></append>
<append xpath="//item[@name='armorFootballHelmetZU'		            ]"><property name="CarryWeight" value="1.00"/><property name="Stacknumber" value="1"/></append>
<append xpath="//item[@name='apparelPlantFiberMaster'		        ]"><property name="CarryWeight" value="1.00"/><property name="Stacknumber" value="1"/></append>
<append xpath="//item[@name='apparelPlantFiberPants'		        ]"><property name="CarryWeight" value="0.75"/><property name="Stacknumber" value="1"/></append>
<append xpath="//item[@name='apparelPlantFiberShirt'		        ]"><property name="CarryWeight" value="0.25"/><property name="Stacknumber" value="1"/></append>
<append xpath="//item[@name='apparelPlantFiberHood'		            ]"><property name="CarryWeight" value="0.15"/><property name="Stacknumber" value="1"/></append>
<append xpath="//item[@name='apparelPlantFiberShoes'		        ]"><property name="CarryWeight" value="0.50"/><property name="Stacknumber" value="1"/></append>
<append xpath="//item[@name='apparelPlantFiberGloves'		        ]"><property name="CarryWeight" value="0.35"/><property name="Stacknumber" value="1"/></append>
<append xpath="//item[@name='apparelPlantFiberHat'		            ]"><property name="CarryWeight" value="0.15"/><property name="Stacknumber" value="1"/></append>
<append xpath="//item[@name='apparelGhillieSuitHood'		        ]"><property name="CarryWeight" value="0.50"/><property name="Stacknumber" value="1"/></append>
<append xpath="//item[@name='apparelGhillieSuitPants'		        ]"><property name="CarryWeight" value="0.75"/><property name="Stacknumber" value="1"/></append>
<append xpath="//item[@name='apparelGhillieSuitJacket'		        ]"><property name="CarryWeight" value="1.25"/><property name="Stacknumber" value="1"/></append>
<append xpath="//item[@name='apparelHazmatMaster'		            ]"><property name="CarryWeight" value="1.00"/><property name="Stacknumber" value="1"/></append>
<append xpath="//item[@name='apparelHazmatBoots'		            ]"><property name="CarryWeight" value="1.20"/><property name="Stacknumber" value="1"/></append>
<append xpath="//item[@name='apparelHazmatPants'		            ]"><property name="CarryWeight" value="1.20"/><property name="Stacknumber" value="1"/></append>
<append xpath="//item[@name='apparelHazmatJacket'		            ]"><property name="CarryWeight" value="1.00"/><property name="Stacknumber" value="1"/></append>
<append xpath="//item[@name='apparelHazmatGloves'		            ]"><property name="CarryWeight" value="0.80"/><property name="Stacknumber" value="1"/></append>
<append xpath="//item[@name='apparelHazmatMask'		                ]"><property name="CarryWeight" value="0.80"/><property name="Stacknumber" value="1"/></append>
<append xpath="//item[@name='apparelCowboyHat'		                ]"><property name="CarryWeight" value="0.30"/><property name="Stacknumber" value="1"/></append>
<append xpath="//item[@name='apparelBallCap'		                ]"><property name="CarryWeight" value="0.20"/><property name="Stacknumber" value="1"/></append>
<append xpath="//item[@name='apparelSkullCap'		                ]"><property name="CarryWeight" value="0.25"/><property name="Stacknumber" value="1"/></append>
<append xpath="//item[@name='apparelPressboyCap'		            ]"><property name="CarryWeight" value="0.25"/><property name="Stacknumber" value="1"/></append>
<append xpath="//item[@name='apparelGasMask'		                ]"><property name="CarryWeight" value="0.75"/><property name="Stacknumber" value="1"/></append>
<append xpath="//item[@name='apparelShades'		                    ]"><property name="CarryWeight" value="0.05"/><property name="Stacknumber" value="1"/></append>
<append xpath="//item[@name='apparelAviatorGoggles'		            ]"><property name="CarryWeight" value="0.10"/><property name="Stacknumber" value="1"/></append>
<append xpath="//item[@name='apparelSkiGoggles'		                ]"><property name="CarryWeight" value="0.25"/><property name="Stacknumber" value="1"/></append>
<append xpath="//item[@name='apparelNerdGlasses'		            ]"><property name="CarryWeight" value="0.05"/><property name="Stacknumber" value="1"/></append>
<append xpath="//item[@name='apparelNightvisionGoggles'		        ]"><property name="CarryWeight" value="0.25"/><property name="Stacknumber" value="1"/></append>
<append xpath="//item[@name='apparelCigar'		                    ]"><property name="CarryWeight" value="0.05"/><property name="Stacknumber" value="1"/></append>
<append xpath="//item[@name='apparelCigarette'		                ]"><property name="CarryWeight" value="0.01"/><property name="Stacknumber" value="1"/></append>
<append xpath="//item[@name='apparelFacialPiercings'		        ]"><property name="CarryWeight" value="0.02"/><property name="Stacknumber" value="1"/></append>
<append xpath="//item[@name='apparelBandana'		                ]"><property name="CarryWeight" value="0.10"/><property name="Stacknumber" value="1"/></append>
<append xpath="//item[@name='apparelDenimPants'		                ]"><property name="CarryWeight" value="0.80"/><property name="Stacknumber" value="1"/></append>
<append xpath="//item[@name='apparelDenimShortsPants'		        ]"><property name="CarryWeight" value="0.50"/><property name="Stacknumber" value="1"/></append>
<append xpath="//item[@name='apparelArmyPants'		                ]"><property name="CarryWeight" value="0.75"/><property name="Stacknumber" value="1"/></append>
<append xpath="//item[@name='apparelOveralls'		                ]"><property name="CarryWeight" value="1.00"/><property name="Stacknumber" value="1"/></append>
<append xpath="//item[@name='apparelSkirt'		                    ]"><property name="CarryWeight" value="0.25"/><property name="Stacknumber" value="1"/></append>
<append xpath="//item[@name='apparelGothPants'		                ]"><property name="CarryWeight" value="0.75"/><property name="Stacknumber" value="1"/></append>
<append xpath="//item[@name='apparelWornBoots'		                ]"><property name="CarryWeight" value="0.75"/><property name="Stacknumber" value="1"/></append>
<append xpath="//item[@name='apparelRunningShoesRegular'		    ]"><property name="CarryWeight" value="0.50"/><property name="Stacknumber" value="1"/></append>
<append xpath="//item[@name='apparelRunningShoesHP'		            ]"><property name="CarryWeight" value="0.45"/><property name="Stacknumber" value="1"/></append>
<append xpath="//item[@name='apparelCowboyBoots'		            ]"><property name="CarryWeight" value="0.90"/><property name="Stacknumber" value="1"/></append>
<append xpath="//item[@name='apparelGothBoots'		                ]"><property name="CarryWeight" value="0.80"/><property name="Stacknumber" value="1"/></append>
<append xpath="//item[@name='apparelLongShirt'		                ]"><property name="CarryWeight" value="0.40"/><property name="Stacknumber" value="1"/></append>
<append xpath="//item[@name='apparelArmyShirt'		                ]"><property name="CarryWeight" value="0.35"/><property name="Stacknumber" value="1"/></append>
<append xpath="//item[@name='apparelSweatshirt'		                ]"><property name="CarryWeight" value="0.40"/><property name="Stacknumber" value="1"/></append>
<append xpath="//item[@name='apparelFlannelShirt'		            ]"><property name="CarryWeight" value="0.90"/><property name="Stacknumber" value="1"/></append>
<append xpath="//item[@name='apparelTShirtPlain'		            ]"><property name="CarryWeight" value="0.25"/><property name="Stacknumber" value="1"/></append>
<append xpath="//item[@name='apparelTShirtZU'		                ]"><property name="CarryWeight" value="0.25"/><property name="Stacknumber" value="1"/></append>
<append xpath="//item[@name='apparelTankTop'		                ]"><property name="CarryWeight" value="0.25"/><property name="Stacknumber" value="1"/></append>
<append xpath="//item[@name='apparelHoodySweatshirt'		        ]"><property name="CarryWeight" value="0.50"/><property name="Stacknumber" value="1"/></append>
<append xpath="//item[@name='apparelCoatLeatherPoncho'		        ]"><property name="CarryWeight" value="0.75"/><property name="Stacknumber" value="1"/></append>
<append xpath="//item[@name='apparelCoatLeatherDuster'		        ]"><property name="CarryWeight" value="1.25"/><property name="Stacknumber" value="1"/></append>
<append xpath="//item[@name='apparelCoatPufferCoat'		            ]"><property name="CarryWeight" value="1.50"/><property name="Stacknumber" value="1"/></append>
<append xpath="//item[@name='apparelCoatJacketGeneric'		        ]"><property name="CarryWeight" value="0.90"/><property name="Stacknumber" value="1"/></append>
<append xpath="//item[@name='apparelCoatJacketLetterZU'		        ]"><property name="CarryWeight" value="0.90"/><property name="Stacknumber" value="1"/></append>
<append xpath="//item[@name='apparelSuitPants'		                ]"><property name="CarryWeight" value="0.80"/><property name="Stacknumber" value="1"/></append>
<append xpath="//item[@name='apparelSuitJacket'		                ]"><property name="CarryWeight" value="1.50"/><property name="Stacknumber" value="1"/></append>
<append xpath="//item[@name='apparelSuitDressShoes'		            ]"><property name="CarryWeight" value="0.75"/><property name="Stacknumber" value="1"/></append>
<append xpath="//item[@name='backpackMedium'		                ]"><property name="CarryWeight" value="0.75"/><property name="Stacknumber" value="1"/></append>
<append xpath="//item[@name='medicalAloeCream'		                ]"><property name="CarryWeight" value="0.01"/><property name="Stacknumber" value="100"/></append>
<append xpath="//item[@name='medicalBandage'		                ]"><property name="CarryWeight" value="0.05"/><property name="Stacknumber" value="100"/></append>
<append xpath="//item[@name='medicalFirstAidBandage'		        ]"><property name="CarryWeight" value="0.05"/><property name="Stacknumber" value="100"/></append>
<append xpath="//item[@name='medicalFirstAidKit'		            ]"><property name="CarryWeight" value="0.25"/><property name="Stacknumber" value="100"/></append>
<append xpath="//item[@name='medicalSplint'		                    ]"><property name="CarryWeight" value="0.15"/><property name="Stacknumber" value="100"/></append>
<append xpath="//item[@name='medicalPlasterCast'		            ]"><property name="CarryWeight" value="0.50"/><property name="Stacknumber" value="100"/></append>
<append xpath="//item[@name='medicalBloodDrawKit'		            ]"><property name="CarryWeight" value="0.05"/><property name="Stacknumber" value="100"/></append>
<append xpath="//item[@name='medicalBloodBag'		                ]"><property name="CarryWeight" value="0.25"/><property name="Stacknumber" value="100"/></append>
<append xpath="//item[@name='drugVitamins'		                    ]"><property name="CarryWeight" value="0.01"/><property name="Stacknumber" value="100"/></append>
<append xpath="//item[@name='drugPainkillers'		                ]"><property name="CarryWeight" value="0.01"/><property name="Stacknumber" value="100"/></append>
<append xpath="//item[@name='drugHerbalAntibiotics'		            ]"><property name="CarryWeight" value="0.01"/><property name="Stacknumber" value="100"/></append>
<append xpath="//item[@name='drugAntibiotics'		                ]"><property name="CarryWeight" value="0.01"/><property name="Stacknumber" value="100"/></append>
<append xpath="//item[@name='sunblocker'		                    ]"><property name="CarryWeight" value="0.05"/><property name="Stacknumber" value="100"/></append>
<append xpath="//item[@name='drugRedPill'		                    ]"><property name="CarryWeight" value="0.05"/><property name="Stacknumber" value="100"/></append>
<append xpath="//item[@name='drugBluePill'		                    ]"><property name="CarryWeight" value="0.05"/><property name="Stacknumber" value="100"/></append>
<append xpath="//item[@name='drugSteroids'		                    ]"><property name="CarryWeight" value="0.05"/><property name="Stacknumber" value="100"/></append>
<append xpath="//item[@name='drugRecog'		                        ]"><property name="CarryWeight" value="0.05"/><property name="Stacknumber" value="100"/></append>
<append xpath="//item[@name='drugFortBites'		                    ]"><property name="CarryWeight" value="0.05"/><property name="Stacknumber" value="100"/></append>
<append xpath="//item[@name='foodHoney'		                        ]"><property name="CarryWeight" value="0.20"/><property name="Stacknumber" value="100"/></append>
<append xpath="//item[@name='foodCanBeef'		                    ]"><property name="CarryWeight" value="0.35"/><property name="Stacknumber" value="100"/></append>
<append xpath="//item[@name='foodCanChicken'		                ]"><property name="CarryWeight" value="0.35"/><property name="Stacknumber" value="100"/></append>
<append xpath="//item[@name='foodCanLamb'		                    ]"><property name="CarryWeight" value="0.35"/><property name="Stacknumber" value="100"/></append>
<append xpath="//item[@name='foodCanCatfood'		                ]"><property name="CarryWeight" value="0.35"/><property name="Stacknumber" value="100"/></append>
<append xpath="//item[@name='foodCanDogfood'		                ]"><property name="CarryWeight" value="0.35"/><property name="Stacknumber" value="100"/></append>
<append xpath="//item[@name='foodCanChili'		                    ]"><property name="CarryWeight" value="0.35"/><property name="Stacknumber" value="100"/></append>
<append xpath="//item[@name='foodCanTuna'		                    ]"><property name="CarryWeight" value="0.15"/><property name="Stacknumber" value="100"/></append>
<append xpath="//item[@name='foodCanSham'		                    ]"><property name="CarryWeight" value="0.35"/><property name="Stacknumber" value="100"/></append>
<append xpath="//item[@name='foodCanPasta'		                    ]"><property name="CarryWeight" value="0.35"/><property name="Stacknumber" value="100"/></append>
<append xpath="//item[@name='foodCanSalmon'		                    ]"><property name="CarryWeight" value="0.35"/><property name="Stacknumber" value="100"/></append>
<append xpath="//item[@name='foodCanMiso'		                    ]"><property name="CarryWeight" value="0.35"/><property name="Stacknumber" value="100"/></append>
<append xpath="//item[@name='foodCanPeas'		                    ]"><property name="CarryWeight" value="0.35"/><property name="Stacknumber" value="100"/></append>
<append xpath="//item[@name='foodCanPears'		                    ]"><property name="CarryWeight" value="0.35"/><property name="Stacknumber" value="100"/></append>
<append xpath="//item[@name='foodCanSoup'		                    ]"><property name="CarryWeight" value="0.35"/><property name="Stacknumber" value="100"/></append>
<append xpath="//item[@name='foodCanStock'		                    ]"><property name="CarryWeight" value="0.35"/><property name="Stacknumber" value="100"/></append>
<append xpath="//item[@name='foodCornOnTheCob'		                ]"><property name="CarryWeight" value="0.15"/><property name="Stacknumber" value="100"/></append>
<append xpath="//item[@name='foodCornBread'		                    ]"><property name="CarryWeight" value="0.25"/><property name="Stacknumber" value="100"/></append>
<append xpath="//item[@name='foodMoldyBread'		                ]"><property name="CarryWeight" value="0.25"/><property name="Stacknumber" value="100"/></append>
<append xpath="//item[@name='foodShamSandwich'		                ]"><property name="CarryWeight" value="0.25"/><property name="Stacknumber" value="100"/></append>
<append xpath="//item[@name='foodCharredMeat'		                ]"><property name="CarryWeight" value="0.25"/><property name="Stacknumber" value="100"/></append>
<append xpath="//item[@name='foodGrilledMeat'		                ]"><property name="CarryWeight" value="0.25"/><property name="Stacknumber" value="100"/></append>
<append xpath="//item[@name='foodBoiledMeat'		                ]"><property name="CarryWeight" value="0.25"/><property name="Stacknumber" value="100"/></append>
<append xpath="//item[@name='foodMeatStew'		                    ]"><property name="CarryWeight" value="0.75"/><property name="Stacknumber" value="100"/></append>
<append xpath="//item[@name='foodSteakAndPotato'		            ]"><property name="CarryWeight" value="0.50"/><property name="Stacknumber" value="100"/></append>
<append xpath="//item[@name='foodShamChowder'		                ]"><property name="CarryWeight" value="0.75"/><property name="Stacknumber" value="100"/></append>
<append xpath="//item[@name='foodHoboStew'		                    ]"><property name="CarryWeight" value="0.75"/><property name="Stacknumber" value="100"/></append>
<append xpath="//item[@name='foodFishTacos'		                    ]"><property name="CarryWeight" value="0.50"/><property name="Stacknumber" value="100"/></append>
<append xpath="//item[@name='foodChiliDog'		                    ]"><property name="CarryWeight" value="0.50"/><property name="Stacknumber" value="100"/></append>
<append xpath="//item[@name='foodBakedPotato'		                ]"><property name="CarryWeight" value="0.05"/><property name="Stacknumber" value="100"/></append>
<append xpath="//item[@name='foodBlueberryPie'		                ]"><property name="CarryWeight" value="0.75"/><property name="Stacknumber" value="100"/></append>
<append xpath="//item[@name='foodPumpkinPie'		                ]"><property name="CarryWeight" value="0.75"/><property name="Stacknumber" value="100"/></append>
<append xpath="//item[@name='foodPumpkinCheesecake'		            ]"><property name="CarryWeight" value="0.25"/><property name="Stacknumber" value="100"/></append>
<append xpath="//item[@name='foodPumpkinBread'		                ]"><property name="CarryWeight" value="0.25"/><property name="Stacknumber" value="100"/></append>
<append xpath="//item[@name='foodEggBoiled'                         ]"><property name="CarryWeight" value="0.05"/><property name="Stacknumber" value="100"/></append>
<append xpath="//item[@name='foodBaconAndEggs'		                ]"><property name="CarryWeight" value="0.25"/><property name="Stacknumber" value="100"/></append>
<append xpath="//item[@name='foodVegetableStew'		                ]"><property name="CarryWeight" value="0.75"/><property name="Stacknumber" value="100"/></append>
<append xpath="//item[@name='foodRawMeat'		                    ]"><property name="CarryWeight" value="0.20"/><property name="Stacknumber" value="100"/></append>
<append xpath="//item[@name='foodRottingFlesh'		                ]"><property name="CarryWeight" value="0.10"/><property name="Stacknumber" value="100"/></append>
<append xpath="//item[@name='foodEgg'		                        ]"><property name="CarryWeight" value="0.05"/><property name="Stacknumber" value="100"/></append>
<append xpath="//item[@name='foodCornMeal'		                    ]"><property name="CarryWeight" value="0.10"/><property name="Stacknumber" value="100"/></append>
<append xpath="//item[@name='foodCropBlueberries'		            ]"><property name="CarryWeight" value="0.05"/><property name="Stacknumber" value="100"/></append>
<append xpath="//item[@name='foodCropCorn'		                    ]"><property name="CarryWeight" value="0.15"/><property name="Stacknumber" value="100"/></append>
<append xpath="//item[@name='foodCropGraceCorn'		                ]"><property name="CarryWeight" value="0.15"/><property name="Stacknumber" value="100"/></append>
<append xpath="//item[@name='foodCropPotato'		                ]"><property name="CarryWeight" value="0.05"/><property name="Stacknumber" value="100"/></append>
<append xpath="//item[@name='foodCropMushrooms'		                ]"><property name="CarryWeight" value="0.05"/><property name="Stacknumber" value="100"/></append>
<append xpath="//item[@name='foodCropYuccaFruit'		            ]"><property name="CarryWeight" value="0.10"/><property name="Stacknumber" value="100"/></append>
<append xpath="//item[@name='foodCropPumpkin'		                ]"><property name="CarryWeight" value="1.50"/><property name="Stacknumber" value="100"/></append>
<append xpath="//item[@name='drinkCanEmpty'		                    ]"><property name="CarryWeight" value="0.05"/><property name="Stacknumber" value="100"/></append>
<append xpath="//item[@name='drinkJarRiverWater'		            ]"><property name="CarryWeight" value="0.40"/><property name="Stacknumber" value="100"/></append>
<append xpath="//item[@name='drinkJarBoiledWater'		            ]"><property name="CarryWeight" value="0.40"/><property name="Stacknumber" value="100"/></append>
<append xpath="//item[@name='drinkJarPureMineralWater'		        ]"><property name="CarryWeight" value="0.40"/><property name="Stacknumber" value="100"/></append>
<append xpath="//item[@name='drinkJarYuccaJuice'		            ]"><property name="CarryWeight" value="0.40"/><property name="Stacknumber" value="100"/></append>
<append xpath="//item[@name='drinkJarGoldenRodTea'		            ]"><property name="CarryWeight" value="0.40"/><property name="Stacknumber" value="100"/></append>
<append xpath="//item[@name='drinkJarRedTea'		                ]"><property name="CarryWeight" value="0.40"/><property name="Stacknumber" value="100"/></append>
<append xpath="//item[@name='drinkJarYuccaCocktail'		            ]"><property name="CarryWeight" value="0.40"/><property name="Stacknumber" value="100"/></append>
<append xpath="//item[@name='drinkYuccaJuiceSmoothie'		        ]"><property name="CarryWeight" value="0.40"/><property name="Stacknumber" value="100"/></append>
<append xpath="//item[@name='drinkCanMegaCrush'		                ]"><property name="CarryWeight" value="0.40"/><property name="Stacknumber" value="100"/></append>
<append xpath="//item[@name='drinkJarCoffee'		                ]"><property name="CarryWeight" value="0.40"/><property name="Stacknumber" value="100"/></append>
<append xpath="//item[@name='drinkJarBlackStrapCoffee'		        ]"><property name="CarryWeight" value="0.40"/><property name="Stacknumber" value="100"/></append>
<append xpath="//item[@name='drinkJarBeer'		                    ]"><property name="CarryWeight" value="0.40"/><property name="Stacknumber" value="100"/></append>
<append xpath="//item[@name='drinkJarGrainAlcohol'		            ]"><property name="CarryWeight" value="0.40"/><property name="Stacknumber" value="100"/></append>
<append xpath="//item[@name='drinkJarGrandpasMoonshine'		        ]"><property name="CarryWeight" value="0.75"/><property name="Stacknumber" value="100"/></append>
<append xpath="//item[@name='drinkJarGrandpasAwesomeSauce'		    ]"><property name="CarryWeight" value="0.75"/><property name="Stacknumber" value="100"/></append>
<append xpath="//item[@name='drinkJarGrandpasLearningElixir'		]"><property name="CarryWeight" value="0.75"/><property name="Stacknumber" value="100"/></append>
<append xpath="//item[@name='drinkJarGrandpasForgettingElixir'		]"><property name="CarryWeight" value="0.75"/><property name="Stacknumber" value="100"/></append>
<append xpath="//item[@name='bucketEmpty'		                    ]"><property name="CarryWeight" value="1.00"/><property name="Stacknumber" value="1"/></append>
<append xpath="//item[@name='bucketRiverWater'		                ]"><property name="CarryWeight" value="2.00"/><property name="Stacknumber" value="1"/></append>
<append xpath="//item[@name='schematicMaster'		                ]"><property name="CarryWeight" value="0.05"/><property name="Stacknumber" value="100"/></append>
<append xpath="//item[@name='blankNoteMaster'		                ]"><property name="CarryWeight" value="0.05"/><property name="Stacknumber" value="100"/></append>
<append xpath="//item[@name='questMaster'		                    ]"><property name="CarryWeight" value="0.05"/><property name="Stacknumber" value="100"/></append>
<append xpath="//item[@name='resourceRockSmall'                     ]"><property name="CarryWeight" value="0.01"/><property name="Stacknumber" value="5000"/></append>
<append xpath="//item[@name='resourceSnowBall'                      ]"><property name="CarryWeight" value="0.01"/><property name="Stacknumber" value="5000"/></append>
<append xpath="//item[@name='resourceAcid'                          ]"><property name="CarryWeight" value="0.10"/><property name="Stacknumber" value="5000"/></append>
<append xpath="//item[@name='resourceYuccaFibers'                   ]"><property name="CarryWeight" value="0.01"/><property name="Stacknumber" value="5000"/></append>
<append xpath="//item[@name='resourceWood'                          ]"><property name="CarryWeight" value="0.02"/><property name="Stacknumber" value="5000"/></append>
<append xpath="//item[@name='resourceCrushedSand'                   ]"><property name="CarryWeight" value="0.01"/><property name="Stacknumber" value="5000"/></append>
<append xpath="//item[@name='resourceBrokenGlass'                   ]"><property name="CarryWeight" value="0.01"/><property name="Stacknumber" value="5000"/></append>
<append xpath="//item[@name='resourceIronFragment'                  ]"><property name="CarryWeight" value="0.10"/><property name="Stacknumber" value="5000"/></append>
<append xpath="//item[@name='resourceScrapIron'                     ]"><property name="CarryWeight" value="0.07"/><property name="Stacknumber" value="5000"/></append>
<append xpath="//item[@name='resourceForgedIron'                    ]"><property name="CarryWeight" value="0.7"/><property name="Stacknumber" value="5000"/></append>
<append xpath="//item[@name='resourceMetalPipe'                     ]"><property name="CarryWeight" value="0.35"/><property name="Stacknumber" value="5000"/></append>
<append xpath="//item[@name='resourceForgedSteel'                   ]"><property name="CarryWeight" value="0.08"/><property name="Stacknumber" value="5000"/></append>
<append xpath="//item[@name='resourceScrapPolymers'                 ]"><property name="CarryWeight" value="0.01"/><property name="Stacknumber" value="5000"/></append>
<append xpath="//item[@name='resourceSewingKit'                     ]"><property name="CarryWeight" value="0.05"/><property name="Stacknumber" value="5000"/></append>
<append xpath="//item[@name='resourceOilShale'                      ]"><property name="CarryWeight" value="0.02"/><property name="Stacknumber" value="5000"/></append>
<append xpath="//item[@name='resourceBone'                          ]"><property name="CarryWeight" value="0.05"/><property name="Stacknumber" value="5000"/></append>
<append xpath="//item[@name='resourceLeather'                       ]"><property name="CarryWeight" value="0.05"/><property name="Stacknumber" value="5000"/></append>
<append xpath="//item[@name='resourceAnimalFat'                     ]"><property name="CarryWeight" value="0.05"/><property name="Stacknumber" value="5000"/></append>
<append xpath="//item[@name='resourceTestosteroneExtract'           ]"><property name="CarryWeight" value="0.10"/><property name="Stacknumber" value="100"/></append>
<append xpath="//item[@name='resourceCropHopsFlower'                ]"><property name="CarryWeight" value="0.01"/><property name="Stacknumber" value="500"/></append>
<append xpath="//item[@name='resourceCropAloeLeaf'                  ]"><property name="CarryWeight" value="0.02"/><property name="Stacknumber" value="500"/></append>
<append xpath="//item[@name='resourceCropChrysanthemumPlant'        ]"><property name="CarryWeight" value="0.01"/><property name="Stacknumber" value="500"/></append>
<append xpath="//item[@name='resourceCropCottonPlant'               ]"><property name="CarryWeight" value="0.01"/><property name="Stacknumber" value="500"/></append>
<append xpath="//item[@name='resourceCropGoldenrodPlant'            ]"><property name="CarryWeight" value="0.01"/><property name="Stacknumber" value="500"/></append>
<append xpath="//item[@name='resourceCropCoffeeBeans'               ]"><property name="CarryWeight" value="0.02"/><property name="Stacknumber" value="500"/></append>
<append xpath="//item[@name='resourceCropSnowberryPlant'            ]"><property name="CarryWeight" value="0.05"/><property name="Stacknumber" value="500"/></append>
<append xpath="//item[@name='resourceScrapBrass'                    ]"><property name="CarryWeight" value="0.08"/><property name="Stacknumber" value="5000"/></append>
<append xpath="//item[@name='resourceScrapLead'                     ]"><property name="CarryWeight" value="0.12"/><property name="Stacknumber" value="5000"/></append>
<append xpath="//item[@name='resourceClayLump'                      ]"><property name="CarryWeight" value="0.02"/><property name="Stacknumber" value="5000"/></append>
<append xpath="//item[@name='resourceCobblestones'                  ]"><property name="CarryWeight" value="0.02"/><property name="Stacknumber" value="5000"/></append>
<append xpath="//item[@name='resourceCement'                        ]"><property name="CarryWeight" value="0.02"/><property name="Stacknumber" value="5000"/></append>
<append xpath="//item[@name='resourceConcreteMix'                   ]"><property name="CarryWeight" value="0.02"/><property name="Stacknumber" value="5000"/></append>
<append xpath="//item[@name='resourceCloth'                         ]"><property name="CarryWeight" value="0.01"/><property name="Stacknumber" value="5000"/></append>
<append xpath="//item[@name='resourcePaper'                         ]"><property name="CarryWeight" value="0.01"/><property name="Stacknumber" value="5000"/></append>
<append xpath="//item[@name='resourceFertilizer'                    ]"><property name="CarryWeight" value="0.05"/><property name="Stacknumber" value="5000"/></append>
<append xpath="//item[@name='resourceMilitaryFiber'                 ]"><property name="CarryWeight" value="0.05"/><property name="Stacknumber" value="5000"/></append>
<append xpath="//item[@name='resourceElectricParts'                 ]"><property name="CarryWeight" value="0.05"/><property name="Stacknumber" value="5000"/></append>
<append xpath="//item[@name='resourceElectronicParts'               ]"><property name="CarryWeight" value="0.05"/><property name="Stacknumber" value="5000"/></append>
<append xpath="//item[@name='resourceMechanicalParts'               ]"><property name="CarryWeight" value="0.05"/><property name="Stacknumber" value="5000"/></append>
<append xpath="//item[@name='resourceInsulator'                     ]"><property name="CarryWeight" value="0.05"/><property name="Stacknumber" value="5000"/></append>
<append xpath="//item[@name='resourceFeather'                       ]"><property name="CarryWeight" value="0.005"/><property name="Stacknumber" value="5000"/></append>
<append xpath="//item[@name='resourceArrowHeadIron'                 ]"><property name="CarryWeight" value="0.05"/><property name="Stacknumber" value="5000"/></append>
<append xpath="//item[@name='resourceArrowHeadSteelAP'              ]"><property name="CarryWeight" value="0.05"/><property name="Stacknumber" value="5000"/></append>
<append xpath="//item[@name='resourceCoal'                          ]"><property name="CarryWeight" value="0.05"/><property name="Stacknumber" value="5000"/></append>
<append xpath="//item[@name='resourcePotassiumNitratePowder'        ]"><property name="CarryWeight" value="0.01"/><property name="Stacknumber" value="5000"/></append>
<append xpath="//item[@name='resourceGunPowder'                     ]"><property name="CarryWeight" value="0.001"/><property name="Stacknumber" value="5000"/></append>
<append xpath="//item[@name='resourceBuckshot'                      ]"><property name="CarryWeight" value="0.05"/><property name="Stacknumber" value="5000"/></append>
<append xpath="//item[@name='resourceBulletCasing'                  ]"><property name="CarryWeight" value="0.005"/><property name="Stacknumber" value="5000"/></append>
<append xpath="//item[@name='resourceBulletTip'                     ]"><property name="CarryWeight" value="0.005"/><property name="Stacknumber" value="5000"/></append>
<append xpath="//item[@name='resourceNail'                          ]"><property name="CarryWeight" value="0.01"/><property name="Stacknumber" value="5000"/></append>
<append xpath="//item[@name='resourceRocketTip'                     ]"><property name="CarryWeight" value="0.25"/><property name="Stacknumber" value="500"/></append>
<append xpath="//item[@name='resourceRocketCasing'                  ]"><property name="CarryWeight" value="0.25"/><property name="Stacknumber" value="500"/></append>
<append xpath="//item[@name='resourceRepairKit'                     ]"><property name="CarryWeight" value="0.25"/><property name="Stacknumber" value="100"/></append>
<append xpath="//item[@name='resourceOil'                           ]"><property name="CarryWeight" value="0.05"/><property name="Stacknumber" value="5000"/></append>
<append xpath="//item[@name='resourcePaint'                         ]"><property name="CarryWeight" value="0.05"/><property name="Stacknumber" value="5000"/></append>
<append xpath="//item[@name='resourceHubcap'                        ]"><property name="CarryWeight" value="0.25"/><property name="Stacknumber" value="100"/></append>
<append xpath="//item[@name='resourceAirFilter'                     ]"><property name="CarryWeight" value="0.50"/><property name="Stacknumber" value="100"/></append>
<append xpath="//item[@name='resourceCandyTin'                      ]"><property name="CarryWeight" value="0.05"/><property name="Stacknumber" value="5000"/></append>
<append xpath="//item[@name='resourceDoorKnob'                      ]"><property name="CarryWeight" value="0.05"/><property name="Stacknumber" value="5000"/></append>
<append xpath="//item[@name='resourceCandleStick'                   ]"><property name="CarryWeight" value="0.05"/><property name="Stacknumber" value="5000"/></append>
<append xpath="//item[@name='resourceRadiator'                      ]"><property name="CarryWeight" value="0.75"/><property name="Stacknumber" value="100"/></append>
<append xpath="//item[@name='resourceFishingWeight'                 ]"><property name="CarryWeight" value="0.01"/><property name="Stacknumber" value="5000"/></append>
<append xpath="//item[@name='resourceTrophy1'                       ]"><property name="CarryWeight" value="0.04"/><property name="Stacknumber" value="5000"/></append>
<append xpath="//item[@name='resourceTrophy2'                       ]"><property name="CarryWeight" value="0.05"/><property name="Stacknumber" value="5000"/></append>
<append xpath="//item[@name='resourceTrophy3'                       ]"><property name="CarryWeight" value="0.05"/><property name="Stacknumber" value="5000"/></append>
<append xpath="//item[@name='resourceSilverNugget'                  ]"><property name="CarryWeight" value="0.01"/><property name="Stacknumber" value="5000"/></append>
<append xpath="//item[@name='resourceGoldNugget'                    ]"><property name="CarryWeight" value="0.01"/><property name="Stacknumber" value="5000"/></append>
<append xpath="//item[@name='resourceRawDiamond'                    ]"><property name="CarryWeight" value="0.01"/><property name="Stacknumber" value="5000"/></append>
<append xpath="//item[@name='candle'                                ]"><property name="CarryWeight" value="0.25"/><property name="Stacknumber" value="100"/></append>
<append xpath="//item[@name='resourceHeadlight'                     ]"><property name="CarryWeight" value="0.25"/><property name="Stacknumber" value="100"/></append>
<append xpath="//item[@name='casinoCoin'                            ]"><property name="CarryWeight" value="0.001"/><property name="Stacknumber" value="25000"/></append>
<append xpath="//item[@name='oldCash'                               ]"><property name="CarryWeight" value="0.05"/><property name="Stacknumber" value="5000"/></append>
<append xpath="//item[@name='resourceGlue'                          ]"><property name="CarryWeight" value="0.05"/><property name="Stacknumber" value="5000"/></append>
<append xpath="//item[@name='resourceDuctTape'                      ]"><property name="CarryWeight" value="0.10"/><property name="Stacknumber" value="5000"/></append>
<append xpath="//item[@name='resourceSpring'                        ]"><property name="CarryWeight" value="0.05"/><property name="Stacknumber" value="5000"/></append>
<append xpath="//item[@name='toolCookingGrill'                      ]"><property name="CarryWeight" value="0.50"/><property name="Stacknumber" value="100"/></append>
<append xpath="//item[@name='toolCookingPot'                        ]"><property name="CarryWeight" value="0.75"/><property name="Stacknumber" value="100"/></append>
<append xpath="//item[@name='toolBeaker'                            ]"><property name="CarryWeight" value="0.20"/><property name="Stacknumber" value="10"/></append>
<append xpath="//item[@name='toolBellows'                           ]"><property name="CarryWeight" value="1.50"/><property name="Stacknumber" value="10"/></append>
<append xpath="//item[@name='toolAnvil'                             ]"><property name="CarryWeight" value="10.0"/><property name="Stacknumber" value="10"/></append>
<append xpath="//item[@name='toolAndDieSet'                         ]"><property name="CarryWeight" value="1.00"/><property name="Stacknumber" value="10"/></append>
<append xpath="//item[@name='toolForgeCrucible'                     ]"><property name="CarryWeight" value="0.75"/><property name="Stacknumber" value="10"/></append>
<append xpath="//item[@name='unit_iron'                             ]"><property name="CarryWeight" value="0.01"/><property name="Stacknumber" value="30000"/></append>
<append xpath="//item[@name='questItem'                             ]"><property name="CarryWeight" value="1.00"/><property name="Stacknumber" value="1"/></append>
<append xpath="//item[@name='resourceLockPick'                      ]"><property name="CarryWeight" value="0.05"/><property name="Stacknumber" value="100"/></append>
<append xpath="//item[@name='resourceLockPickBundle'                ]"><property name="CarryWeight" value="5.0"/><property name="Stacknumber" value="100"/></append>
<append xpath="//item[@name='resourceSteelPolish'                   ]"><property name="CarryWeight" value="0.05"/><property name="Stacknumber" value="5000"/></append>
<append xpath="//item[@name='bookFiremansAlmanacHeat'               ]"><property name="CarryWeight" value="0.25"/><property name="Stacknumber" value="100"/></append>

</Subquake>