<Subquake>
    
<remove xpath="//lootcontainer[@id='64']"/> <!-- gas pump loot -->
<remove xpath="//lootcontainer[@id='65']"/> <!-- cntToilet01, cntToilet02, cntToilet03 -->
<remove xpath="//lootcontainer[@id='99']"/> <!-- cntWaterCoolerFull -->
<remove xpath="//lootcontainer[@id='120']"/> <!-- fuel cntBarrelGasOld -->
<remove xpath="//lootgroup[@name='automotive']/item[@name='ammoGasCan']"/>
    
<append xpath="//lootgroup[@name='automotive']">
	<item name="ulmAmmoFuelCanEmpty" count="1"/>
	<item name="ulmAmmoFuelGasoline" count="1" prob="0.5"/>
</append>
    
</Subquake>