<Subquake>

<set xpath="//attribute[@name='attStrength']">
	<level_requirements level="1"><requirement name="PlayerLevel" operation="GTE" value="1" desc_key="reqGenericPoints01"/></level_requirements>
	<level_requirements level="2"><requirement name="PlayerLevel" operation="GTE" value="1" desc_key="reqGenericPoints01"/></level_requirements>
	<level_requirements level="3"><requirement name="PlayerLevel" operation="GTE" value="1" desc_key="reqGenericPoints01"/></level_requirements>
	<level_requirements level="4"><requirement name="PlayerLevel" operation="GTE" value="1" desc_key="reqGenericPoints01"/></level_requirements>
	<level_requirements level="5"><requirement name="PlayerLevel" operation="GTE" value="1" desc_key="reqGenericPoints01"/></level_requirements>
	<level_requirements level="6"><requirement name="PlayerLevel" operation="GTE" value="1" desc_key="reqGenericPoints02"/></level_requirements>
	<level_requirements level="7"><requirement name="PlayerLevel" operation="GTE" value="1" desc_key="reqGenericPoints02"/></level_requirements>
	<level_requirements level="8"><requirement name="PlayerLevel" operation="GTE" value="1" desc_key="reqGenericPoints02"/></level_requirements>
	<level_requirements level="9"><requirement name="PlayerLevel" operation="GTE" value="1" desc_key="reqGenericPoints03"/></level_requirements>
	<level_requirements level="10"><requirement name="PlayerLevel" operation="GTE" value="1" desc_key="reqGenericPoints03"/></level_requirements>
	<effect_group>
		<requirement name="ItemHasTags" tags="attStrength"/>
			<passive_effect name="DamageModifier" operation="perc_add" level="2,8" value="0.1,.7" tags="head"/>
			<passive_effect name="DamageModifier" operation="perc_add" level="9,10" value=".85,1" tags="head"/>
			<passive_effect name="DismemberChance" operation="base_add" level="2,10" value=".05,.45"/>

		<effect_description level="1" desc_key="attStrengthRank01Desc" long_desc_key="attStrengthRank01LongDesc"/>
		<effect_description level="2" desc_key="attStrengthRank02Desc" long_desc_key="attStrengthRank02LongDesc"/>
		<effect_description level="3" desc_key="attStrengthRank03Desc" long_desc_key="attStrengthRank03LongDesc"/>
		<effect_description level="4" desc_key="attStrengthRank04Desc" long_desc_key="attStrengthRank04LongDesc"/>
		<effect_description level="5" desc_key="attStrengthRank05Desc" long_desc_key="attStrengthRank05LongDesc"/>
		<effect_description level="6" desc_key="attStrengthRank06Desc" long_desc_key="attStrengthRank06LongDesc"/>
		<effect_description level="7" desc_key="attStrengthRank07Desc" long_desc_key="attStrengthRank07LongDesc"/>
		<effect_description level="8" desc_key="attStrengthRank08Desc" long_desc_key="attStrengthRank08LongDesc"/>
		<effect_description level="9" desc_key="attStrengthRank09Desc" long_desc_key="attStrengthRank09LongDesc"/>
		<effect_description level="10" desc_key="attStrengthRank10Desc" long_desc_key="attStrengthRank10LongDesc"/>
	</effect_group>
	<effect_group>
        <passive_effect name="StatWeightMax" operation="base_add" value="20,200" level="1,10"/>
	</effect_group>
</set>

<set xpath="//perk[@name='perkPackMule']">
	<level_requirements level="1"><requirement name="ProgressionLevel" progression_name="attStrength" operation="GTE" value="1" desc_key="reqStrengthLevel01"/></level_requirements>
	<level_requirements level="2"><requirement name="ProgressionLevel" progression_name="attStrength" operation="GTE" value="2" desc_key="reqStrengthLevel02"/></level_requirements>
	<level_requirements level="3"><requirement name="ProgressionLevel" progression_name="attStrength" operation="GTE" value="3" desc_key="reqStrengthLevel03"/></level_requirements>
	<level_requirements level="4"><requirement name="ProgressionLevel" progression_name="attStrength" operation="GTE" value="4" desc_key="reqStrengthLevel04"/></level_requirements>
	<level_requirements level="5"><requirement name="ProgressionLevel" progression_name="attStrength" operation="GTE" value="5" desc_key="reqStrengthLevel05"/></level_requirements>

	<effect_group>
		<passive_effect name="StatWeightMax" operation="base_add" value="40,200" level="1,5"/>
		<effect_description level="1" desc_key="perkPackMuleRank1Desc" long_desc_key="perkPackMuleRank1LongDesc" />
		<effect_description level="2" desc_key="perkPackMuleRank2Desc" long_desc_key="perkPackMuleRank2LongDesc"/>
		<effect_description level="3" desc_key="perkPackMuleRank3Desc" long_desc_key="perkPackMuleRank3LongDesc"/>
		<effect_description level="4" desc_key="perkPackMuleRank4Desc" long_desc_key="perkPackMuleRank4LongDesc"/>
		<effect_description level="5" desc_key="perkPackMuleRank5Desc" long_desc_key="perkPackMuleRank5LongDesc"/>
	</effect_group>
</set>

<set xpath="//perk[@name='perkYeahScience']">
	<level_requirements level="1"><requirement name="ProgressionLevel" progression_name="attIntellect" operation="GTE" value="4" desc_key="reqIntellectLevel04"/></level_requirements>
	<level_requirements level="2"><requirement name="ProgressionLevel" progression_name="attIntellect" operation="GTE" value="5" desc_key="reqIntellectLevel05"/></level_requirements>
	<level_requirements level="3"><requirement name="ProgressionLevel" progression_name="attIntellect" operation="GTE" value="6" desc_key="reqIntellectLevel06"/></level_requirements>
	<level_requirements level="4"><requirement name="ProgressionLevel" progression_name="attIntellect" operation="GTE" value="8" desc_key="reqIntellectLevel08"/></level_requirements>
	<level_requirements level="5"><requirement name="ProgressionLevel" progression_name="attIntellect" operation="GTE" value="10" desc_key="reqIntellectLevel10"/></level_requirements>

	<effect_group>
		<passive_effect name="CraftingTier" operation="base_add" level="1,2,3,4,5" value="1,2,3,4,4" tags="perkYeahScience"/><!--carBattery-->
		<passive_effect name="CraftingTier" operation="base_set" level="0,5" value="0,5" tags="perkYeahScienceCrafting"/><!-- fake crafting perk that is used to scale resources -->

		<passive_effect name="RecipeTagUnlocked" operation="base_set" level="1,5" value="1" tags="chemistryStation,resourceGunPowderBundle"/>
		<passive_effect name="CraftingTime" operation="perc_add" level="1,5" value="-0.2" tags="chemStationCrafting"/>
		<passive_effect name="RecipeTagUnlocked" operation="base_set" level="2,5" value="1" tags="medicalFirstAidBandage,medicalPlasterCast,mineCookingPot,rScrapIronPlateMine,ulmAmmoFuelGasoline,resourceOil"/>
		<passive_effect name="RecipeTagUnlocked" operation="base_set" level="3,5" value="1" tags="medicalFirstAidKit,drugSteroids,resourceMilitaryFiber,mineHubcap"/>
		<passive_effect name="RecipeTagUnlocked" operation="base_set" level="4,5" value="1" tags="drugAntibiotics,carBattery,mineAirFilter"/>
		<passive_effect name="RecipeTagUnlocked" operation="base_set" level="5" value="1" tags="drugFortBites,drugRecog"/>

		<effect_description level="1" desc_key="perkYeahScienceRank1Desc" long_desc_key="perkYeahScienceRank1LongDesc"/>
		<effect_description level="2" desc_key="perkYeahScienceRank2Desc" long_desc_key="perkYeahScienceRank2LongDesc"/>
		<effect_description level="3" desc_key="perkYeahScienceRank3Desc" long_desc_key="perkYeahScienceRank3LongDesc"/>
		<effect_description level="4" desc_key="perkYeahScienceRank4Desc" long_desc_key="perkYeahScienceRank4LongDesc"/>
		<effect_description level="5" desc_key="perkYeahScienceRank5Desc" long_desc_key="perkYeahScienceRank5LongDesc"/>
	</effect_group>
</set>
    
</Subquake>