<Subquake>

<!-- groupRanged -->
<set xpath="//item_display/item_display_info[@display_type='rangedGun']">
	<display_entry name="Degradation"			    	                icon="symbol_durability"		title_key="statCondition"/>
	<display_entry name="EntityDamage" 			max="100"	            icon="symbol_damage" 			title_key="statEntityDamageRanged"/>
	<display_entry name="MagazineSize" 			max="200"	            icon="symbol_ammo_clip" 		title_key="statMagazineSize"/>
	<display_entry name="RoundsPerMinute" 		max="10"	suffix="/s" icon="symbol_attack_speed" 		title_key="statFireRate" display_type="Decimal"/>
	<display_entry name="DamageFalloffRange" 	max="100"	suffix="m"	icon="symbol_aim"               title_key="statDamageFalloffRange"/>
</set>
<set xpath="//item_display/item_display_info[@display_type='rangedShotgun']">
	<display_entry name="Degradation"						            icon="symbol_durability"	    title_key="statCondition"/>
	<display_entry name="EntityDamage" 			max="100"	            icon="symbol_damage" 		    title_key="statEntityDamageRanged"/>
	<display_entry name="MagazineSize" 			max="200"	            icon="symbol_ammo_clip" 	    title_key="statMagazineSize"/>
	<display_entry name="RoundsPerMinute" 		max="10"	suffix="/s" icon="symbol_attack_speed"		title_key="statFireRate" display_type="Decimal"/>
	<display_entry name="RoundRayCount"			max="8"		            icon="symbol_pellets"		    title_key="statRoundRayCount"/>
	<display_entry name="DamageFalloffRange" 	max="100"	suffix="m"	icon="symbol_aim"               title_key="statDamageFalloffRange"/>
    <display_entry name="dStatStunEffect"       max="4"                 icon="symbol_stunned"           title_key="statStunEffect" display_type="Time"/>
</set>
<set xpath="//item_display_info[@display_type='rangedTurret']">
	<display_entry name="Degradation"					                icon="symbol_durability"        title_key="statCondition"/>
	<display_entry name="EntityDamage"          max="20"                icon="symbol_damage"            title_key="statEntityDamageRanged"/>
	<display_entry name="MagazineSize"          max="150"               icon="symbol_ammo_clip"         title_key="statMagazineSize"/>
	<display_entry name="RoundsPerMinute"       max="2"     suffix="/s" icon="symbol_attack_speed"      title_key="statRoundsPerMinute" display_type="Decimal"/>
	<display_entry name="DamageFalloffRange"    max="5"     suffix="m"  icon="symbol_aim"	            title_key="statDamageFalloffRange"/>
</set>
<set xpath="//item_display_info[@display_type='rangedLauncher']">
	<display_entry name="Degradation"                                   icon="symbol_durability"        title_key="statCondition"/>
	<display_entry name="EntityDamage" 			max="315"	            icon="symbol_damage"            title_key="statEntityDamageRanged"/>
	<display_entry name="BlockDamage" 			max="3800"	            icon="symbol_damage_block"      title_key="statBlockDamage"/>
	<display_entry name="MagazineSize" 			max="1"	                icon="symbol_ammo_clip"         title_key="statMagazineSize"/>
	<display_entry name="RoundsPerMinute"       max="1.25"  suffix="/s" icon="symbol_attack_speed"      title_key="statRoundsPerMinute" display_type="Decimal"/>
	<display_entry name="DamageFalloffRange" 	max="100"	suffix="m"	icon="symbol_aim"               title_key="statDamageFalloffRange"/>
</set>
<set xpath="//item_display_info[@display_type='rangedBow']">
	<display_entry name="Degradation"                                   icon="symbol_durability"        title_key="statCondition"/>
	<display_entry name="EntityDamage" 			max="100"	            icon="symbol_damage"            title_key="statEntityDamageRanged"/>
	<display_entry name="ProjectileVelocity"	max="100"	            icon="symbol_velocity"          title_key="statProjectileVelocity"/>
</set>
<set xpath="//item_display_info[@display_type='adminRanged']">
	<display_entry name="EntityDamage" 			max="5000"	            icon="symbol_damage"            title_key="statEntityDamageRanged"/>
	<display_entry name="BlockDamage" 			max="20000"	            icon="symbol_damage_block"      title_key="statBlockDamage"/>
	<display_entry name="RoundsPerMinute"       max="10"    suffix="/s" icon="symbol_attack_speed"      title_key="statRoundsPerMinute" display_type="Decimal"/>
    <display_entry name="MaxRange"				max="200"	            icon="symbol_aim"               title_key="statMaxRange"/>
</set>

<!-- groupMelee -->
<set xpath="//item_display_info[@display_type='melee']">
	<display_entry name="Degradation"                                   icon="symbol_durability"        title_key="statCondition"/>
    <display_entry name="EntityDamage"			max="100"               icon="symbol_damage"            title_key="statEntityDamageMelee"/>
    <display_entry name="EntityDamage"			max="100"               icon="symbol_damage_power"      title_key="statPowerAttack" tags="secondary"/>
    <display_entry name="BlockDamage"			max="200"               icon="symbol_damage_block"      title_key="statBlockDamage"/>
    <display_entry name="AttacksPerMinute"		max="2"		suffix="/s"	icon="symbol_attack_speed"		title_key="statAttackSpeed" display_type="Decimal"/>
    <display_entry name="StaminaLoss"			max="50"                icon="symbol_stamina"           title_key="statStaminaLoss" negative_preferred="true"/>
</set>
<set xpath="//item_display_info[@display_type='meleeKnife']">
	<display_entry name="Degradation"                                   icon="symbol_durability"        title_key="statCondition"/>
    <display_entry name="EntityDamage"			max="100"               icon="symbol_damage"            title_key="statEntityDamageMelee"/>
    <display_entry name="EntityDamage"			max="100"               icon="symbol_damage_power"      title_key="statPowerAttack" tags="secondary"/>
    <display_entry name="BlockDamage"			max="200"               icon="symbol_damage_block"      title_key="statBlockDamage"/>
    <display_entry name="AttacksPerMinute"		max="2"		suffix="/s"	icon="symbol_attack_speed"		title_key="statAttackSpeed" display_type="Decimal"/>
    <display_entry name="StaminaLoss"			max="50"                icon="symbol_stamina"           title_key="statStaminaLoss" negative_preferred="true"/>
	<display_entry name="dBleeding"             max="1"                 icon="symbol_bleed"             title_key="buffInjuryBleedingName" display_type="Percent"/>
</set>
<set xpath="//item_display_info[@display_type='meleeRepairTool']">
	<display_entry name="Degradation"                                   icon="symbol_durability"        title_key="statCondition"/>
    <display_entry name="EntityDamage"			max="100"               icon="symbol_damage"            title_key="statEntityDamageMelee"/>
    <display_entry name="BlockDamage"			max="200"               icon="symbol_damage_block"      title_key="statBlockDamage"/>
    <display_entry name="AttacksPerMinute"		max="2"		suffix="/s"	icon="symbol_attack_speed"		title_key="statAttackSpeed" display_type="Decimal"/>
	<display_entry name="StaminaLoss"           max="50"                icon="symbol_stamina"           title_key="statStaminaLoss" negative_preferred="true"/>
	<display_entry name="dBlockRepairAmount"    max="1000"              icon="symbol_repair"            title_key="statBlockRepairAmount"/>
</set>
<set xpath="//item_display_info[@display_type='motorTool']">
	<display_entry name="Degradation"                                   icon="symbol_durability"        title_key="statCondition"/>
    <display_entry name="EntityDamage"			max="100"               icon="symbol_damage"            title_key="statEntityDamageMelee"/>
    <display_entry name="BlockDamage"			max="200"               icon="symbol_damage_block"      title_key="statBlockDamage"/>
	<display_entry name="MagazineSize"          max="700"               icon="symbol_ammo_clip"         title_key="statMagazineSize"/>
	<display_entry name="RoundsPerMinute"       max="10"    suffix="/s" icon="symbol_attack_speed"      title_key="statRoundsPerMinute" display_type="Decimal"/>
</set>
<set xpath="//item_display_info[@display_type='simpleTool']">
    <display_entry name="EntityDamage"			max="100"               icon="symbol_damage"            title_key="statEntityDamageMelee"/>
    <display_entry name="EntityDamage"			max="100"               icon="symbol_damage_power"      title_key="statPowerAttack" tags="secondary"/>
    <display_entry name="BlockDamage"			max="200"               icon="symbol_damage_block"      title_key="statBlockDamage"/>
    <display_entry name="StaminaLoss"			max="50"                icon="symbol_stamina"           title_key="statStaminaLoss" negative_preferred="true"/>
    <display_entry name="AttacksPerMinute"		max="2"		suffix="/s"	icon="symbol_attack_speed"		title_key="statAttackSpeed" display_type="Decimal"/>
</set>
<set xpath="//item_display_info[@display_type='meleeTorch']">
    <display_entry name="EntityDamage"			max="100"               icon="symbol_damage"            title_key="statEntityDamageMelee"/>
    <display_entry name="EntityDamage"			max="100"               icon="symbol_damage_power"      title_key="statPowerAttack" tags="secondary"/>
    <display_entry name="BlockDamage"			max="200"               icon="symbol_damage_block"      title_key="statBlockDamage"/>
    <display_entry name="StaminaLoss"			max="50"                icon="symbol_stamina"           title_key="statStaminaLoss" negative_preferred="true"/>
    <display_entry name="AttacksPerMinute"		max="2"		suffix="/s"	icon="symbol_attack_speed"		title_key="statAttackSpeed" display_type="Decimal"/>
	<display_entry name="dBurning"              max="0.3"               icon="symbol_fire"              title_key="statBurning" display_type="Percent"/>
	<display_entry name="HypothermalResist"     max="7"                 icon="symbol_cold"              title_key="statHypothermalResist"/>
</set>

<!-- groupAmmo -->
<set xpath="//item_display_info[@display_type='ammoBullet']">
    <display_entry name="EntityDamage"			max="100"	            icon="symbol_damage"			title_key="statEntityDamageRanged"/>
    <display_entry name="BlockDamage"			max="200"	            icon="symbol_damage_block"		title_key="statBlockDamage"/>
</set>
<set xpath="//item_display_info[@display_type='ammoBulletFake']">
    <display_entry name="dEntityDamage"			max="11"	            icon="symbol_damage"			title_key="statEntityDamageRanged"/>
    <display_entry name="dBlockDamage"			max="1"	                icon="symbol_damage_block"		title_key="statBlockDamage"/>
</set>
<set xpath="//item_display_info[@display_type='ammoBulletAP']">
    <display_entry name="EntityDamage"			max="100"	            icon="symbol_damage"			title_key="statEntityDamageRanged"/>
	<display_entry name="dTargetArmor"          max="-100"              icon="symbol_shield"            title_key="statTargetArmor"     display_type="Percent" display_leading_plus="true" negative_preferred="true"/>
	<display_entry name="dTargetPenetration"    max="2"                 icon="symbol_shield_penetrate"  title_key="statTargetPenetration" display_leading_plus="true"/>
    <display_entry name="BlockDamage"			max="200"	            icon="symbol_damage_block"		title_key="statBlockDamage"/>
	<display_entry name="dDegradationPerUse"    max="1"		            icon="symbol_durability"        title_key="statDegradationPerUse" display_type="Percent" display_leading_plus="true" negative_preferred="true"/>
</set>
    
<set xpath="//item_display_info[@display_type='ammoBulletHP']">
    <display_entry name="EntityDamage"			max="100"	            icon="symbol_damage"			title_key="statEntityDamageRanged"/>
	<display_entry name="dTargetArmor"          max="-100"              icon="symbol_shield"            title_key="statTargetArmor"     display_type="Percent" display_leading_plus="true" negative_preferred="true"/>
	<display_entry name="BlockDamage"			max="200"	            icon="symbol_damage_block"		title_key="statBlockDamage"/>
</set>
<set xpath="//item_display_info[@display_type='ammoShotgun']">
    <display_entry name="EntityDamage"			max="100"	            icon="symbol_damage"			title_key="statEntityDamageRanged"/>
    <display_entry name="dTargetArmor"          max="-100"              icon="symbol_shield"            title_key="statTargetArmor"     display_type="Percent" display_leading_plus="true" negative_preferred="true"/>
	<display_entry name="BlockDamage"			max="200"	            icon="symbol_damage_block"		title_key="statBlockDamage"/>
    <display_entry name="RoundRayCount"			max="10"		        icon="symbol_pellets"			title_key="statRoundRayCount"/>
	<display_entry name="DamageFalloffRange" 	max="100"	suffix="m"	icon="symbol_aim"               title_key="statDamageFalloffRange"/>
</set>
<set xpath="//item_display_info[@display_type='ammoShotgunSlug']">
    <display_entry name="EntityDamage"			max="100"	            icon="symbol_damage"			title_key="statEntityDamageRanged"/>
    <display_entry name="RoundRayCount"			max="10"		        icon="symbol_pellets"			title_key="statRoundRayCount"/>
	<display_entry name="dTargetArmor"          max="-100"              icon="symbol_shield"            title_key="statTargetArmor"     display_type="Percent" display_leading_plus="true" negative_preferred="true"/>
	<display_entry name="dTargetPenetration"    max="2"                 icon="symbol_shield_penetrate"  title_key="statTargetPenetration" display_leading_plus="true"/>
    <display_entry name="BlockDamage"			max="200"	            icon="symbol_damage_block"		title_key="statBlockDamage"/>
	<display_entry name="dDegradationPerUse"    max="1"		            icon="symbol_durability"        title_key="statDegradationPerUse" display_type="Percent" display_leading_plus="true" negative_preferred="true"/>
	<display_entry name="DamageFalloffRange" 	max="100"	suffix="m"	icon="symbol_aim"               title_key="statDamageFalloffRange"/>
</set>
<set xpath="//item_display_info[@display_type='ammoShotgunBreaching']">
    <display_entry name="EntityDamage"			max="100"	            icon="symbol_damage"			title_key="statEntityDamageRanged"/>
    <display_entry name="RoundRayCount"			max="10"		        icon="symbol_pellets"			title_key="statRoundRayCount"/>
	<display_entry name="BlockDamage"			max="200"	            icon="symbol_damage_block"		title_key="statBlockDamage"/>
	<display_entry name="dDamageDoor"           max="1000"              icon="symbol_door"              title_key="statBlockDamageDoor" display_leading_plus="true"/>
	<display_entry name="DamageFalloffRange" 	max="100"	suffix="m"	icon="symbol_aim"               title_key="statDamageFalloffRange"/>
</set>
<set xpath="//item_display_info[@display_type='ammoLauncher']">
	<display_entry name="dExDamageEntity"       max="650"               icon="symbol_damage"            title_key="statEntityDamageExplosion"/>
	<display_entry name="dExDamageBlock"        max="200"	            icon="symbol_damage_block"      title_key="statBlockDamage"/>
	<display_entry name="dExRadius"             max="6"		suffix="m"  icon="symbol_explosion"         title_key="statExRadius"/>
</set>
<set xpath="//item_display_info[@display_type='ammoArrow']">
    <display_entry name="EntityDamage"			max="100"	            icon="symbol_damage"			title_key="statEntityDamageRanged"/>
	<display_entry name="dTargetArmor"          max="-100"              icon="symbol_shield"            title_key="statTargetArmor"     display_type="Percent" display_leading_plus="true" negative_preferred="true"/>
	<display_entry name="BlockDamage"			max="200"	            icon="symbol_damage_block"		title_key="statBlockDamage"/>
	<display_entry name="ProjectileVelocity"	max="100"	            icon="symbol_velocity"			title_key="statProjectileVelocity"/>
</set>
<set xpath="//item_display_info[@display_type='ammoDart']">
    <display_entry name="EntityDamage"			max="100"	            icon="symbol_damage"			title_key="statEntityDamageRanged"/>
	<display_entry name="BlockDamage"			max="200"	            icon="symbol_damage_block"		title_key="statBlockDamage"/>
	<display_entry name="ProjectileVelocity"	max="100"	            icon="symbol_velocity"			title_key="statProjectileVelocity"/>
</set>
<set xpath="//item_display_info[@display_type='ammoArrowFlaming']">
    <display_entry name="EntityDamage"			max="100"	            icon="symbol_damage"			title_key="statEntityDamageRanged"/>
	<display_entry name="BlockDamage"			max="200"	            icon="symbol_damage_block"		title_key="statBlockDamage"/>
	<display_entry name="ProjectileVelocity"	max="100"	            icon="symbol_velocity"			title_key="statProjectileVelocity"/>
    <display_entry name="dEntityDamageFire"     max="120"               icon="symbol_fire"              title_key="statEntityDamageFire"/>
	<display_entry name="dDuration"             max="16"    suffix="s"  icon="symbol_timer"             title_key="statDuration" display_type="Time"/>
</set>
<set xpath="//item_display_info[@display_type='ammoArrowExploding']">
	<display_entry name="dExDamageEntity"       max="650"               icon="symbol_damage"            title_key="statEntityDamageExplosion"/>
	<display_entry name="dExDamageBlock"        max="200"	            icon="symbol_damage_block"      title_key="statBlockDamage"/>
	<display_entry name="dExRadius"             max="6"     suffix="m"  icon="symbol_explosion"         title_key="statExRadius"/>
	<display_entry name="ProjectileVelocity"	max="100"	            icon="symbol_velocity"			title_key="statProjectileVelocity"/>
</set>
<set xpath="//item_display_info[@display_type='ammoGrenade']">
	<display_entry name="dExDamageEntity"       max="650"               icon="symbol_damage"            title_key="statEntityDamageExplosion"/>
	<display_entry name="dExDamageBlock"        max="200"	            icon="symbol_damage_block"      title_key="statBlockDamage"/>
	<display_entry name="dExRadius"             max="6"		suffix="m"  icon="symbol_explosion"         title_key="statExRadius"/>
	<display_entry name="dFuseTime"             max="4"     suffix="s"  icon="symbol_timer"             title_key="statFuseTime" display_type="Time" negative_preferred="true"/>
</set>
<set xpath="//item_display_info[@display_type='ammoGrenadeContact']">
	<display_entry name="dExDamageEntity"       max="650"               icon="symbol_damage"            title_key="statEntityDamageExplosion"/>
	<display_entry name="dExDamageBlock"        max="200"	            icon="symbol_damage_block"      title_key="statBlockDamage"/>
	<display_entry name="dExRadius"             max="6"		suffix="m"  icon="symbol_explosion"         title_key="statExRadius"/>
</set>
<set xpath="//item_display_info[@display_type='ammoGrenadeTimedCharge']">
	<display_entry name="dExDamageEntity"       max="650"               icon="symbol_damage"            title_key="statEntityDamageExplosion"/>
	<display_entry name="dExDamageBlock"        max="200"	            icon="symbol_damage_block"      title_key="statBlockDamage"/>
	<display_entry name="dExRadius"             max="6"		suffix="m"  icon="symbol_explosion"         title_key="statExRadius"/>
	<display_entry name="dFuseTime"             max="4"     suffix="s"  icon="symbol_timer"             title_key="statFuseTime" display_type="Time" negative_preferred="true"/>
</set>
<set xpath="//item_display_info[@display_type='ammoGrenadeFire']">
    <display_entry name="dExDamageFire"         max="120"               icon="symbol_fire"              title_key="statEntityDamageFire"/>
	<display_entry name="dDuration"             max="16"    suffix="s"  icon="symbol_timer"             title_key="statDuration" display_type="Time"/>
	<display_entry name="dExDamageBlock"        max="200"	            icon="symbol_damage_block"      title_key="statBlockDamage"/>
	<display_entry name="dExRadius"             max="6"		suffix="m"  icon="symbol_explosion"         title_key="statExRadius"/>
</set>

<set xpath="//item_display_info[@display_type='modCarryCapacity']">
	<display_entry name="dEncumbrance"          max="240"               icon="symbol_backpack"          title_key="statCarryCapacity" display_leading_plus="true"/>
</set>

<set xpath="//item_display_info[@display_type='modNoiseReduction']">
	<display_entry name="dNoiseMultiplier"		max="0.08"	            icon="ui_game_symbol_stealth"   title_key="statNoiseReduction" display_type="Percent"/>
</set>

<set xpath="//item_display_info[@display_type='modTempResist']">
    <display_entry name="HypothermalResist"		max="25"	            icon="symbol_cold"              title_key="statHypothermalResist" display_leading_plus="true"/>
    <display_entry name="HyperthermalResist"	max="25"	            icon="symbol_heat"				title_key="statHyperthermalResist" display_leading_plus="true"/>
</set>

<set xpath="//item_display_info[@display_type='modArmor']">
    <display_entry name="PhysicalDamageResist"	max="10"	            icon="symbol_shield"            title_key="statPhysicalDamageResistLight"/>
</set>

<set xpath="//item_display_info[@display_type='modArmorMobility']">
	<display_entry name="dStaminaChangeOT"		max="1.0"	            icon="ui_game_symbol_run"			title_key="statStaminaChangeOT" display_type="Decimal" display_leading_plus="true"/>
	<display_entry name="Mobility"				max="0.06"	            icon="ui_game_symbol_pack_mule"		title_key="statMobility" display_type="Percent" display_leading_plus="true" show_inverted="true"/>
</set>

<!-- groupAttire -->
<set xpath="//item_display_info[
     @display_type='armor'
  or @display_type='armorLight'
  or @display_type='armorLightStealth'
  or @display_type='armorLightTempResist'
  or @display_type='armorHeavy'
  or @display_type='armorHeavyHeatResist'
  or @display_type='armorGasmask']">
	<!-- This works to display individual resistances
	<display_entry name="BuffResistance" title_key="statBuffResistance1" tags="buffInjuryBleeding"/>
	<display_entry name="BuffResistance" title_key="statBuffResistance2" tags="buffInjuryStunned01"/>
	<display_entry name="BuffResistance" title_key="statBuffResistance3" tags="buffInfectionCatch"/> -->
    <display_entry name="Degradation"						            icon="symbol_durability"		    title_key="statCondition"/>
    <display_entry name="PhysicalDamageResist"	max="20"	            icon="symbol_shield"			    title_key="statResistPhysical"/>
    <display_entry name="HypothermalResist"		max="25"	            icon="symbol_cold"			        title_key="statResistCold"/>
    <display_entry name="HyperthermalResist"	max="25"	            icon="symbol_heat"				    title_key="statResistHeat"/>
    <display_entry name="ElementalDamageResist"	max="5"		            icon="symbol_radiation"		    	title_key="statToxicResist" tags="toxic"/>
	<display_entry name="BuffResistance"		max="20"	            icon="symbol_infection"		        title_key="statResistInfection" display_type="Percent" tags="buffInfectionCatch"/>
	<display_entry name="BuffResistance"		max="20"	            icon="symbol_bleed"		            title_key="statResistBleeding" display_type="Percent" tags="buffInjuryBleeding"/>
	<display_entry name="BuffResistance"		max="20"	            icon="ui_game_symbol_stunned"		title_key="statResistStun" display_type="Percent" tags="buffInjuryStunned01"/>
    <display_entry name="dStaminaChangeOT"		max="-1"	suffix="/s" icon="ui_game_symbol_run"			title_key="statStaminaDrainOT" display_type="Decimal" show_inverted_fill="true"/>
	<display_entry name="Mobility"				max="-10"               icon="ui_game_symbol_pack_mule"		title_key="statMobility" display_type="Percent" show_inverted="true" show_inverted_fill="true"/>
	<display_entry name="dNoiseMultiplier"		max="20"	            icon="ui_game_symbol_stealth"		title_key="statNoiseIncrease" display_type="Percent" negative_preferred="true" display_leading_plus="true"/>
</set>
    
<append xpath="//item_display">
	
	<!-- Batteries -->
	<item_display_info display_type="ulmBattery" display_group="groupBatteries">
		<display_entry name="Degradation"						        icon="symbol_battery"           title_key="statPower"/>
		<display_entry name="PowerOutput"			max="120"	        icon="symbol_lightning"         title_key="statPower"/>
		<display_entry name="dPowerEfficiency"		max="1"		        icon="symbol_gauge"             title_key="statPowerEfficiency"/>
	</item_display_info>
	
	<!-- Engines -->
	<item_display_info display_type="ulmEngine" display_group="groupEngines">
		<display_entry name="Degradation"			                    icon="symbol_durability"        title_key="statCondition"/>
		<display_entry name="PowerOutput"		    max="480"	        icon="symbol_lightning"         title_key="statPower"/>
	</item_display_info>
	
	<!-- Solar -->
	<item_display_info display_type="ulmSolar" display_group="groupEngines">
		<display_entry name="Degradation"			                    icon="symbol_durability"        title_key="statCondition"/>
		<display_entry name="PowerOutput"		    max="60"	        icon="symbol_lightning"         title_key="statPower"/>
	</item_display_info>

	<!-- Fuel -->
	<item_display_info display_type="ulmGasoline" display_group="groupGasoline">
		<display_entry name="Degradation"						        icon="symbol_gasoline"          title_key="statFuel"/>
		<display_entry name="dFuelEfficiency"		max="15"	        icon="symbol_gauge"             title_key="statEfficiency"/>
	</item_display_info>

	<!-- Workstation Tool -->
	<item_display_info display_type="toolWorkstation" display_group="workstationTools">
		<display_entry name="dCraftingTime"		    max="0.4"            icon="symbol_timer"            title_key="statCraftingTime" display_type="Percent" display_leading_plus="true" negative_preferred="false"/>
	</item_display_info>
    
</append>
    
</Subquake>