<Subquake>
    
<append xpath="//item_modifier[                   
   @name='modDyeGreen'                         
or @name='modDyeRed'                           
or @name='modDyeYellow'                       
or @name='modDyeBlack'                           
or @name='modDyeBlue'                              
or @name='modDyeBrown'                                    
or @name='modDyePink'                                    
or @name='modDyePurple'                              
or @name='modArmorBallCap'                           
or @name='modArmorSkullCap'                          
or @name='modArmorCowboyHat'                          
or @name='modArmorPressboyCap'                      ]"><property name="CarryWeight" value="0.05"/></append>
    
<append xpath="//item_modifier[                     
   @name='modGunRodAndSpring'                   
or @name='modArmorMuffledConnectors'                ]"><property name="CarryWeight" value="0.10"/></append>
    
<append xpath="//item_modifier[                     
   @name='modGunLaserSight'             
or @name='modGunReflexSight'            
or @name='modGunForegrip'                
or @name='modGunTriggerGroupSemi'        
or @name='modGunTriggerGroupAutomatic'     
or @name='modGunTriggerGroupBurst3'        
or @name='modGunBowPolymerString'          
or @name='modArmorImprovedFittings'        
or @name='modArmorAdvancedMuffledConnectors'        ]"><property name="CarryWeight" value="0.20"/></append>
    
<append xpath="//item_modifier[
   @name='modGunSoundSuppressorSilencer'               
or @name='modGunFlashlight'                            
or @name='modGunScopeSmall'                             
or @name='modGunBarrelExtender'                           
or @name='modGunMuzzleBrake'                               
or @name='modGunMagazineExtender'                          
or @name='modGunBipod'                                        
or @name='modGunChoke'                                       
or @name='modGunBowArrowRest'                             
or @name='modMeleeErgonomicGrip'                           
or @name='modArmorCustomizedFittings'                    
or @name='modArmorHelmetLight'                      ]"><property name="CarryWeight" value="0.25"/></append>
    
<append xpath="//item_modifier[                     
   @name='modGunScopeMedium'                           
or @name='modShotgunSawedOffBarrel'                     
or @name='modGunDuckbill'                                
or @name='modGunRetractingStock'                        
or @name='modGunCrippleEm'                       
or @name='modMeleeFortifyingGrip'              
or @name='modMeleeStructuralBrace'              
or @name='modMeleeClubBarbedWire'             
or @name='modMeleeClubBurningShaft'            
or @name='modFuelTankSmall'                    
or @name='modArmorInsulatedLiner'          
or @name='modArmorCoolingMesh'                      ]"><property name="CarryWeight" value="0.35"/></append>
    
<append xpath="//item_modifier[                     
   @name='modMeleeClubMetalChain'                    
or @name='modMeleeDiamondTip'                 
or @name='modArmorPlatingBasic'               
or @name='modArmorImpactBracing'             
or @name='modArmorWaterPurifier'                    ]"><property name="CarryWeight" value="0.40"/></append>
    
<append xpath="//item_modifier[                     
   @name='modGunScopeLarge'                         
or @name='modGunMeleeRadRemover'                     
or @name='modMeleeSerratedBlade'                 
or @name='modGunMeleeBlessedMetal'                
or @name='modMeleeTemperedBlade'  
or @name='modMeleeClubMetalSpikes' 
or @name='modMeleeFiremansAxeMod'            
or @name='modArmorBandolier'                  
or @name='modMeleeWoodSplitter'                
or @name='modFuelTankLarge'            
or @name='modArmorPlatingReinforced'                ]"><property name="CarryWeight" value="0.50"/></append>
    
<append xpath="//item_modifier[                     
   @name='modMeleeIronBreaker'                      ]"><property name="CarryWeight" value="0.75"/></append>
    
<append xpath="//item_modifier[                     
   @name='modGunDrumMagazineExtender'               
or @name='modGunShotgunTubeExtenderMagazine'          
or @name='modGunMeleeTheHunter'                
or @name='modMeleeWeightedHead'                  
or @name='modMeleeGraveDigger'                  
or @name='modMeleeBunkerBuster'                     ]"><property name="CarryWeight" value="1.00"/></append>
    
<set xpath="//item_modifier[@name='modArmorStoragePocket']">
	<property name="DisplayType" value="modCarryCapacity"/>
	<property name="Material" value="Mleather"/>
	<property name="Stacknumber" value="1"/>
	<property name="CarryWeight" value="0.05"/>
    <property name="EconomicValue" value="100"/>
	<effect_group tiered="false">
		<passive_effect name="StatWeightMax" operation="base_add" value="10"/>
		<display_value name="dEncumbrance" value="20"/>
	</effect_group>
</set>
<set xpath="//item_modifier[@name='modArmorDoubleStoragePocket']">
	<property name="DisplayType" value="modCarryCapacity"/>
	<property name="Material" value="Mleather"/>
	<property name="Stacknumber" value="1"/>
	<property name="CarryWeight" value="0.1"/>
    <property name="EconomicValue" value="150"/>
	<effect_group tiered="false">
		<passive_effect name="StatWeightMax" operation="base_add" value="20"/>
		<display_value name="dEncumbrance" value="40"/>
	</effect_group>
</set>
<set xpath="//item_modifier[@name='modArmorTripleStoragePocket']">
	<property name="DisplayType" value="modCarryCapacity"/>
	<property name="Material" value="Mleather"/>
	<property name="Stacknumber" value="1"/>
	<property name="CarryWeight" value="0.15"/>
    <property name="EconomicValue" value="200"/>
	<effect_group tiered="false">
		<passive_effect name="StatWeightMax" operation="base_add" value="30"/>
		<display_value name="dEncumbrance" value="60"/>
	</effect_group>
</set>

<set xpath="//item_modifier[@name='modClothingStoragePocket']">
	<property name="DisplayType" value="modCarryCapacity"/>
    <property name="UnlockedBy" value="bookNeedleAndThreadPockets"/>
    <property name="Material" value="Mleather"/>
    <property name="Stacknumber" value="1"/> <property name="Group" value="Mods"/>
    <property name="DropMeshfile" value="#Other/Items?Misc/sack_droppedPrefab.prefab"/>
	<property name="Stacknumber" value="1"/>
	<property name="CarryWeight" value="0.05"/>
    <property name="EconomicValue" value="25"/>
	<effect_group tiered="false">
		<passive_effect name="StatWeightMax" operation="base_add" value="5"/>
		<display_value name="dEncumbrance" value="5"/>
	</effect_group>
</set>

<set xpath="//item_modifier[@name='modClothingCargoStoragePocket']">
	<property name="UnlockedBy" value="bookNeedleAndThreadPockets"/>
	<property name="DisplayType" value="modCarryCapacity"/>
	<property name="Material" value="Mleather"/>
	<property name="Stacknumber" value="1"/> <property name="Group" value="Mods"/>
	<property name="CarryWeight" value="0.1"/>
    <property name="EconomicValue" value="50"/>
	<property name="DropMeshfile" value="#Other/Items?Misc/sack_droppedPrefab.prefab"/>
	<effect_group tiered="false">
		<passive_effect name="StatWeightMax" operation="base_add" value="10"/>
		<display_value name="dEncumbrance" value="10"/>
	</effect_group>
</set>
    
<append xpath="//item_modifiers">
    
<item_modifier name="ulmModArmorBackpackSmall" installable_tags="chest" modifier_tags="backpack" type="attachment">
	<property name="DisplayType" value="modCarryCapacity"/>
	<property name="CustomIcon" value="ulmModBackpackMedium"/>
	<property name="Stacknumber" value="1"/>
	<property name="Material" value="Mleather"/>
	<property name="CarryWeight" value="0.2"/>
    <property name="EconomicValue" value="200"/>
	<effect_group tiered="false">
		<passive_effect name="StatWeightMax" operation="base_add" value="40"/>
		<display_value name="dEncumbrance" value="120"/>
	</effect_group>
</item_modifier>
	
<item_modifier name="ulmModArmorBackpackMedium" installable_tags="chest" modifier_tags="backpack" type="attachment">
	<property name="DisplayType" value="modCarryCapacity"/>
	<property name="CustomIcon" value="ulmModBackpackMedium"/>
	<property name="Stacknumber" value="1"/>
	<property name="Material" value="Mleather"/>
	<property name="Group" value="Backpack Mods,Equipment,Mods"/>
	<property name="CarryWeight" value="0.4"/>
    <property name="EconomicValue" value="400"/>
	<effect_group tiered="false">
		<passive_effect name="StatWeightMax" operation="base_add" value="80"/>
		<display_value name="dEncumbrance" value="180"/>
	</effect_group>
</item_modifier>

<item_modifier name="ulmModArmorBackpackLarge" installable_tags="chest" modifier_tags="backpack" type="attachment">
	<property name="DisplayType" value="modCarryCapacity"/>
	<property name="CustomIcon" value="ulmModBackpackMedium"/>
	<property name="Stacknumber" value="1"/>
	<property name="Material" value="Mleather"/>
	<property name="CarryWeight" value="0.6"/>
    <property name="EconomicValue" value="600"/>
	<effect_group tiered="false">
		<passive_effect name="StatWeightMax" operation="base_add" value="120"/>
		<display_value name="dEncumbrance" value="240"/>
	</effect_group>
</item_modifier>
</append>
    
</Subquake>