<Subquake>

<set xpath="//active_buff_entry">
	<rect size="470,68" style="press,hover,scroll" sound="[recipe_click]" controller="ActiveBuffEntry" visible="{hasEntry}">
		<sprite style="hidden" name="backgroundMain"/>
		<sprite style="hidden" name="background"/>
        <sprite depth="1" type="sliced" color="255,255,255,20"/>
        <sprite style="ulmBuffFill" pos="12,-9" fill="{buffTimeFill}" color="{buffColor}"/>
        <sprite depth="4" size="38,38" pos="39,-36" pivot="center" name="Icon" sprite="{buffIcon|once}" foregroundlayer="true"/>
        <label depth="6" pos="0,-34" size="50,28" font_size="20" text="{buffTimeLeft}" justify="right" style="outline" color="[labelColor2]"/>
        <label depth="5" pos="78,-19" size="380,30" font_size="30" text="{buffText}" justify="right" style="outline" color="[labelColor2]"/>
		<label depth="5" pos="78,-19" size="380,30" font_size="30" text="{buffName|once}" style="outline" color="[labelColor]"/>
	</rect>
</set>

<set xpath="//buff_item">
	<rect controller="BuffItemEntry" width="80" height="82">
		<sprite name="backgroundMain" style="hidden"/>
		<sprite name="background" style="hidden"/>
		<sprite name="highlightOverlay" style="hidden"/>
		<sprite depth="5" name="itemIcon" pos="37,-35" size="73,50" atlas="{itematlas}" sprite="{itemicon}" pivot="center" on_hover="true" tooltip="{itemname}" foregroundlayer="true" />
		<sprite depth="6" width="20" height="20" sprite="{typeicon}" pos="2,-2" foregroundlayer="true"/>
	</rect>
</set>
	
<set xpath="//buff_property_entry">
	<rect height="27" controller="BuffPropertyEntry" disabled_font_color="[disabledLabelColor]" default_font_color="[labelColor]" default_background_color="[mediumGrey]" >
		<label depth="4" name="Name" pos="0,-6" width="215" height="26" text="{property}" font_size="26" color="[white]" effect="shadow" pivot="left" justify="left" />
	</rect>
</set>
    
<set xpath="//forge_material">
	<rect>
		<rect size="135,28" on_hover="true" tooltip_key="${name|stone}">
			<label name="material" style="hidden"/>
            <texture style="ulmForgeMaterial"/>
			<!--<sprite depth="6" size="20,20" pos="4,-4" atlas="ItemIconAtlas" sprite="${icon|resourceRockSmall}" foregroundlayer="true"/>-->
			<label depth="6" size="124,24" pos="4,-2" text_key="${name|}"/>
			<label depth="6" size="124,24" pos="4,-2" name="weight" justify="right" color="[beige]"/>
		</rect>
	</rect>
</set>
    
<set xpath="//journal_entry">
	<rect size="380,36" controller="JournalEntry" style="press, hover, scroll" enabled_color="[iconColor]" unread_color="[iconColor]" disabled_color="[disabledLabelColor]" failed_color="255,0,0,255" row_color="[ulm_Foreground]" hover_color="[ulm_ForegroundHover]" sound="[recipe_click]" failed_icon="ui_game_symbol_x" >
		<sprite name="backgroundMain" style="hidden"/>
		<sprite depth="1" name="background" color="{rowstatecolor}" sprite="{rowstatesprite}" type="sliced" />
		<sprite depth="6" name="Icon"  size="20,20" pos="10,-8" foregroundlayer="true" sprite="{entryicon}" color="{iconcolor}"/>
		<label depth="6" name="Name" pos="40,-4" height="28" text="{entrytitle}" color="{textstatecolor}" />
	</rect>
</set>
    
<set xpath="//material_stack">
	<rect depth="15" size="92,92" controller="MaterialStack" style="itemStack, hover, scroll" on_press="true" on_doubleclick="true" collider_scale="1.1" sound="[recipe_click]"
        hover_background_color="0,255,144" default_background_color="255,255,255" selected_background_color="222,206,163">
		<sprite name="background" style="hidden"/>
		<sprite name="backgroundMain" style="hidden"/>
		<sprite name="highlightOverlay" style="hidden"/>
		<texture style="ulmStack90"/>
		<sprite depth="3" name="hoverBackground" sprite="ui_stack_hover_90" globalopacity="true"/>
		<texture depth="4" name="textMaterial" pos="6,-6" size="80,80" material="Materials/Transparent Colored" globalopacity="true"/>
		<sprite depth="13" name="lockIcon" pos="10,-10" size="20,20" sprite="ui_game_symbol_lock" foregroundlayer="true" visible="{islocked}"/>
	</rect>
</set>
    
<set xpath="//quest_entry">
	<rect size="380,36" controller="QuestEntry" style="press, hover, scroll" sound="[recipe_click]"
		enabled_color="[iconColor]" disabled_color="[disabledLabelColor]" row_color="[ulm_Foreground]" hover_color="[ulm_ForegroundHover]" 
		failed_color="255,0,0,255" complete_color="[disabledLabelColor]" finished_color="0,255,0,255" shared_color="[iconColor]"
		failed_icon="ui_game_symbol_x" complete_icon="ui_game_symbol_check" finished_icon="ui_game_symbol_check" shared_icon="ui_game_symbol_players">
		<!--<rect height="36" controller="QuestEntry" style="press, hover, scroll" enabled_color="[iconColor]" disabled_color="[disabledLabelColor]" 
		failed_color="255,0,0,255" row_color="[darkGrey]" hover_color="[mediumGrey]" sound="[recipe_click]" failed_icon="ui_game_symbol_x" >-->
		<sprite name="backgroundMain" style="hidden"/>
		<sprite depth="1" name="background" color="{rowstatecolor}" sprite="{rowstatesprite}" type="sliced"/>
		<sprite depth="3" name="Icon" style="icon32px" size="20,20" pos="10,-8" foregroundlayer="true" sprite="{questicon}" color="{iconcolor}"/>
		<sprite depth="3" sprite="ui_entry_default" size="34,54" pos="-18,11" foregroundlayer="true"/>
		<sprite depth="3" name="Tracking" sprite="ui_entry_active" size="34,54" pos="-18,11" foregroundlayer="true" visible="{istracking}"/>
		<label depth="3" name="Name" pos="40,-4" height="28" text="{questname}" color="{textstatecolor}"/>
		<label depth="3" name="Distance" pos="267,-4" size="100,28" text="{distance}" justify="right"/>
	</rect>
</set>
    
<set xpath="//quest_objective_entry">
	<rect size="308,36" controller="QuestObjectiveEntry"  complete_icon="ui_entry_active" incomplete_icon="ui_entry_failed" notstarted_icon="ui_empty" 
		complete_color="[labelColor2]" incomplete_color="[disabledColor]" notstarted_color="[white]" visible="{hasobjective}" >
		<sprite depth="1" color="[ulm_Foreground]" type="sliced"/>
		<sprite depth="3" name="iconTrack" style="icon22px" pos="-18,11" size="34,54" sprite="{objectivecompletesprite}" />
		<label depth="3" name="Description" pos="10,-4" size="308,28" text="{objectiveoptional}{objectivedescription}" upper_case="true"  font_size="26" overflow="ShrinkContent"/>
		<label depth="3" name="Description" pos="10,-4" size="290,28" text="{objectivestate}" color="{objectivecompletecolor}" upper_case="true" justify="right" font_size="26" overflow="ShrinkContent"/>
	</rect>
</set>
    
<set xpath="//quest_objective_tracker_entry">
	<rect width="360" height="36" controller="QuestTrackerObjectiveEntry" visible="{hasobjective}">
		<texture style="ulmQuestTrackEntry"/>
		<sprite depth="1" pos="355,-9" name="iconTrack" style="icon22px" color="{objectivecompletecolor}" sprite="{objectivecompletesprite}" visible="{objectiveshowicon}" />
		<sprite depth="1" pos="10,-21" sprite="ui_quest_tracker" rotation="15" size="34,54" pivot="center" color="{objectivecompletecolor}" foregroundlayer="true" visible="{hasobjective}"/>
		<label depth="1" pos="30,-5" size="220,28" font_size="28" justify="left" text="{objectiveoptional}{objectivedescription}" visible="{hasobjective}" style="outline"/>
		<label depth="1" pos="300,-5" size="90,28" font_size="28" justify="center" text="{objectivestate}" color="{objectivecompletecolor}" visible="{hasobjective}" style="outline"/>
	</rect>
</set>

<set xpath="//quest_turnin_entry">
	<rect size="92,92" style="press, hover"  controller="QuestTurnInEntry" selected_color="[green]" default_color="0,0,0,0" sound="[paging_click]"
        hover_background_color="0,255,144" default_background_color="0,0,0,0" selected_background_color="222,206,163">
		<sprite name="background" style="hidden"/>
		<label name="durabilityValue" style="hidden"/>
		<texture depth="1" style="ulmStack90"/>
		<sprite depth="7" name="hoverBackground" size="92,92" type="sliced" sprite="ui_stack_hover_90" globalopacity="true" color="0,0,0,0"/>
		<sprite depth="3" name="windowIcon" style="icon30px" size="70,70" pos="36,-34" pivot="center" sprite="{rewardicon}" visible="{hasotherreward}"/>
		<sprite depth="4" name="ItemIcon" pos="46,-46" size="80,80" atlas="ItemIconAtlas" sprite="{rewardicon}" color="{rewardicontint}" pivot="center" foregroundlayer="true" visible="{hasitemreward}" />

        <rect depth="6" pos="6,-78" visible="{hasdurability}">
			<sprite depth="1" name="durabilityBackground" size="81,11" pos="-1,1" sprite="ui_durability_10_bg" type="sliced" color="0,0,0,160"/>
			<sprite depth="2" name="durability" size="79,9" sprite="ui_durability_10" type="filled" fill="{durabilityfill}" color="{durabilitycolor}" foregroundlayer="true"/>
		</rect>
	</rect>
</set>
    
<set xpath="//required_item_stack">
	<rect size="92,92" controller="RequiredItemStack" style="itemStack, hover" collider_scale="1.1" background_color="0,0,0,1" highlight_color="0,255,144" select_color="222,206,163">
		<sprite name="backgroundMain" style="hidden"/>
		<sprite name="highlightOverlay" style="hidden"/>
		<texture style="ulmStack90"/>
		<sprite depth="7" name="background" type="sliced" sprite="ui_stack_hover_90" globalopacity="true"/>
		<sprite depth="6" name="itemIcon" pos="46,-46" size="80,80" atlas="ItemIconAtlas" sprite="{itemicon}" color="{iconcolor}" pivot="center" foregroundlayer="true"/>
		<sprite depth="8" name="lockTypeIcon" pos="5,-5" size="20,20" atlas="UIAltAtlas" foregroundlayer="true"/>
		<rect depth="4" pos="6,-78" visible="{hasDurability}">
			<sprite depth="1" name="durabilityBackground" size="81,11" pos="-1,1" sprite="ui_durability_10_bg" type="sliced" color="0,0,0,160"/>
			<sprite depth="2" name="durability" size="79,9" sprite="ui_durability_10" type="filled" foregroundlayer="true"/>
		</rect>
		<sprite depth="10" name="disabledOverlay" pos="3,-3" size="67,67" color="[darkGrey_half_alpha]" type="sliced" visible="false"/>
		<label depth="11" name="stackValue" pos="80,-72" size="99999,28" text="{itemcount}" font_size="24" style="outline" pivot="right"/>
		<label depth="13" name="timer" pos="35,-38" size="70,24" font_size="24" justify="center" pivot="center" style="outline" color="[beige]"/>
		<sprite depth="9" name="assembleIcon" size="52,52" pos="20,-20" sprite="symbol_lock" color="255,255,255,128" visible="{isassemblelocked}" foregroundlayer="true"/>
	</rect>
</set>
    
<set xpath="//shape_stack">
	<rect size="92,92" style="itemStack, hover, scroll" controller="ShapeStack" on_press="true" on_doubleclick="true" collider_scale="1.0" sound_play_on_hover="[default_hover]"
        hover_background_color="0,255,144" default_background_color="255,255,255" selected_background_color="222,206,163">
		<sprite name="background" style="hidden"/>
		<sprite name="backgroundMain" style="hidden"/>
		<sprite name="highlightOverlay" style="hidden"/>
		<texture style="ulmStack90"/>
		<sprite depth="3" name="hoverBackground" sprite="ui_stack_hover_90" globalopacity="true"/>
		<sprite depth="4" name="itemIcon" pos="46,-46" size="80,80" atlas="ItemIconAtlas" sprite="{itemicon}" color="{itemicontint}" pivot="center" foregroundlayer="true"/>
	</rect>
</set>
    
<set xpath="//sign_text_area">
	<rect depth="${depth|1}" pos="${pos|0,0}" size="340,92" controller="TextInput" value="SEARCH" active_text_color="[white]" caret_color="[white]" selection_color="[mediumGrey_half_alpha]" on_return="NewLine" character_limit="100" validation="none" on_press="true" snapCursor="true" virtual_keyboard_prompt="vkPromptSignText">
		<sprite depth="0" name="background" color="[transparent]" type="sliced"/>
		<label depth="2" name="text" pos="0,-2" justify="center" upper_case="false" font_size="46"/>
	</rect>
</set>
    
<set xpath="//radial_entry">
	<rect depth="15" height="75" width="75" style="hover" on_press="true" highlight_color="[lightGrey]" pivot="center" controller="RadialEntry">
		<sprite name="border" style="hidden"/>
		<sprite name="background" sprite="ui_empty">
			<sprite name="radial4" sprite="ui_empty"><texture style="ulmRadialEntry4"/></sprite>
			<sprite name="radial8" sprite="ui_empty"><texture style="ulmRadialEntry8"/></sprite>
			<sprite name="radial12" sprite="ui_empty"><texture style="ulmRadialEntry12"/></sprite>
		</sprite>
		<rect name="radialOption">
			<sprite depth="3" size="56,56" name="icon" color="255,255,255,255" pivot="center" foregroundlayer="true"/>
			<label depth="10" name="text" size="60,50" pos="0,-30" font_size="25" justify="right" pivot="center" upper_case="true" style="outline"/>
		</rect>
	</rect>
</set>

<set xpath="//item_action_entry">
	<rect size="156,29" controller="ItemActionEntry" disabled_font_color="[disabledLabelColor]" default_font_color="[labelColor]"
        hover_background_color="0,255,144,64" default_background_color="0,0,0,1">
        <sprite depth="1" type="sliced" color="255,255,255,10"/>
        <rect depth="2" visible="{hasEntry}">
		    <sprite depth="1" type="sliced" color="255,255,255,30"/>
		    <texture depth="1" name="keyboardButtonBackground" style="ulmInfoActionKey"/>
		    <sprite depth="2" name="hoverBackground" color="0,0,0,1" type="sliced" sprite="ui_fill"/>
		    <sprite depth="3" name="background" color="0,0,0,1" on_press="true" on_hover="true"/>
		    <sprite depth="4" name="Icon" pos="6,-5" size="20,20" sprite="{actionicon}" color="{statuscolor}" foregroundlayer="true"/>
		    <label depth="4" name="Name" pos="37,-2" width="100%" height="28" text="{actionname}" font_size="24" color="{statuscolor}" effect="shadow" style="caps"/>
		    <gamepad_icon depth="4" name="gamepadIcon" pos="152,-15" pivot="Right" height="18" />
		    <label depth="4" name="keyboardButton" pos="160,-14" size="36,24" text="W" font_size="24" color="{statuscolor}" pivot="right" justify="center"/>
        </rect>
	</rect>
</set>

<set xpath="//equipment_stack">
	<rect>
		<rect pos="${x*94|0},${-y*90|0}" depth="1" controller="EquipmentStack" style="itemStack, hover" tooltip="" normal_border_color="[transparent]" hover_border_color="0,255,144" selected_border_color="222,206,163">
			<sprite name="backgroundMain" style="hidden"/>
			<sprite name="highlightOverlay" style="hidden"/>
			<texture style="ulmStack90"/>
			<sprite depth="2" name="background" size="92,92" type="sliced" sprite="ui_stack_hover_90" globalopacity="true" color="[transparent]"/>
			<sprite depth="3" name="itemIcon" pos="46,-46" size="84,84" atlas="ItemIconAtlas" pivot="center" foregroundlayer="true"/>
            <rect depth="6" pos="6,-78">
				<sprite depth="1" name="durabilityBackground" size="81,11" pos="-1,1" sprite="ui_durability_10_bg" type="sliced" color="0,0,0,160"/>
				<sprite depth="2" name="durability" size="79,9" sprite="ui_durability_10" type="filled" foregroundlayer="true"/>
			</rect>
			<label depth="15" name="stackValue" pos="65,-57" size="99999,28" text="" font_size="24" effect="outline" pivot="right"/>
		</rect>
	</rect>
</set>

<set xpath="//item_stack">
	<rect controller="ItemStack" style="itemStack, hover" collider_scale="1.1" background_color="0,0,0,1" highlight_color="0,255,144" select_color="222,206,163" on_scroll="${scroll|false}">
		<sprite name="backgroundMain" style="hidden"/>
		<texture style="ulmStack" visible="${background_visible|true}"/>
		<sprite depth="1" name="highlightOverlay" size="0,0" color="[transparent]" type="sliced" globalopacity="true">
			<texture style="ulmStackEncumbred"/>
		</sprite>
		<texture depth="2" name="backgroundTexture" pos="4,-5" size="64,64" material="Materials/Transparent Colored" globalopacity="true"/>
		<sprite depth="7" name="background" size="72,72" type="sliced" sprite="ui_stack_hover" globalopacity="true"/>
		<sprite depth="6" sprite="ui_empty" color="{searchOverlayColor}" foregroundlayer="true">
		    <sprite depth="4" pos="-14,14" size="100,100" sprite="{blueprintOverlay}" type="sliced" globalopacity="true" foregroundlayer="true"/>
			<sprite depth="5" name="itemIcon" pos="36,-36" size="64,64" atlas="{itemAtlas}" sprite="{itemicon}" color="{iconcolor}" pivot="center" foregroundlayer="true"/>
			<sprite depth="6" name="TypeIcon" pos="5,-5" size="20,20" sprite="ui_game_symbol_{itemtypeicon}" foregroundlayer="true" color="{itemtypeicontint}" visible="{hasitemtypeicon}"/>
			<sprite depth="6" name="lockTypeIcon" pos="5,-5" size="20,20" atlas="UIAltAtlas" foregroundlayer="true"/>
			<rect depth="6" pos="3,-61" size="66,44" visible="{hasDurability}">
				<sprite depth="1" name="durabilityBackground" sprite="ui_durability_bg" type="sliced" foregroundlayer="true"/>
				<sprite depth="2" name="durability" sprite="ui_durability_fg" type="filled" foregroundlayer="true"/>
			</rect>
			<sprite depth="8" name="disabledOverlay" pos="3,-3" size="67,67" color="[darkGrey_half_alpha]" type="sliced" visible="false"/>
			<sprite depth="8" name="cancel" size="92,92" type="sliced" sprite="ui_stack_cancel" visible="false"/>
			<label depth="9" name="stackValue" pos="66,-58" size="99999,28" text="{itemcount}" font_size="22" effect="outline" pivot="right"/>
			<label depth="11" name="timer" pos="35,-38" size="70,24" font_size="24" justify="center" pivot="center" effect="outline" color="[beige]"/>
			<sprite depth="11" name="assembleIcon" size="40,40" pos="16,-14" sprite="{stacklockicon}" color="{stacklockcolor}" visible="{isassemblelocked}" foregroundlayer="true"/>
		</sprite>
		<sprite depth="8" pos="2,-2" size="68,68" sprite="ui_stack_highlight_bg" type="sliced" globalopacity="true" visible="{searchOverlay}"/>
		<sprite depth="14" pos="2,-2" size="68,68" sprite="ui_stack_highlight_fg" type="sliced" color="0,255,140" globalopacity="true" visible="{searchOverlay}"/>
		<label depth="15" pos="6,-4" size="75,16" color="200,200,200,175" text="${key|}"/>
		<label depth="20" name="itemName" pos="-113,${nameOffsetY|-70}" width="300" font_size="30" style="outline" justify="center"/>
	</rect>
</set>
    
<set xpath="//creative_stack">
	<rect size="92,92" controller="CreativeStack" style="itemStack, hover, scroll" collider_scale="1.1" background_color="0,0,0,1" highlight_color="0,255,144" select_color="222,206,163">
		<sprite name="backgroundMain" style="hidden"/>
		<sprite name="highlightOverlay" style="hidden"/>
		<texture style="ulmStack90"/>
		<sprite depth="3" name="background" type="sliced" sprite="ui_stack_hover_90" globalopacity="true"/>
        <sprite depth="4" name="blueprint" sprite="{blueprintOverlay}" type="sliced" globalopacity="true" foregroundlayer="true"/>
        <sprite depth="5" name="itemIcon" pos="46,-46" size="80,80" atlas="ItemIconAtlas" sprite="{itemicon}" color="{iconcolor}" pivot="center" foregroundlayer="true"/>
		<sprite depth="6" name="itemTypeIcon" pos="10,-10" size="20,20" sprite="ui_game_symbol_{itemtypeicon}" foregroundlayer="true" color="{itemtypeicontint}" visible="{hasitemtypeicon}"/>
		<sprite depth="6" name="lockTypeIcon" pos="10,-10" size="20,20" atlas="UIAltAtlas" foregroundlayer="true"/>
		<sprite depth="6" name="favoriteIcon" pos="10,-10" size="20,20" sprite="server_favorite" foregroundlayer="true" visible="{isFavorite}"/>
		<rect depth="6" pos="6,-78" visible="{hasDurability}">
            <sprite depth="1" name="durabilityBackground" size="81,11" pos="-1,1" sprite="ui_durability_10_bg" type="sliced" color="0,0,0,160"/>
            <sprite depth="2" name="durability" size="79,9" sprite="ui_durability_10" type="filled" foregroundlayer="true"/>
		</rect>
		<label depth="6" pos="80,-72" size="100,28" text="{stackCount}" font_size="24" style="outline" justify="right" pivot="right"/>
		<label name="stackValue" style="hidden"/>
        <!--
        <label depth="7" pos="7,-5" font_size="20" style="outline" name="carryWeight" text="{itemCarryWeight}"/>
		<sprite depth="5" type="sliced" sprite="ui_stack_warning" globalopacity="true" visible="{noCarryWeight}"/>
        -->
	</rect>
</set>

<set xpath="//recipe_stack">
	<rect controller="RecipeStack" style="itemStack, hover" collider_scale="1.1" rotation="180">
		<sprite name="backgroundMain" style="hidden"/>
		<sprite name="highlightOverlay" style="hidden"/>
		<texture style="ulmStack90"/>
		<sprite depth="2" size="60,60" pivot="center" pos="45,-45" type="sliced" color="255,255,255,32" sprite="symbol_loading"/>
		<sprite depth="7" name="background"	 style="hidden, press" type="sliced" globalopacity="true" fillcenter="false" on_hover="true" size="90,90"/>
		<sprite depth="6" name="itemIcon" pos="45,-45" size="80,80" atlas="ItemIconAtlas" sprite="{itemicon}" color="{iconcolor}" pivot="center" foregroundlayer="true"/>
		<sprite depth="8" name="lockIcon" pos="4,-4" size="18,18" sprite="ui_game_symbol_hammer" visible="false" foregroundlayer="true"/>
		<label depth="8" name="count" pos="1,-61" size="80,26" font_size="22" justify="right" style="outline"/>
		<label depth="8" name="timer" pos="46,-46" size="90,26" font_size="24" justify="center" pivot="center" color="[beige]" style="outline"/>
		<sprite depth="6" name="overlay" pos="1,-1" size="68,68" color="64,128,64,30" type="sliced"/>
		<sprite depth="9" name="cancel" size="92,92" type="sliced" sprite="ui_stack_cancel"/>
	</rect>
</set>
    
<set xpath="//recipe_entry">
	<panel disableautobackground="true" size="90,90" style="press, hover, scroll" controller="RecipeEntry" sound="[sfx_btn_category]" sound_play_on_hover="[default_hover]" tooltip="{recipename}" visible="{hasrecipe}"
		hover_background_color="0,255,144" default_background_color="255,255,255" selected_background_color="222,206,163">
        <sprite sprite="ui_empty" color="255,255,255,220">
		    <texture style="ulmStackRecipeKnown" visible="{canCraft}"/>
		    <texture style="ulmStackRecipeUnknown" visible="{uncraftable}"/>
        </sprite>
		<sprite depth="7" name="background" style="hidden"/>
		<sprite depth="2" name="backgroundMain" style="hidden"/>
		<sprite depth="7" name="hoverBackground" size="92,92" type="sliced" sprite="ui_stack_hover_90" globalopacity="true"/>
		<sprite depth="4" name="Favorite" sprite="symbol_star" size="24,24" pos="8,-8" visible="{isfavorite}" color="255,255,255,128" foregroundlayer="true"/>
		<sprite depth="0" name="Unlocked" sprite="{unlockicon}" size="24,24" pos="63,-63" visible="{isunlockable}" color="{unlockstatecolor}" foregroundlayer="true"/>
		<sprite depth="6" name="Icon" pos="46,-46" size="80,80" pivot="center" atlas="ItemIconAtlas" sprite="{recipeicon}" color="{recipeIconColor}" foregroundlayer="true"/>
   </panel>
</set>
    
<set xpath="//drag_item_stack">
	<rect size="92,92" controller="ItemStack" pos="-43,43" disableautobackground="true" hoverscale="1">
        <!--<sprite depth="2" type="sliced" sprite="ui_stack_quality" color="{qualityColor}"/>-->
        <sprite depth="0" sprite="{blueprintOverlay}" type="sliced" globalopacity="true" foregroundlayer="true"/>
        <rect depth="1" pos="6,-78" visible="{hasDurability}">
            <sprite depth="1" name="durabilityBackground" size="81,11" pos="-1,1" sprite="ui_durability_10_bg" type="sliced" color="0,0,0,160"/>
            <sprite depth="2" name="durability" size="79,9" sprite="ui_durability_10" type="filled" foregroundlayer="true"/>
		</rect>
        <sprite depth="5" name="itemIcon" pos="46,-46" size="80,80" atlas="{itemAtlas}" sprite="{itemicon}" pivot="center" foregroundlayer="true" color="{iconcolor}"/>
		<sprite depth="6" name="TypeIcon" pos="5,-5" size="20,20" sprite="ui_game_symbol_{itemtypeicon}" foregroundlayer="true" color="{itemtypeicontint}" visible="{hasitemtypeicon}"/>
		<sprite depth="6" name="lockTypeIcon" pos="5,-5" size="20,20" atlas="UIAltAtlas" foregroundlayer="true"/>
        <label depth="9" name="stackValue" pos="80,-72" size="99999,28" text="{itemcount}" font_size="24" style="outline" pivot="right"/>
	</rect>
</set>
    
<set xpath="//players_entry">
	<rect height="36" disabled_color="[disabledLabelColor]" alternating_color="[darkestGrey]" controller="PlayersListEntry">
		<sprite style="hidden" name="backgroundMain"/>
		<sprite style="hidden" name="background"/>
		<rect pos="0,0" size="220,28" name="steamId">
			<label text="" font_size="26" name="steamIdText" justify="center"/>
            <sprite name="admin" size="20,20" pos="15, -13" pivot="center" color="[selectedColor]" sprite="symbol_star" tooltip_key="xuiIsAdmin" />
        </rect>
		<rect pos="220,0" size="110,28" name="zombieKills">
			<label text="" font_size="26" name="zombieKillsText" justify="center"/>
		</rect>
		<rect pos="330,0" size="110,28" name="playerKills">
			<label text="" font_size="26" name="playerKillsText" justify="center"/>
		</rect>
		<rect pos="440,0" size="110,28" name="deaths">
			<label text="" font_size="26" name="deathsText" justify="center"/>
		</rect>
		<rect pos="550,0" size="110,28" name="level">
			<label text="" font_size="26" name="levelText" justify="center"/>
		</rect>
		<rect pos="660,0" size="110,28" name="gamestage">
			<label text="" font_size="26" name="gamestageText" justify="center"/>
		</rect>
		<rect pos="770,0" size="110,28" name="ping">
			<label text="" font_size="26" name="pingText" justify="center"/>
		</rect>
		<rect pos="880,0" size="110,28" name="allies">			
			<label text="--" font_size="26" name="labelAllyIcon" justify="center"/>
			<button pos="82,-12" name="iconAllyIcon" style="icon32px, press, hover" size="24,24" pivot="center" sprite="ui_game_symbol_players" color="[lightGrey]" disabledcolor="[disabledLabelColor]" sound="[craft_click]"/>
		</rect>
		<rect pos="990,0" size="110,28" name="party">
			<label text="--" font_size="26" name="labelPartyIcon" justify="center"/>
			<button pos="82,-12" name="iconPartyIcon" style="icon32px, press, hover" size="24,24" pivot="center" sprite="ui_game_symbol_party" color="[lightGrey]" disabledcolor="[disabledLabelColor]" sound="[craft_click]"/>
		</rect>
		<rect pos="1100,0" size="110,28" name="voice">
			<sprite pos="39,0" name="iconVoice" style="icon32px" size="24,24" sprite="ui_game_symbol_mic" color="[lightGrey]" />					
		</rect>
		<rect pos="1210,0" size="110,28" name="map">
			<label name="labelShowOnMap" style="hidden"/>
			<button pos="51,-12" name="iconShowOnMap" style="icon32px, press, hover" size="24,24" pivot="center" sprite="ui_game_symbol_map" color="[lightGrey]" disabledcolor="[disabledLabelColor]" sound="[craft_click]" tooltip_key="ui_show_on_map"/>
		</rect>
		<rect pos="1220,0" size="110,28" name="km">
			<label text="" font_size="26" name="labelDistanceWalked" justify="center"/>
		</rect>
		<rect pos="1330,0" size="110,28" name="report">
			<label text="--" font_size="26" name="labelReportPlayer" justify="center"/>
			<button pos="82,-12" name="iconReportPlayer" style="icon32px, press, hover" size="24,24" pivot="center" sprite="ui_game_symbol_quest" color="[lightGrey]" disabledcolor="[disabledLabelColor]" sound="[craft_click]" tooltip_key="xuiPlayersReportPlayer"/>
		</rect>
	</rect>
</set>
    
<set xpath="//response_entry">
	<rect size="640,39" style="press, hover, scroll" controller="DialogResponseEntry" sound="[sfx_btn_dialog]" visible="{showresponse}"
		enabled_color="[labelColor]" disabled_color="[disabledLabelColor]" row_color="[labelColor]" hover_color="[hoverColor]">
		<sprite pos="25,10" size="640,39" color="[ulm_Foreground]" type="sliced"/>
		<sprite name="Icon" pos="0,17" sprite="ui_dialog" size="116,80" color="{rowstatecolor}"/>
		<label name="Text" pos="35,5" width="640" height="37" text="{response}" effect="outline" color="{rowstatecolor}" />
	</rect>
</set>

<set xpath="//vehicle_part_slot">
	<rect controller="VehiclePartStack" size="92,92" hover_icon_grow="1.5"
		pickup_sound="[pickup_click]" place_sound="[place_click]" sound_volume="0.75" on_press="true" on_hover="true"
        hover_background_color="0,255,144" default_background_color="255,255,255" selected_background_color="222,206,163">
		<sprite name="background" style="hidden"/>
		<sprite name="backgroundMain" style="hidden"/>
		<texture style="ulmStack90"/>
		<sprite depth="2" name="hoverBackground" sprite="ui_stack_hover_90"/>
		<sprite depth="3" name="itemIcon" pos="46,-46" size="80,80" atlas="{partatlas}" sprite="{particon}" pivot="center" foregroundlayer="true" color="{particoncolor}" visible="{partvisible}"/>
	</rect>
</set>

<set xpath="//waypoint_entry">
	<rect size="374,36" controller="MapWaypointListEntry" disabled_font_color="[disabledLabelColor]" default_font_color="[labelColor]" default_background_color="[ulm_Foreground]">
		<sprite name="backgroundMain" style="hidden"/>
		<sprite depth="1" name="Background" color="[darkGrey]" type="sliced" on_press="true" on_hover="true" style="press,scroll" sound="[paging_click]"/>
		<texture depth="2" style="ulmRowForeground"/>
		<sprite depth="3" atlas="ItemIconAtlas" sprite="ulm_MapEntryDefault" size="116,80" pos="-18,11" foregroundlayer="true" />
		<sprite depth="3" name="Tracking" atlas="ItemIconAtlas" sprite="ulm_MapEntryActive" size="116,80" pos="-18,11" foregroundlayer="true" />
		<sprite depth="3" name="Icon" sprite="ui_game_symbol_pen" size="20,20" pos="10,-8" foregroundlayer="true" />
		<label depth="3" name="Name" 		pos="40,-5" size="325,24" font_size="24" justify="left"/>
		<label depth="3" name="Distance" 	pos="40,-5" size="325,24" font_size="24" justify="right"/>
	</rect>
</set>

<set xpath="//invites_entry">
	<rect size="374,36" controller="MapInvitesListEntry" disabled_font_color="[disabledLabelColor]" default_font_color="[labelColor]" default_background_color="[ulm_Foreground]">
		<sprite name="backgroundMain" style="hidden"/>
		<sprite depth="1" name="Background" color="[darkGrey]" type="sliced"  on_hover="true" style="press" sound="[recipe_click]"/>
		<texture depth="2" style="ulmRowForeground"/>
		<sprite depth="3" name="Icon" sprite="ui_game_symbol_pen" size="20,20" pos="10,-8" foregroundlayer="true" />
		<label depth="3" name="Name" 		pos="40,-5" size="325,24" font_size="24" justify="left"/>
		<label depth="3" name="Distance" 	pos="40,-5" size="325,24" font_size="24" justify="right"/>
	</rect>
</set>
	
<set xpath="//waypoint_input">
	<panel controller="TextInput" pos="83,-3" size="167,30" value="SEARCH" active_text_color="[white]"
		caret_color="[darkGrey]" selection_color="[mediumGrey_half_alpha]" character_limit="13" validation="none"
		backgroundcolor="0,0,0,1" on_press="true" style="select" snapCursor="true" virtual_keyboard_prompt="vkPromptWaypointName" disableautobackground="true">
		<texture depth="1" style="ulmInput167"/>
		<label depth="2" name="text" pos="0,-6" justify="center" pivot="topleft"/>
	</panel>
</set>

<set xpath="//map_popup_sub_line">
	<rect depth="3" height="43">
		<sprite depth="3" color="[darkGrey]" type="sliced" style="press" on_hover="true" on_scroll="false" disabled_font_color="148,148,148,255" controller="MapSubPopupEntry" sound="[craft_click]" sound_play_on_hover="[default_hover]"/>
		<sprite depth="4" name="Icon" sprite="ui_game_symbol_map_waypoint_set" style="icon32px" pos="8,-3" />
	</rect>
</set>
    
<append xpath="/controls">

<ulmDebugRow>
	<rect visible="${visible|true}" rotation="180">
		<label size="200,26" text="${label}" text_key="${label}" color="[white]" style="outline"/>
		<label size="500,26" text="${value}" pos="200,0" color="[ulmStatColor]" style="outline"/>
	</rect>
</ulmDebugRow>
    
    
<ulmAnalogTime>
	<rect>
        <sprite type="filled" fill="${time}" size="80,80"/>
        <label depth="1" style="outline" pos="60,-32" size="70,26" text="${time}" justify="center"/>
	</rect>
</ulmAnalogTime>
    
    
<ulmMapAreaEntry>
	<rect>
		<rect pos="${pos}">
		    <texture style="ulmRowEntry"/>
			<sprite name="${id_icon}"       pos="20,-20"    size="20,20"  style="icon32px, press, hover" pivot="center" sprite="${sprite}" tooltip_key="${tooltip}" sound="[paging_click]"/>
			<label  						pos="35,-8"     size="333,24" style="outline" text_key="${label}" color="[labelColor]"/>
			<label  name="${id_label}" 		pos="35,-8"     size="333,24" style="outline" text_key="${value|N/A}" justify="right" color="[labelColor2]"/>
		</rect>
	</rect>
</ulmMapAreaEntry>

<ulmPlayersHeader>
	<rect size="80,${height|24}">
		<sprite pos="39,-4" style="icon32px" sprite="${icon|}"/>
		<label pos="15,${posY|-50}" text_key="${label|}" font_size="24" justify="center"/>
	</rect>
</ulmPlayersHeader>

<ulmStackIngredient>
	<rect name="row" size="80,80" style="press, hover" controller="IngredientEntry" sound="[recipe_click]" foregroundlayer="true" stack_tooltip_offset_y="12">
		<label name="name"/>
		<rect visible="{isUnlocked}">
			<sprite depth="2" pos="0,0" size="80,80" color="0,0,0,1" type="sliced"/>
			<sprite depth="2" name="icon" pos="40, -40" size="60,60" atlas="ItemIconAtlas" sprite="{itemIcon}" color="{itemIconColor}" pivot="center" foregroundlayer="true"/>
			<label depth="3" name="needCount" pos="0, -53" size="80,25" font_size="24" color="[labelColor]" justify="center" text="{needCount}" style="outline"/>
			<label depth="3" name="haveCount" pos="0, -4" size="76,20" font_size="20" color="[disabledLabelColor]" justify="right" text="{haveCount}" style="outline"/>
		</rect>
		<rect visible="{isLocked}">
			<sprite depth="2" pos="40, -40" size="60,60" sprite="symbol_questionmark" color="255,255,255,128" pivot="center" foregroundlayer="true"/>
		</rect>
	</rect>
</ulmStackIngredient>
	
<ulmStackUnlockedBy>
	<rect name="row" size="316,70" controller="UnlockByEntry">
        <texture style="ulmRecipeUnlockedByEntry" visible="{hasEntry}"/>
        <sprite name="icon" pos="35,-35" size="40,40" atlas="{itemIconAtlas}" sprite="{itemIcon}" color="{itemIconTint}" pivot="center" foregroundlayer="true"/>
        <label name="name" pos="68,-22" size="240,26" font_size="26" text="{name}"/>
	</rect>
</ulmStackUnlockedBy>

<item_action_input>
    <rect name="actions" height="29" pos="0,0" controller="${controller}">
		<button depth="1" type="sliced" size="29,29" name="countDown" hoverscale="1.0" defaultcolor="255,255,255,35" hovercolor="0,255,144,64" on_press="true" sound="[paging_click]" sound_play_on_press="true" sound_volume="0.75"/>
        <sprite depth="2" type="sliced" pos="15,-15" size="22,22" pivot="center" sprite="symbol_prev"/>
        <panel pos="30,0" name="count_input" controller="TextInput" size="66,29" value="1"
		    active_text_color="[labelColor]" caret_color="[labelColor]" selection_color="0,255,144,64" 
		    character_limit="4" validation="integer" disableautobackground="true">
		    <sprite depth="1" name="background" color="0,0,0,1" size="66,29"/>
            <sprite depth="2" type="sliced" size="66,29" color="255,255,255,30"/>
		    <label depth="3" name="text" pos="0,-1" font_size="27" justify="center" pivot="topleft" color="[labelColor]"/>
	    </panel>
		<rect pos="97,0">
			<button depth="1" type="sliced" size="29,29" name="countUp" hoverscale="1.0" defaultcolor="255,255,255,35" hovercolor="0,255,144,64" on_press="true" sound="[paging_click]" sound_play_on_press="true" sound_volume="0.75"/>
            <sprite depth="2" type="sliced" pos="15,-15" size="22,22" pivot="center" sprite="symbol_next"/>
		</rect>
		<rect pos="127,0">
			<button depth="1" type="sliced" size="29,29" name="countMax" hoverscale="1.0" defaultcolor="255,255,255,35" hovercolor="0,255,144,64" on_press="true" sound="[paging_click]" sound_play_on_press="true" sound_volume="0.75"/>
            <sprite depth="2" type="sliced" pos="15,-15" size="22,22" pivot="center" sprite="symbol_max"/>
		</rect>
	</rect>
</item_action_input>

<ulmButton>
    <rect name="${name|}" depth="${depth|1}" pos="${pos|0,0}" visible="${visible|true}" enabled_font_color="${enabled_font_color|[labelColor]}" disabled_font_color="${disabled_font_color|128,128,128,256}">
        <sprite depth="4" size="16,16" name="${sprite_id|btn_sprite}" sprite="${sprite|ui_empty}"/>
        <button style="ulmButton150x32" name="${id|clickable}" sound="${sound|[sfx_btn_basic_1]}" hovercolor="${hover_color|255,255,255,20}" disabledcolor="${disabled_color|64,64,64,128}" tooltip_key="${tooltip_key|}"/>
        <label style="ulmButton150x32" text="${caption|}" text_key="${caption_key|}" upper_case="${upper_case|false}"/>
        <texture style="ulmButton150x32"/>
    </rect>
</ulmButton>

<ulmButtonTab>
	<rect name="${name|}" depth="${depth|3}" width="${width|152}" height="${height|52}" visible="${visible|true}"
			enabled_font_color="${enabled_font_color|[labelColor]}" disabled_font_color="${disabled_font_color|[disabledLabelColor]}">
		<button style="ulmButtonTab" width="${width|152}" height="${height|52}" name="${id|clickable}" tooltip_key="${tooltip_key|}" sound="${click_sound|[sfx_btn_tab]}"/>
		<label style="ulmButtonTab" width="${width|152}" height="${height-12|28}" name="${label_id|btn_lbl}" text="${caption|}" text_key="${caption_key|}"/>
	</rect>
</ulmButtonTab>

<ulmCategory>
	<rect depth="1" size="42,42" controller="CategoryEntry">
		<rect visible="{hasEntry}">
			<texture style="ulmCategory"/>
			<button depth="1" name="categoryIcon" height="${height|32}" width="${width|32}" pos="34,-30" 
                sprite="{categoryicon|once}" tooltip_key="{categorydisplayname|once}" pivot="center" 
                defaultcolor="[labelColor]" hovercolor="[hoverColor]" selectedcolor="[selectedColor]" sound="[sfx_btn_category]"/>
		</rect>
	</rect>
</ulmCategory>

<ulmCategoryTabLeft>
	<rect depth="1" pos="${pos|0,0}" visible="{visible|true}">
		<texture style="ulmCategory"/>
		<button depth="1" name="${id|side_tab_btn}" pos="34,-30" style="ulmButtonIcon" sprite="${sprite|ui_empty}" tooltip_key="${tooltip|}" selected="${selected|false}"/>
	</rect>
</ulmCategoryTabLeft>

<ulmPaging>
	<rect pos="${pos|0,0}">
		<texture style="ulmPaging"/>
		<label style="ulmPaging" text="${text|1}"/>
		<button style="ulmPaging" name="pageDown" flip="Horizontally"/>
		<button style="ulmPaging" pos="109,0" name="pageUp"/>
	</rect>
</ulmPaging>

<ulmPlayerStat>
	<rect size="234,26">
        <sprite depth="0" type="sliced" color="255,255,255,20"/>
		<label depth="1" pos="10,-1" size="216,24" text_key="stat${id}" justify="left" color="[white]"/>
		<label depth="1" pos="10,-2" size="216,22" text="${value}" justify="right" color="[ulmStatColor]"/>
	</rect>
</ulmPlayerStat>

<ulmPlayerStatArmor>
	<rect size="34,69">
		<rect on_hover="true" tooltip_key="stat${id}">
			<sprite depth="0" sprite="${icon}" pos="2,0" size="30,30"/>
			<label depth="1" pos="0,-32" font_size="18" text="{player${id}}" justify="center" color="[labelColor]"/>
		</rect>
	</rect>
</ulmPlayerStatArmor>

<ulmSearch>
    <rect name="searchInput" depth="1" size="200,32" pos="${pos|0,0}" controller="TextInput" value="SEARCH"
        active_text_color="[white]" caret_color="[white]" selection_color="[mediumGrey_half_alpha]"
        character_limit="18" validation="none" on_press="true" snapCursor="true" virtual_keyboard_prompt="vkPromptSearchTerm"
        search_field="true" type="filled">
        <texture style="ulmSearch"/>
        <sprite depth="2" size="20,20" pos="13,-13" sprite="symbol_search" color="255,255,255,64"/>
        <label depth="3" name="text" pos="10,-10" size="196,26" justify="center" color="[white]" upper_case="false"/>
    </rect>
</ulmSearch>

<ulmSearchInventory>
	<rect name="searchInput" depth="10" size="200,32" pos="${pos|0,0}" controller="TextInput" value="SEARCH"
		active_text_color="[white]" caret_color="[white]" selection_color="[mediumGrey_half_alpha]" 
		character_limit="20" validation="none" on_press="true" snapCursor="true" virtual_keyboard_prompt="vkPromptSearchTerm" 
		search_field="false" type="filled" visible="${visible|true}">
        <texture style="ulmSearch"/>
        <sprite depth="2" size="20,20" pos="13,-13" sprite="symbol_search" color="255,255,255,64"/>
		<label depth="2" name="text" pos="10,-10" size="196,26" justify="center" color="[white]" upper_case="false"/>
	</rect>
</ulmSearchInventory>
    
<ulmTextbox182>
	<rect depth="1" pos="${pos|0,0}" visible="${visible|true}">
		<texture style="ulmInput182"/>
		<sprite depth="1" pos="8,-9" sprite="${sprite|ui_empty}" size="22,22" color="128,128,128" foregroundlayer="true"/>
		<label depth="2" name="${id|label_name}" pos="10,-7" size="162,26" font_size="26" justify="${justify|right}" text="${text|}" text_key="${text_key|}" color="${text_color|255,255,255}" tooltip="${tooltip|}"/>
	</rect>
</ulmTextbox182>
    
<ulmTextbox142>
	<rect depth="1" pos="${pos|0,0}" visible="${visible|true}">
		<texture style="ulmInput142"/>
		<sprite depth="1" pos="8,-9" sprite="${sprite|ui_empty}" size="22,22" color="128,128,128" foregroundlayer="true"/>
		<label depth="2" name="${id|label_name}" pos="10,-7" size="122,26" font_size="26" justify="${justify|right}" text="${text|}" text_key="${text_key|}" color="${text_color|255,255,255}" tooltip="${tooltip|}"/>
	</rect>
</ulmTextbox142>

<ulmSort>
	<rect rotation="180" visible="${visible|true}">
		<button style="ulmButtonSort" name="${id}" tooltip_key="${tooltip_key|Missing Label}"/>
		<sprite style="ulmButtonSort" sprite="${sprite|ui_empty}"/>
		<texture style="ulmButtonSort"/>
	</rect>
</ulmSort>

<ulmButtonHeader>
	<rect pos="${pos|0,0}" visible="${visible|true}">
        <texture style="ulmButtonSort"/>
		<button depth="1" name="${id|clickable}" size="${size|22,22}" pos="16,-16" 
            sprite="${sprite|ui_empty}" tooltip_key="${tooltip_key|}" pivot="center" 
            defaultcolor="[labelColor]" hovercolor="[hoverColor]" selectedcolor="[selectedColor]" sound="[sfx_btn_category]" selected="${selected|false}"/>
	</rect>
</ulmButtonHeader>

<ulmButton32x32>
	<rect depth="${depth|2}" pos="${pos|0,0}" visible="${visible|true}">
		<texture style="ulmButton32x32"/>
		<label style="ulmButton32x32" text="${label|}"/>
		<sprite style="ulmButton32x32" sprite="${sprite|ui_empty}" size="${sprite_size|28,28}"/>
		<button style="ulmButton32x32" name="${id}" tooltip_key="${tooltip_key|Missing Label}" selected="${selected|false}"/>
	</rect>
</ulmButton32x32>

<ulmSortVertical>
	<rect depth="1" size="42,42" visible="${visible|true}">
		<texture style="ulmCategoryFlipped"/>
		<button depth="1" name="${id|clickable}" height="${height|32}" width="${width|32}" pos="26,-30" 
            sprite="${sprite|once}" tooltip_key="${text|once}" pivot="center" 
            defaultcolor="[labelColor]" hovercolor="[hoverColor]" selectedcolor="[selectedColor]" sound="[sfx_btn_category]"/>
	</rect>
</ulmSortVertical>

<ulmStatItem> <!-- {itemStatTitle0} {itemStatIcon0} {itemStat0} -->
	<rect name="{itemStat${id|0}}" size="300,30" visible="{itemStatVisible${id|0}}">
		<rect depth="0" pos="30,0" size="275,26">
			<sprite depth="0" style="ulmFilled" color="0,0,0,100"/>
			<sprite depth="1" style="ulmFilled" fill="{itemStatFill0${id|0}}" color="{itemStatCompareColor${id|0}}" foregroundlayer="true"/>
			<sprite depth="3" style="ulmFilled" fill="{itemStatFill1${id|0}}" color="128,128,128,255" foregroundlayer="true"/>
		</rect>
		<sprite depth="10" pos="0,0" size="26,26" sprite="{itemStatIcon${id}}" color="{itemStatColor${id}}"/>
		<label depth="10" pos="35,-3" font_size="20" text="{itemStatTitle${id}}" style="outline" upper_case="true"/>
		<label depth="10" pos="0,-3" font_size="20" text="{itemStat${id|0}}" justify="right" style="outline" color="[labelColor2]"/>
	</rect>
</ulmStatItem>

<ulmStatText>
	<rect name="{itemStat${id|0}}" size="300,30" visible="${visible|false}" on_hover="true" tooltip_key="${tooltip|}">
		<sprite depth="0" pos="30,0" size="275,26" style="ulmFilled" color="0,0,0,100"/>
		<sprite depth="1" pos="0,0" size="26,26" sprite="${icon|}"/>
		<label depth="1" pos="35,-3" font_size="20" text_key="${title|}" style="outline" upper_case="true"/>
		<label depth="1" pos="0,-3" font_size="20" text="${value|}" justify="right" style="outline" color="[labelColor2]"/>
	</rect>
</ulmStatText>

<ulmStatVehicle>
	<rect size="274,26">
        <sprite depth="0" type="sliced" color="255,255,255,20" visible="${visible|true}"/>
		<label depth="1" pos="10,-1" size="256,24" text_key="${id}" justify="left" color="[white]"/>
		<label depth="1" pos="10,-2" size="256,22" text="${value}" justify="right" color="[ulmStatColor]"/>
	</rect>
</ulmStatVehicle>

<ulmStackBuffHud>
	<rect controller="ULM_HUD_BuffEntry,Mods">
		<rect pos="${pos|0,0}" size="58,58" on_hover="true" tooltip="{buffName|once}" visible="{hasEntry}">
			<texture style="ulmBuff"/>
			<sprite style="ulmBuffFill" fill="{buffTimeFill}" color="{buffColor}"/>
			<sprite depth="4" size="38,38" pos="28,-28" pivot="center" name="Icon" sprite="{buffIcon|once}" foregroundlayer="true"/>
			<label depth="6" pos="0,-34" size="50,28" font_size="20" text="{buffTimeLeft}" justify="right" style="outline" color="[labelColor2]"/>
			<label depth="6" pos="0,-34" size="50,28" font_size="20" text="{buffText}" justify="right" style="outline" color="[labelColor2]"/>
		</rect>
	</rect>
</ulmStackBuffHud>
    
<ulmBuffInfo>
	<rect controller="BuffItemEntry" width="80" height="82">
		<sprite name="backgroundMain" style="hidden"/>
		<sprite name="background" style="hidden"/>
		<sprite name="highlightOverlay" style="hidden"/>
		<sprite depth="5" name="itemIcon" pos="37,-35" size="73,50" atlas="{itematlas}" sprite="{itemicon}" pivot="center" on_hover="true" tooltip="{itemname}" foregroundlayer="true" />
		<sprite depth="6" width="20" height="20" sprite="{typeicon}" pos="2,-2" foregroundlayer="true"/>
	</rect>
</ulmBuffInfo>

<ulmStackTrader>
	<rect size="92,92" controller="TraderItemEntry" style="press, hover, scroll" sound="[paging_click]" fillcenter="false"
		hover_background_color="0,255,144" default_background_color="255,255,255" selected_background_color="222,206,163">
		<sprite name="backgroundMain" style="hidden"/>
		<sprite name="background" style="hidden"/>
		<label name="Name" style="hidden"/>
		<texture style="ulmStack90"/>
        <sprite depth="1" sprite="{blueprintOverlay}" type="sliced" globalopacity="true" foregroundlayer="true"/>
		<sprite depth="2" name="hoverBackground" type="sliced" sprite="ui_stack_hover_90" globalopacity="true"/>
		<sprite depth="5" name="Icon" pos="46,-46" size="80,80" atlas="{itemAtlas}" sprite="{itemicon}" color="{itemicontint}" pivot="center" foregroundlayer="true"/>
		<rect depth="6" pos="6,-78" visible="{hasDurability}">
			<sprite depth="1" name="durabilityBackground" pos="-1,1" size="81,10" type="sliced" color="0,0,0,160"/>
			<sprite depth="2" name="durability" size="79,8" sprite="ui_durability" type="filled" foregroundlayer="true" color="{durabilitycolor}" fill="{durabilityfill}"/>
		</rect>
        <sprite depth="8" name="TypeIcon" pos="10,-10" size="20,20" sprite="ui_game_symbol_{itemtypeicon}" foregroundlayer="true" color="{itemtypeicontint}" visible="{hasitemtypeicon}"/>
		<label depth="9" name="stackValue" pos="80,-72" size="99,28" text="{itemCount}" font_size="24" effect="outline" pivot="right" justify="right"/>
	</rect>
</ulmStackTrader>

<ulmStack70>
	<rect size="72,72" controller="ItemStack" style="itemStack, hover" collider_scale="1.1" background_color="0,0,0,1" highlight_color="0,255,144" select_color="222,206,163" on_scroll="${scroll|false}" stack_tooltip_offset_x="-15"  stack_tooltip_offset_y="15">
		<sprite name="backgroundMain" style="hidden"/>
		<texture style="ulmStack" visible="${background_visible|true}"/>
		<sprite depth="1" name="highlightOverlay" size="0,0" color="[transparent]" type="sliced" globalopacity="true">
			<texture style="ulmStackEncumbred"/>
		</sprite>
		<texture depth="2" name="backgroundTexture" pos="4,-5" size="64,64" material="Materials/Transparent Colored" globalopacity="true"/>
		<sprite depth="7" name="background" type="sliced" sprite="ui_stack_hover" globalopacity="true"/>
		<sprite depth="6" sprite="ui_empty" color="{searchOverlayColor}" foregroundlayer="true">
		    <sprite depth="4" pos="-14,14" size="100,100" sprite="{blueprintOverlay}" type="sliced" globalopacity="true" foregroundlayer="true"/>
			<sprite depth="5" name="itemIcon" pos="36,-36" size="64,64" atlas="{itemAtlas}" sprite="{itemicon}" color="{iconcolor}" pivot="center" foregroundlayer="true"/>
			<sprite depth="6" name="TypeIcon" pos="5,-5" size="20,20" sprite="ui_game_symbol_{itemtypeicon}" foregroundlayer="true" color="{itemtypeicontint}" visible="{hasitemtypeicon}"/>
			<sprite depth="6" name="lockTypeIcon" pos="5,-5" size="20,20" atlas="UIAltAtlas" foregroundlayer="true"/>
			<rect depth="6" pos="3,-61" size="66,44" visible="{hasDurability}">
				<sprite depth="1" name="durabilityBackground" sprite="ui_durability_bg" type="sliced" foregroundlayer="true"/>
				<sprite depth="2" name="durability" sprite="ui_durability_fg" type="filled" foregroundlayer="true"/>
			</rect>
			<sprite depth="8" name="disabledOverlay" pos="3,-3" size="67,67" color="[darkGrey_half_alpha]" type="sliced" visible="false"/>
			<sprite depth="8" name="cancel" size="92,92" type="sliced" sprite="ui_stack_cancel" visible="false"/>
			<label depth="9" name="stackValue" pos="66,-58" size="99999,28" text="{itemcount}" font_size="22" effect="outline" pivot="right"/>
			<label depth="11" name="timer" pos="35,-38" size="70,24" font_size="24" justify="center" pivot="center" effect="outline" color="[beige]"/>
			<sprite depth="11" name="assembleIcon" size="40,40" pos="16,-14" sprite="{stacklockicon}" color="{stacklockcolor}" visible="{isassemblelocked}" foregroundlayer="true"/>
		</sprite>
		<sprite depth="8" pos="2,-2" size="68,68" sprite="ui_stack_highlight_bg" type="sliced" globalopacity="true" visible="{searchOverlay}"/>
		<sprite depth="14" pos="2,-2" size="68,68" sprite="ui_stack_highlight_fg" type="sliced" color="0,255,140" globalopacity="true" visible="{searchOverlay}"/>
		<label depth="15" pos="6,-4" size="75,16" color="200,200,200,175" text="${key|}"/>
		<label depth="20" name="itemName" pos="-113,${nameOffsetY|-70}" width="300" font_size="30" style="outline" justify="center"/>
	</rect>
</ulmStack70>
    
<ulmStack90>
	<rect size="92,92" controller="ItemStack" style="itemStack, hover" collider_scale="1.1" 
          background_color="0,0,0,1" highlight_color="0,255,144" select_color="222,206,163" on_scroll="${scroll|false}" stack_tooltip_offset_y="${tooltip_offset_y|0}">
		<sprite name="backgroundMain" style="hidden"/>
		<texture style="ulmStack90" visible="${background_visible|true}"/>
		<sprite depth="1" name="highlightOverlay" size="0,0" color="[transparent]" type="sliced" globalopacity="true">
			<texture style="ulmStackEncumbred"/>
		</sprite>
		<texture depth="3" name="backgroundTexture" pos="6,-6" size="80,80" material="Materials/Transparent Colored" globalopacity="true"/>
		<sprite depth="7" name="background" type="sliced" sprite="ui_stack_hover_90" globalopacity="true"/>
		<sprite depth="6" sprite="ui_empty" color="{searchOverlayColor}" foregroundlayer="true">
		    <!--<sprite depth="3" type="sliced" sprite="ui_stack_quality" globalopacity="true" visible="{hasDurability}" color="{qualityColor}"/>-->
		    <!--<sprite depth="1" sprite="stack_legendary" visible="{isLegendary}" type="sliced" globalopacity="true" foregroundlayer="true"/>-->
		    <sprite depth="4" sprite="{blueprintOverlay}" type="sliced" globalopacity="true" foregroundlayer="true"/>
			<rect depth="4" pos="6,-78" visible="{hasDurability}">
				<sprite depth="1" name="durabilityBackground" size="81,11" pos="-1,1" sprite="ui_durability_10_bg" type="sliced" color="0,0,0,160"/>
				<sprite depth="2" name="durability" size="79,9" sprite="ui_durability_10" type="filled" foregroundlayer="true"/>
			</rect>
            <sprite depth="7" name="itemIcon" pos="46,-46" size="80,80" atlas="{itemAtlas}" sprite="{itemicon}" color="{iconcolor}" pivot="center" foregroundlayer="true"/>
			<sprite depth="8" name="TypeIcon" pos="10,-10" size="20,20" sprite="ui_game_symbol_{itemtypeicon}" foregroundlayer="true" color="{itemtypeicontint}" visible="{hasitemtypeicon}"/>
			<sprite depth="8" name="lockTypeIcon" pos="5,-5" size="20,20" atlas="UIAltAtlas" foregroundlayer="true"/>
			<sprite depth="10" name="disabledOverlay" pos="3,-3" size="67,67" color="[darkGrey_half_alpha]" type="sliced" visible="false"/>
			<sprite depth="10" name="cancel" type="sliced" sprite="ui_stack_cancel" visible="false"/>
			<label depth="11" name="stackValue" pos="80,-72" size="99999,28" text="{itemcount}" font_size="24" style="outline" pivot="right"/>
			<label depth="13" name="timer" pos="46,-46" size="70,24" font_size="24" justify="center" pivot="center" style="outline" color="[beige]"/>
			<sprite depth="13" name="assembleIcon" pos="46,-46" size="48,48" pivot="center" sprite="{stacklockicon}" color="{stacklockcolor}" visible="{isassemblelocked}" foregroundlayer="true"/>
		</sprite>
		<sprite depth="10" pos="2,-2" size="88,88" sprite="ui_stack_highlight_bg" type="sliced" globalopacity="true" visible="{searchOverlay}"/>
		<sprite depth="16" pos="2,-2" size="88,88" sprite="ui_stack_highlight_fg" type="sliced" color="0,255,140" globalopacity="true" visible="{searchOverlay}"/>
		<label depth="17" pos="8,-4" size="75,20" color="200,200,200,175" text="${key|}"/>
	</rect>
</ulmStack90>
    
<ulmStackToolbelt>
	<rect size="92,92" controller="ItemStack" style="itemStack, hover" collider_scale="1.1" 
          background_color="0,0,0,1" highlight_color="0,255,144" select_color="222,206,163" on_scroll="${scroll|false}" stack_tooltip_offset_y="${tooltip_offset_y|0}">
		<sprite name="backgroundMain" style="hidden"/>
		<texture style="ulmStackToolbelt" visible="${background_visible|true}"/>
		<sprite depth="1" name="highlightOverlay" size="0,0" color="[transparent]" type="sliced" globalopacity="true">
			<texture style="ulmStackEncumbred"/>
		</sprite>
		<texture depth="3" name="backgroundTexture" pos="6,-6" size="80,80" material="Materials/Transparent Colored" globalopacity="true"/>
		<sprite depth="7" name="background" pos="0,20" size="92,112" type="sliced" sprite="ui_stack_hover_toolbelt" globalopacity="true"/>
		<sprite depth="6" sprite="ui_empty" color="{searchOverlayColor}" foregroundlayer="true">
		    <!--<sprite depth="3" type="sliced" sprite="ui_stack_quality" globalopacity="true" visible="{hasDurability}" color="{qualityColor}"/>-->
		    <!--<sprite depth="1" sprite="stack_legendary" visible="{isLegendary}" type="sliced" globalopacity="true" foregroundlayer="true"/>-->
		    <sprite depth="4" sprite="{blueprintOverlay}" type="sliced" globalopacity="true" foregroundlayer="true"/>
			<rect depth="4" pos="0,-91" visible="{showQualityBar}">
			    <texture depth="0" style="ulmStackToolbeltDurability"/>
				<sprite depth="1" name="durabilityBackground" pos="3,-3" size="86,15" sprite="ui_durability_10_bg" type="sliced" color="0,0,0,160"/>
				<sprite depth="2" name="durability" pos="4,-4" size="85,12" sprite="ui_durability_10" type="filled" foregroundlayer="true"/>
			</rect>
            <sprite depth="7" name="itemIcon" pos="46,-46" size="80,80" atlas="{itemAtlas}" sprite="{itemicon}" color="{iconcolor}" pivot="center" foregroundlayer="true"/>
			<sprite depth="8" name="TypeIcon" pos="10,-10" size="20,20" sprite="ui_game_symbol_{itemtypeicon}" foregroundlayer="true" color="{itemtypeicontint}" visible="{hasitemtypeicon}"/>
			<sprite depth="8" name="lockTypeIcon" pos="5,-5" size="20,20" atlas="UIAltAtlas" foregroundlayer="true"/>
			<sprite depth="10" name="disabledOverlay" pos="3,-3" size="67,67" color="[darkGrey_half_alpha]" type="sliced" visible="false"/>
			<sprite depth="10" name="cancel" type="sliced" sprite="ui_stack_cancel" visible="false"/>
			<label depth="11" name="stackValue" pos="80,-72" size="99999,28" text="{itemcount}" font_size="24" style="outline" pivot="right"/>
			<label depth="13" name="timer" pos="46,-46" size="70,24" font_size="24" justify="center" pivot="center" style="outline" color="[beige]"/>
			<sprite depth="13" name="assembleIcon" pos="46,-46" size="48,48" pivot="center" sprite="{stacklockicon}" color="{stacklockcolor}" visible="{isassemblelocked}" foregroundlayer="true"/>
		</sprite>
		<sprite depth="10" pos="2,-2" size="88,88" sprite="ui_stack_highlight_bg" type="sliced" globalopacity="true" visible="{searchOverlay}"/>
		<sprite depth="16" pos="2,-2" size="88,88" sprite="ui_stack_highlight_fg" type="sliced" color="0,255,140" globalopacity="true" visible="{searchOverlay}"/>
		<label depth="17" pos="0,20" size="92,20" color="200,200,200,175" text="${key|}" justify="center"/>
	</rect>
</ulmStackToolbelt>

<ulmStackItemMod>
	<rect size="52,52" controller="ItemStack" style="itemStack, hover" collider_scale="1.1" background_color="0,0,0,1" stack_tooltip_offset_x="-20" stack_tooltip_offset_y="47">
		<sprite depth="1" name="itemIcon" size="44,44" pos="3,-3" sprite="{itemicon}" color="{iconcolor}" foregroundlayer="true"/>
		<sprite style="hidden" name="backgroundMain"/>
		<sprite style="hidden" name="background"/>
		<sprite style="hidden" name="highlightOverlay"/>
		<sprite style="hidden" name="durabilityBackground"/>
		<sprite style="hidden" name="durability"/>
		<label style="hidden" name="stackValue"/>
	</rect>
</ulmStackItemMod>
    
<ulmStackItemPart>
	<rect controller="ItemPartStack" size="92,92" hover_icon_grow="1.5"
		pickup_sound="[pickup_click]" place_sound="[place_click]" sound_volume="0.75" on_press="true" on_hover="true"
        hover_background_color="0,255,144" default_background_color="255,255,255" selected_background_color="222,206,163">
		<sprite name="background" style="hidden"/>
		<sprite name="backgroundMain" style="hidden"/>
		<texture style="ulmStack90"/>
		<sprite depth="2" name="hoverBackground" sprite="ui_stack_hover_90"/>
		<sprite depth="3" name="itemIcon" pos="46,-46" size="80,80" atlas="{partatlas}" sprite="{particon}" pivot="center" foregroundlayer="true" color="{particoncolor}" visible="{partvisible}"/>
		<sprite depth="4" pos="5,-5" size="20,20" atlas="UIAltAtlas" sprite="ui_game_symbol_assemble" foregroundlayer="true" visible="{partvisible}"/>
	</rect>
</ulmStackItemPart>
	
<ulmStackItemCosmetic>
	<rect controller="ItemCosmeticStack" size="92,92" hover_icon_grow="1.5"
		pickup_sound="[pickup_click]" place_sound="[place_click]" sound_volume="0.75" on_press="true" on_hover="true"
        hover_background_color="0,255,144" default_background_color="255,255,255" selected_background_color="222,206,163">
		<sprite name="background" style="hidden"/>
		<sprite name="backgroundMain" style="hidden"/>
		<texture style="ulmStack90"/>
		<sprite depth="2" name="hoverBackground" sprite="ui_stack_hover_90"/>
		<sprite depth="3" name="itemIcon" pos="46,-46" size="80,80" atlas="{partatlas}" sprite="{particon}" pivot="center" foregroundlayer="true" color="{particoncolor}" visible="{partvisible}"/>
	</rect>
</ulmStackItemCosmetic>

<sqx.questTracker>
	<rect width="360" height="36" controller="QuestTrackerObjectiveEntry" visible="{hasobjective}">
		<texture style="ulmQuestTrackEntry" />
		<sprite depth="1" pos="290,-8" name="iconTrack" style="icon22px" color="{objectivecompletecolor}" sprite="{objectivecompletesprite}" visible="{objectiveshowicon}" />
		<sprite depth="1" pos="-11,10" sprite="ui_quest_tracker" size="116,80" color="{objectivecompletecolor}" foregroundlayer="true" visible="{hasobjective}" />
		<label depth="1" pos="20,-5" size="200,28" font_size="28" justify="left" text="{objectiveoptional}{objectivedescription}" visible="{hasobjective}" style="outline"/>
		<label depth="1" pos="270,-5" size="90,28" font_size="28" justify="center" text="{objectivestate}" color="{objectivecompletecolor}" visible="{hasobjective}" style="outline"/>
	</rect>
</sqx.questTracker>

<sqx.menuButton>
    <rect name="${name}" depth="3" pos="${pos|0,0}" sound="${sound|[sfx_btn_menu_next]}" size="260,80" enabled_font_color="${enabled_font_color|[labelColor]}" disabled_font_color="${disabled_font_color|[disabledLabelColor]}" controller="SimpleButton" visible="${visible|true}">
        <texture style="ulmButtonMenu"/>
		<button style="ulmButtonMenu" sound="${sound|[sfx_btn_menu_next]}">
			<texture style="ulmButtonMenuHover"/>
		</button>
        <label depth="2" name="btnLabel" pos="0,-40" justify="center" text="${caption|}" text_key="${text|}" effect="outline" pivot="${pivot|left}" font_size="30" />
    </rect>
</sqx.menuButton>

<sqx.menu>
    <rect pos="${pos|0,0}">
        <texture style="ulmMenuMain"/>
        <texture style="ulmMenuLogo"/>
        <widget depth="2" size="376,30" anchor_left="#cam,0,91" anchor_bottom="#cam,0,70" pivot="BottomLeft">
            <label font_size="30" text_key="ui_mod_version" justify="center" style="outline"/>
        </widget>
    </rect>
</sqx.menu>

<ulmTransfer>
	<rect>
		<button style="ulmButtonTransfer" name="${id}" tooltip_key="${text}"/>
		<sprite style="ulmButtonTransfer" sprite="${sprite}"/>
		<texture style="ulmButtonTransfer"/>
	</rect>
</ulmTransfer>

<ulmWorkstationHeader>
	<rect>
		<sprite depth="2" pos="2,8" size="145,100" atlas="ItemIconAtlas" foregroundlayer="true" sprite="${icon|ui_empty}"/>
		<label depth="2" pos="193,-8" size="250,30" font_size="29" color="[labelColor]" text_key="${text_key|}" style="outline"/>
		<label depth="2" pos="166,-52" size="300,70" font_size="22" name="descriptionText" text_key="${desc|}"/>
		<sprite depth="2" pos="166,-12" size="22,22" foregroundlayer="true" sprite="${symbol|ui_empty}"/>
	</rect>
</ulmWorkstationHeader>

</append>
</Subquake>