<Subquake>
   
<set xpath="//block[@name='cntGasPump']">
	<property name="Class" value="StorageTank,Mods"/>
	<property class="Consumable">
		<property name="Size" value="200"/>
		<property name="RestockLimit" value="5"/>
		<property name="Items" value="ulmAmmoFuelGasoline"/>
	</property>
	<property name="Material" value="Mmetal_thin"/>
	<property name="Shape" value="Ext3dModel"/><property name="Texture" value="293"/>
	<property name="Mesh" value="models"/>
	<property name="Path" value="solid"/>
	<property name="Model" value="Industrial/gas_pump" param1="main_mesh"/>
	<property name="DisplayType" value="blockMulti" />
	<property name="MultiBlockDim" value="1,2,1"/>
	<property name="ImposterExchange" value="imposterDontBlockCTRPlate" param1="90"/>
	<property name="IsTerrainDecoration" value="true"/>
	<property class="Explosion">
	<property name="ParticleIndex" value="4"/> <!-- which prefab/particle is used -->
	<property name="RadiusBlocks" value="5"/> <!-- damage radius for blocks -->
	<property name="BlockDamage" value="5000"/> <!-- damage for blocks in the center of the explosion -->
	<property name="RadiusEntities" value="3"/> <!-- damage radius for entities -->
	<property name="EntityDamage" value="150"/> <!-- damage for entities in the center of the explosion -->
	</property>
	<drop event="Harvest" name="terrStone" count="0" tool_category="Disassemble"/>
	<drop event="Harvest" name="resourceElectricParts" count="2,7" tag="salvageHarvest"/>
	<drop event="Harvest" name="resourceElectricParts" count="0,4" tag="salvageHarvest"/>
	<drop event="Harvest" name="resourceMechanicalParts" count="2,4" tag="salvageHarvest"/>
	<drop event="Destroy" count="0"/>
	<property name="LPHardnessScale" value="0"/> <!-- disable LP for TNT blocks -->
	<property name="EconomicValue" value="400"/> <!-- disassemble value -->
	<property name="FilterTags" value="floot,ffurniture"/>
</set>

<!-- Multiple power sources for generators -->    
<set xpath="//block[@name='batterybank']/property[@name='SlotItem']/@value">ulmBatteryMaster</set>
<set xpath="//block[@name='generatorbank']/property[@name='Class']/@value">GeneratorSQX,Mods</set>
<set xpath="//block[@name='generatorbank']/property[@name='SlotItem']/@value">ulmEngineMaster</set>
<append xpath="//block[@name='generatorbank']">
	<property name="RefuelUseDegradation" value="true"/>
	<property name="Consumables" value="ulmAmmoFuelGasoline,ulmAmmoFuelJetFuel"/>
</append>
    
<!-- Multiple ammo sources for turrets -->  
<set xpath="//block[@name='autoTurret']/property[@name='AmmoItem']/@value">ulmTurretAmmoSMGMaster</set>
<set xpath="//block[@name='shotgunTurret']/property[@name='AmmoItem']/@value">ulmTurretAmmoShotgunMaster</set>
  
<append xpath="/blocks">

<block name="ulmResourcePropaneTank">
	<property name="Class" value="StorageTank,Mods"/>
	<property class="Consumable">
		<property name="Size" value="80"/>
		<property name="RestockLimit" value="30"/>
		<!--<property name="FillSpeed" value="1"/>-->
		<property name="Items" value="ulmAmmoGas"/>
	</property>
	<property name="DisplayType" value="blockHardened"/>
	<property name="Shape" value="ModelEntity"/>
    <property name="Model" value="#../../Mods/UndeadLegacy/Resources/Subquake_PropaneTank?PropaneTank01White"/>
	<property name="Path" value="solid"/>
	<property name="IsTerrainDecoration" value="true"/>
	<property name="Explosion.ParticleIndex" value="4"/>
	<property name="Explosion.RadiusBlocks" value="4"/>
	<property name="Explosion.RadiusEntities" value="5"/>
	<property name="Explosion.BlockDamage" value="3000"/>
	<property name="Explosion.EntityDamage" value="400"/>
	<property name="Explosion.DamageBonus.cloth" value="60"/>
	<property name="Explosion.DamageBonus.earth" value="30"/>
	<property name="Explosion.DamageBonus.glass" value="60"/>
	<property name="Explosion.DamageBonus.metal" value="60"/>
	<property name="Explosion.DamageBonus.organic" value="60"/>
	<property name="Explosion.DamageBonus.stone" value="60"/>
	<property name="Explosion.DamageBonus.wood" value="60"/>
	<property name="Explosion.DamageBonus.water" value="0"/>
	<property name="Group" value="Resources,Decor/Miscellaneous"/>
	<property name="FilterTags" value="fdecor,fother,ftraps"/>
	<property name="CanPickup" value="true"/>
	<property name="Material" value="metal"/>
	<property name="Weight" value="100"/>
	<property name="Stacknumber" value="10"/>
	<property name="CarryWeight" value="40"/>
	<property name="EconomicValue" value="500"/>
	<drop event="Destroy" count="0"/>
</block>
    
<block name="ulmWorkbenchMaster">
	<property name="CreativeMode" value="None"/>
	<property name="Class" value="Workstation"/>
	<property name="MaxDamage" value="500"/>
	<property name="StabilitySupport" value="false"/>
	<property name="Shape" value="ModelEntity"/>
	<property name="Model" value="Entities/Crafting/workbenchPrefab"/>
	<property name="DisplayType" value="blockMulti"/>
	<property name="ImposterDontBlock" value="true"/>
	<property name="Place" value="TowardsPlacerInverted"/>
	<property name="OnlySimpleRotations" value="true"/>
	<property name="IsTerrainDecoration" value="true"/>
	<property name="TakeDelay" value="5"/>
	<property name="Group" value="Workstations,Building"/>
	<property name="FilterTags" value="fdecor,fother,ffurniture"/>
	<property name="SortOrder1" value="70i0"/>
	<property name="Stacknumber" value="10"/>
	<property name="Material" value="wood"/><property name="Weight" value="100"/>
	<property name="EconomicValue" value="776"/><property name="CarryWeight" value="10"/>
	<property name="HeatMapStrength" value="0.5"/>
	<property name="HeatMapTime" value="1200"/>
	<property name="HeatMapFrequency" value="25"/>
	<!--<property name="RecipeList" value="backpack, workbench"/>-->
	<!--<property name="CraftTimeMultiplier" value="0.5,1"/>-->
	<drop event="Destroy" count="0"/>
</block>

<block name="workbenchAmmo">
	<property name="Extends" value="ulmWorkbenchMaster"/>
	<property name="MultiBlockDim" value="2,2,1"/>
    <!--<property name="Model" value="#../../Mods/UndeadLegacy/Resources/ulmSubquake?AmmoTable02"/>-->
	<property name="ModelOffset" value=".5,.5,0"/>
	<property name="EconomicValue" value="500"/><property name="CarryWeight" value="10"/>
	<property class="Workstation">
		<property name="Window" value="workbenchAmmo"/>
		<property name="CraftingAreaRecipes" value="workbenchAmmo"/>
		<property name="Modules" value="tools,output"/>
		<property name="Icon" value="symbol_ammo"/>
		<property name="CraftIcon" value="symbol_ammo"/>
	</property>
	<property class="RepairItems">
		<property name="resourceForgedIron" value="25"/>
		<property name="resourceMechanicalParts" value="20"/>
		<property name="resourceWood" value="50"/>
	</property>
</block>

</append>
  
</Subquake>