<Subquake>
    
<remove xpath="//drop[@event='Harvest' and @name='ammoGasCan']"/>
<remove xpath="//property[@name='Stacknumber']"/>
   
<set xpath="//block[@name='cntGasPump']">
	<property name="Class" value="StorageTank,Mods"/>
    <property name="CarryWeight" value="5.0"/>
	<property class="Consumable">
		<property name="Size" value="200"/>
		<property name="RestockLimit" value="5"/>
		<property name="Items" value="ulmAmmoFuelGasoline"/>
	</property>
	<property name="Material" value="Mmetal_thin"/>
	<property name="Shape" value="Ext3dModel"/><property name="Texture" value="293"/>
	<property name="Mesh" value="models"/>
	<property name="Path" value="solid"/>
	<property name="Model" value="Industrial/gas_pump" param1="main_mesh"/>
	<property name="DisplayType" value="blockMulti" />
	<property name="MultiBlockDim" value="1,2,1"/>
	<property name="ImposterExchange" value="imposterDontBlockCTRPlate" param1="90"/>
	<property name="IsTerrainDecoration" value="true"/>
	<property class="Explosion">
	<property name="ParticleIndex" value="4"/> <!-- which prefab/particle is used -->
	<property name="RadiusBlocks" value="5"/> <!-- damage radius for blocks -->
	<property name="BlockDamage" value="5000"/> <!-- damage for blocks in the center of the explosion -->
	<property name="RadiusEntities" value="3"/> <!-- damage radius for entities -->
	<property name="EntityDamage" value="150"/> <!-- damage for entities in the center of the explosion -->
	</property>
	<drop event="Harvest" name="terrStone" count="0" tool_category="Disassemble"/>
	<drop event="Harvest" name="resourceElectricParts" count="2,7" tag="salvageHarvest"/>
	<drop event="Harvest" name="resourceElectricParts" count="0,4" tag="salvageHarvest"/>
	<drop event="Harvest" name="resourceMechanicalParts" count="2,4" tag="salvageHarvest"/>
	<drop event="Destroy" count="0"/>
	<property name="LPHardnessScale" value="0"/> <!-- disable LP for TNT blocks -->
	<property name="EconomicValue" value="400"/> <!-- disassemble value -->
	<property name="FilterTags" value="floot,ffurniture"/>
</set>

<remove xpath="//block[@name='cntBarrelMetalMaster']/property[@name='Class']"/>
<remove xpath="//block[@name='cntBarrelPolymerMaster']/property[@name='Class']"/>
<remove xpath="//block[@name='cntBarrelMetalMaster']/property[@name='LootList']"/>
<remove xpath="//block[@name='cntBarrelPolymerMaster']/property[@name='LootList']"/>
<remove xpath="//block[@name='cntBarrelGasSingle00']/property[@name='LootList']"/>
<remove xpath="//block[@name='cntBarrelRadiatedSingle00']/property[@name='LootList']"/>
<remove xpath="//block[@name='cntBarrelWhiteSingle00']/property[@name='LootList']"/>
<remove xpath="//block[@name='cntBarrelPlasticSingle00']/property[@name='LootList']"/>
<remove xpath="//block[@name='cntBarrelAcidSingle00']/property[@name='LootList']"/>
<remove xpath="//block[@name='cntBarrelGenericSingle00']/property[@name='LootList']"/>
<remove xpath="//block[@name='cntBarrelOilSingle00']/property[@name='LootList']"/>
    
<append xpath="//block[@name='cntBarrelMetalMaster' or @name='cntBarrelPolymerMaster']">
	<property name="Class" value="StorageTank,Mods"/>
	<property class="Consumable">
		<property name="Size" value="50"/>
		<property name="RestockLimit" value="5"/>
		<property name="Items" value="ulmAmmoFuelGasoline"/>
	</property>
</append>
    
<append xpath="//block[
   @name='cntBarrelAcidQuadA'
or @name='cntBarrelAcidQuadB'
or @name='cntBarrelGasQuadA'
or @name='cntBarrelGasQuadB'
or @name='cntBarrelGenericQuadA'
or @name='cntBarrelGenericQuadB'
or @name='cntBarrelOilQuadA'
or @name='cntBarrelOilQuadB'
or @name='cntBarrelRadiatedQuadA'
or @name='cntBarrelRadiatedQuadB'
or @name='cntBarrelWhiteQuadA'
or @name='cntBarrelWhiteQuadB'
or @name='cntBarrelPlasticQuadA'
or @name='cntBarrelPlasticQuadB']">
	<property class="Consumable">
		<property name="RestockLimit" value="10"/>
		<property name="Size" value="200"/>
	</property>
</append>

<!-- Multiple power sources for generators -->    
<set xpath="//block[@name='batterybank']/property[@name='SlotItem']/@value">ulmBatteryMaster</set>
<set xpath="//block[@name='generatorbank']/property[@name='Class']/@value">GeneratorSQX,Mods</set>
<set xpath="//block[@name='generatorbank']/property[@name='SlotItem']/@value">ulmEngineMaster</set>
<append xpath="//block[@name='generatorbank']">
	<property name="RefuelUseDegradation" value="true"/>
	<property name="Consumables" value="ulmAmmoFuelGasoline,ulmAmmoFuelJetFuel"/>
</append>
    
<!-- Multiple ammo sources for turrets -->  
<set xpath="//block[@name='autoTurret']/property[@name='AmmoItem']/@value">ulmTurretAmmoSMGMaster</set>
<set xpath="//block[@name='shotgunTurret']/property[@name='AmmoItem']/@value">ulmTurretAmmoShotgunMaster</set>
  
<append xpath="/blocks">

<block name="ulmResourcePropaneTank">
	<property name="Class" value="StorageTank,Mods"/>
	<property class="Consumable">
		<property name="Size" value="80"/>
		<property name="RestockLimit" value="30"/>
		<!--<property name="FillSpeed" value="1"/>-->
		<property name="Items" value="ulmAmmoGas"/>
	</property>
	<property name="DisplayType" value="blockHardened"/>
	<property name="Shape" value="ModelEntity"/>
    <property name="Model" value="#../../Mods/UndeadLegacy/Resources/Subquake_PropaneTank?PropaneTank01White"/>
	<property name="Path" value="solid"/>
	<property name="IsTerrainDecoration" value="true"/>
	<property name="Explosion.ParticleIndex" value="4"/>
	<property name="Explosion.RadiusBlocks" value="4"/>
	<property name="Explosion.RadiusEntities" value="5"/>
	<property name="Explosion.BlockDamage" value="3000"/>
	<property name="Explosion.EntityDamage" value="400"/>
	<property name="Explosion.DamageBonus.cloth" value="60"/>
	<property name="Explosion.DamageBonus.earth" value="30"/>
	<property name="Explosion.DamageBonus.glass" value="60"/>
	<property name="Explosion.DamageBonus.metal" value="60"/>
	<property name="Explosion.DamageBonus.organic" value="60"/>
	<property name="Explosion.DamageBonus.stone" value="60"/>
	<property name="Explosion.DamageBonus.wood" value="60"/>
	<property name="Explosion.DamageBonus.water" value="0"/>
	<property name="Group" value="Resources,Decor/Miscellaneous"/>
	<property name="FilterTags" value="fdecor,fother,ftraps"/>
	<property name="CanPickup" value="true"/>
	<property name="Material" value="metal"/>
	<property name="Weight" value="100"/>
	<property name="Stacknumber" value="10"/>
	<property name="CarryWeight" value="40"/>
	<property name="EconomicValue" value="500"/>
	<drop event="Destroy" count="0"/>
</block>
    
<block name="ulmWorkbenchMaster">
	<property name="CreativeMode" value="None"/>
	<property name="Class" value="Workstation"/>
	<property name="MaxDamage" value="500"/>
	<property name="StabilitySupport" value="false"/>
	<property name="Shape" value="ModelEntity"/>
	<property name="Model" value="Entities/Crafting/workbenchPrefab"/>
	<property name="DisplayType" value="blockMulti"/>
	<property name="ImposterDontBlock" value="true"/>
	<property name="Place" value="TowardsPlacerInverted"/>
	<property name="OnlySimpleRotations" value="true"/>
	<property name="IsTerrainDecoration" value="true"/>
	<property name="TakeDelay" value="5"/>
	<property name="Group" value="Workstations,Building"/>
	<property name="FilterTags" value="fdecor,fother,ffurniture"/>
	<property name="SortOrder1" value="70i0"/>
	<property name="Stacknumber" value="10"/>
	<property name="Material" value="wood"/><property name="Weight" value="100"/>
	<property name="EconomicValue" value="776"/><property name="CarryWeight" value="10"/>
	<property name="HeatMapStrength" value="0.5"/>
	<property name="HeatMapTime" value="1200"/>
	<property name="HeatMapFrequency" value="25"/>
	<!--<property name="RecipeList" value="backpack, workbench"/>-->
	<!--<property name="CraftTimeMultiplier" value="0.5,1"/>-->
	<drop event="Destroy" count="0"/>
</block>

<block name="workbenchAmmo">
	<property name="Extends" value="ulmWorkbenchMaster"/>
	<property name="MultiBlockDim" value="2,2,1"/>
    <!--<property name="Model" value="#../../Mods/UndeadLegacy/Resources/ulmSubquake?AmmoTable02"/>-->
	<property name="ModelOffset" value=".5,.5,0"/>
	<property name="EconomicValue" value="500"/><property name="CarryWeight" value="10"/>
	<property class="Workstation">
		<property name="Window" value="workbenchAmmo"/>
		<property name="CraftingAreaRecipes" value="workbenchAmmo"/>
		<property name="Modules" value="tools,output"/>
		<property name="Icon" value="symbol_ammo"/>
		<property name="CraftIcon" value="symbol_ammo"/>
	</property>
	<property class="RepairItems">
		<property name="resourceForgedIron" value="25"/>
		<property name="resourceMechanicalParts" value="20"/>
		<property name="resourceWood" value="50"/>
	</property>
</block>
    
</append>
    
<append xpath="//block[starts-with(@name, 'terr') or starts-with(@name, 'corrugated')]"><property name="CarryWeight" value="0.5"/></append>
    
<append xpath="//block[
   @name='awningMaster'           
or @name='cable1'              
or @name='conduit01'                 
or @name='cropsGrowingMaster'          
or @name='cropsHarvestableMaster'        
or @name='treeGrassMaster'              
or @name='plantedMushroom3Harvest'             
or @name='plantedCornDead'                             
or @name='plantedtreeGrassSeed1'                       
or @name='treePlainsTree'                          
or @name='cntBirdnest'                               
or @name='hangingMoss'                                 
or @name='cobweb'                                        
or @name='paintingBen'                                    
or @name='mushroom01'                                  ]"><property name="CarryWeight" value="0.10"/></append>
    
<append xpath="//block[
   @name='woodWeakNoUpgradeMaster'
or @name='woodNoUpgradeMaster'
or @name='woodStairs50'    
or @name='woodTable'    
or @name='rWoodMaster'                 
or @name='decoEntityWoodMaster'         
or @name='decoEntityPolymerMaster'       
or @name='ladderWood'               
or @name='decoPumpkinJackOLantern'          
or @name='cntChest01'                     
or @name='cntStorageChest'               
or @name='cntSecureStorageChest'          
or @name='cntStorageGeneric'                
or @name='cntStorageGenericInsecure'         
or @name='cntStorageGenericPOI'               
or @name='treasureChest'                         
or @name='cntMountainManStorageChest'                 
or @name='cntApacheArtifactChest'                        
or @name='cntCabinetBottomFiller'                        
or @name='cntCabinetBottomRandomLootHelper'                      
or @name='cntCabinetOldSink'                                
or @name='cntMicrowaveOvenVer1Open'                                
or @name='decoCookingPot'                                           
or @name='cntLaundryBasketVer1Empty'                                       
or @name='paperPillar100'                                               
or @name='cntTrashPile01'                                                
or @name='garbage_decor1'                                                
or @name='garbage_decor3'                                            
or @name='sectionalPlaidCouchSofaMiddle'                               
or @name='sectionalLeatherCouchSofaArm'                                 
or @name='cntWaterCoolerBottle'                                            
or @name='cntShoppingBasketEmpty'                                             
or @name='cntUtilityCartEmpty'                                                             
or @name='cntMailbox'                                                                       
or @name='treePlant02'                                                                        
or @name='birdBathPlanter'                                                                        
or @name='driftwood'                                                                               
or @name='modularFireWoodStackA'                                                                     
or @name='stalactite01'                                                                             
or @name='emberPileDeco1'                                                                            
or @name='emberPileDeco3'                                                                             
or @name='emberPileLightPOI1'                                                                            
or @name='ductSoft'                                                                                      
or @name='ductControlPanel'                                                                              
or @name='glassCTRSheet'                                                                                
or @name='glassBusinessBlock'                                                                            
or @name='glassBusinessSheet'                                                                              
or @name='glassShowerBlock'                                                                                
or @name='glassShowerRamp'                                                                                 
or @name='glassIndustrialCTRPlate'                                                                        
or @name='glassIndustrial02CTRPlate'                                                                        
or @name='window02'                                                                                         
or @name='window02Frame'                                                                                      
or @name='window03Broke1'                                                                                      
or @name='window03WoodBroke1'                                                                                  
or @name='window03WoodBroke2'                                                                                   
or @name='window03Wood'                                                                                         
or @name='window04'                                                                                                 
or @name='window04Frame'                                                                                     
or @name='curtain_top1Sheet3'                                                                                    
or @name='commercialBlindsTop'                                                                                  
or @name='miniblindTopSheet'                                                                                    
or @name='boardedWindowsSheet4'                                                                                  
or @name='plywoodOsbCTRPlate'                                                                                
or @name='sidingWhiteBurntCTRPlate'                                                                            
or @name='plainWoodWindowPlug'                                                                             
or @name='trapSpikesWoodMaster'                                                                              
or @name='woodLogSpike1'                                                                                         
or @name='trapSpikesNew'                                                                                          
or @name='barbedWireSheet'                                                                             
or @name='trapGlassBusinessCTRSheet1x1'                                                                            
or @name='hubcapNoMine'                                                                                              
or @name='torchWallHolder'                                                                                               
or @name='hayBaleBlock'                                          
or @name='metalSignLetter_a'                                     
or @name='playerSignWood1x1'                                      
or @name='signShopOpen'                               
or @name='treeDeadPineLeaf'                            
or @name='treeAzalea'                                   
or @name='treeSnowyDeadBush'                        ]"><property name="CarryWeight" value="0.25"/></append>
    
<append xpath="//block[
   @name='rWoodMetalMaster'
or @name='scrapIronFrameMaster'
or @name='scrapIronNoUpgradeMaster'
or @name='scrapIronMaster'                                             
or @name='scrapIronSheet'                                                
or @name='scrapIronWindowPlu'                                
or @name='scrapIronWindowPlug05CTRPlate'                                       
or @name='metalRivetSheet'                                            
or @name='metalTrussingBlock'                                             
or @name='metalTrussingBlockOld'                               
or @name='rScrapIronMaster'                                           
or @name='rScrapIronTable'                                             
or @name='rScrapIronWindowPlug06CTRPlate'                        
or @name='rustyIronTable'                                            
or @name='rebarFrameMaster'                                   
or @name='ironBarsCentered'                                        
or @name='steelMaster'                                           
or @name='stainlessSteelMaster'                                     
or @name='corrugatedMetalNoUpgradeMaster'                                 
or @name='corrugatedMetalMaster'                                            
or @name='glassBulletproofMaster'                                            
or @name='decoEntityMetalMaster'                                             
or @name='rebarDestroyed'                                                        
or @name='ladderMetal'                                                                  
or @name='ladderSteel'                                                                    
or @name='signRoadAZ260eastSpeed65'                                                       
or @name='signRoadArrowheadApache'                                                        
or @name='utilitySink'                                                                
or @name='faucet02'                                                               
or @name='faucetBrass02'                                                               
or @name='securityGateCTRPlate'                                                             
or @name='jailBars'                                                    
or @name='showerHead'                                                        
or @name='scrapMetalPile'                                              
or @name='cntBin'                                           
or @name='cntTrash_can01'                                         
or @name='cntFancyGarbageCan'                                     
or @name='cntDomedTrashCanEmpty'                                  
or @name='cntBruteStyleTrashCanEmpty'                             
or @name='bedroll'                                                   
or @name='cntShoppingCartEmpty'                                           
or @name='cntShoppingCart'                                                  
or @name='cntBackpack01'                                                        
or @name='cntSuitcase'                                                          
or @name='cntBagsRandomLootHelper'                                                     
or @name='cinderBlocks01'                                                                
or @name='rock01'                            
or @name='secureDoorWooden'                   
or @name='secureReinforcedDoorWooden'        
or @name='metalReinforcedDoorWooden'         
or @name='houseFrontDoor1_v1'                   
or @name='woodHatch1_v1'                
or @name='trapSpikesScrapIronMaster'     
or @name='steelLogSpike6'                                                                                                
or @name='barbedFence'                                                        
or @name='motionsensor'                                                          
or @name='speaker'                                                            
or @name='loudspeaker'                                            
or @name='electricfencepost'                                       
or @name='signShopColdBeer'                                            
or @name='signShopGas'                                                   
or @name='signShopGunStore'                                                
or @name='signShopBookStore'                                                
or @name='signShopPharmacy'                                                
or @name='signShopToolStore'                                               
or @name='signShopGrocery'                          ]"><property name="CarryWeight" value="0.35"/></append>
    
<append xpath="//block[
   @name='pouredConcreteMaster'
or @name='concreteNoUpgradeMaster'
or @name='concreteMaster'                             
or @name='pouredRConcreteMaster'                         
or @name='rConcreteMaster'                            
or @name='concreteDestroyed01'                            
or @name='concreteStairs50'                                 
or @name='stoneNoUpgradeMaster'                              
or @name='flagstoneNoUpgradeMaster'                                
or @name='flagstoneMaster'                                          
or @name='flagstoneGable'                                              
or @name='gravelWedge'                                
or @name='cobblestoneMaster'                                     
or @name='brickNoUpgradeMaster'                                     
or @name='brickMaster'                                               
or @name='treeMaster'                                            
or @name='treeMasterGrowing'                                           
or @name='cntWallOven'                                                 
or @name='cntGraniteSink'                                     
or @name='cntCupboardCabinetRedTopLootHelper'                     
or @name='cntStoveOldVer1Closed'                                 
or @name='cntGasGrillRandomLootHelper'                      
or @name='cntCharcoalGrillRandomLootHelper'                      
or @name='cntRetroFridgeVer1Closed'                                
or @name='cntWashingMachine'                                       
or @name='cntWasherOpen'                                            
or @name='cntToilet01'                                              
or @name='cntTrashCompactor'                                        
or @name='cntModularClosetClosed'                                
or @name='cntMedicineCabinetFaucetOpen'                            
or @name='cntMedicineCabinetOpen'                                    
or @name='mirror'                                                   
or @name='fountain'                                                  
or @name='cntWeaponsBagSmall'                                         
or @name='cntAmmoPileSmall'                                           
or @name='cntMedicalPileSmall'                                       
or @name='cntMedicLootPileA'                                            
or @name='schoolDesk'                                                    
or @name='cntWaterCoolerFull'                                            
or @name='decoReptileTerrarium'                                        
or @name='mattress'                                                  
or @name='mattressFlat'                                                 
or @name='gurneyBed'                                                      
or @name='morticianDrawer'                                                  
or @name='furnaceDrawer'                                                      
or @name='cntGreenDrawerInsecure'                                           
or @name='cntFileCabinetShortRandomLootHelper'                                 
or @name='cntBookcaseEmpty'                                                       
or @name='cntBookcaseFull'                                                        
or @name='cntPillCase'                                                             
or @name='cntCashRegisterEmpty'                                                          
or @name='storeShelving01'                                                             
or @name='cntLuggageMediumOpen'                                                              
or @name='airConditioner'                                                                    
or @name='airConditionVentFan'                                                                  
or @name='satelliteDish'                                                                            
or @name='graveStone01'                                                                             
or @name='cntShippingCrateHero'                                                                    
or @name='cntShippingCrateShamway'                                                                    
or @name='cntGarageStorage'                   
or @name='goreBlockAnimal'                    
or @name='goreBlockHumanCorpse'                   
or @name='goreBlockHumanBones'                          
or @name='ironDoor1_v1'                                
or @name='commercialDoor1_v1'                              
or @name='commercialDoor1_v3'                                   
or @name='scrapHatch_v1'                                        
or @name='porchLight01'                                          
or @name='streetLight01'                                          
or @name='spotlightPlayer'                                          
or @name='electricwirerelay'                                         
or @name='electrictimerrelay'                                         
or @name='switch'                                                      
or @name='pressureplate'                                                 
or @name='tripwirepost'                                                   
or @name='controlPanelBase01'                                                 
or @name='sandbagStraight01'                                               
or @name='playerSignWood1x3'                                               
or @name='farmPlotBlock'                                                   
or @name='treeStump'                                                     
or @name='treeCactus01'                                         ]"><property name="CarryWeight" value="0.5"/></append>
    
<append xpath="//block[
   @name='bed01Frame'
or @name='cntNightstandRandomLootHelper'    
or @name='bodyBagBlack'                     
or @name='rockResource'                          
or @name='poleTop01'                              
or @name='cntMunitionsBox'                        
or @name='palletWhiteBagsBase'                     
or @name='palletBrownBoxesBase'                   
or @name='palletBlueTarpBase'                       
or @name='palletCompressedCardboard'                
or @name='carsRandomHelper'                      
or @name='carWrecksRandomHelper'                 
or @name='cntCar03SedanDamage0Master'                  
or @name='cntCar03SedanDamage1Master'                  
or @name='cntCar03SedanDamage2Master'                    
or @name='crushedCars'                                      
or @name='vaultDoor01'                                          
or @name='vaultDoor03'                                            
or @name='vaultHatch_v1'                                          
or @name='pressureplateLong'                                            ]"><property name="CarryWeight" value="1"/></append>
    
<append xpath="//block[
   @name='cntBarrelMetalMaster'          
or @name='cntBarrelPolymerMaster'           
or @name='cntTiltTruckEmpty'              
or @name='cntWoodDesk01RandomLootHelper'   
or @name='cntMetalDesk02RandomLootHelper'    
or @name='decoPicnicTable'                  
or @name='decoStationaryBike'                    
or @name='decoTreadmill'                             
or @name='cntCoffin'                                   
or @name='palletBricksBase'                                          
or @name='playerSignWood2x5'                                           ]"><property name="CarryWeight" value="2"/></append>
    
<append xpath="//block[
   @name='cntWallSafe'            
or @name='cntWallSafeInsecure'        
or @name='cntDeskSafe'                  
or @name='cntHardenedChestSecure'       
or @name='cntHardenedChestInsecure' 
or @name='cntLootChestHero' 
or @name='decoWeightBar'                                
or @name='bed01'                                    
or @name='hospitalBed'                                
or @name='cntBathTubEmpty'                             
or @name='garageDoorMetal_v1'                            
or @name='garageDoorMetal_v3'                             
or @name='garageDoorMetal_v1Powered'                        
or @name='garageDoorHousePlayer'                             
or @name='garageDoorHouseBrown'                               
or @name='garageDoorIndustrial'                                
or @name='garageDoorIndustrial_Powered'                             ]"><property name="CarryWeight" value="5"/></append>
    
<append xpath="//block[
   @name='bed02'               
or @name='cntDumpster'          
or @name='cntDumpsterFlies'      
or @name='cntGunSafe'      
or @name='cntGunSafeInsecure'    
or @name='cntBusSchool'                                             ]"><property name="CarryWeight" value="10"/></append>

<append xpath="//block[@name='cntCoolerRandomLootHelper'            ]"><property name="Stacknumber" value="100"/><property name="CarryWeight" value="0.25"/></append>
<append xpath="//block[@name='cntBeerCooler'                        ]"><property name="Stacknumber" value="100"/><property name="CarryWeight" value="0.25"/></append>
<append xpath="//block[@name='officeChair01'                        ]"><property name="Stacknumber" value="10"/><property name="CarryWeight" value="2.5"/></append>
<append xpath="//block[@name='woodChair1'                           ]"><property name="Stacknumber" value="10"/><property name="CarryWeight" value="1"/></append>
<append xpath="//block[@name='oldChair1'                            ]"><property name="Stacknumber" value="10"/><property name="CarryWeight" value="1"/></append>
<append xpath="//block[@name='barracksChair'                        ]"><property name="Stacknumber" value="10"/><property name="CarryWeight" value="0.5"/></append>
<append xpath="//block[@name='barStool'                             ]"><property name="Stacknumber" value="10"/><property name="CarryWeight" value="0.5"/></append>
<append xpath="//block[@name='tv'                                   ]"><property name="Stacknumber" value="10"/><property name="CarryWeight" value="2.0"/></append>
<append xpath="//block[@name='cntVendingMachine'				    ]"><property name="Stacknumber" value="10"/><property name="CarryWeight" value="10"/></append>
<append xpath="//block[@name='cntVendingMachine2Broken'			    ]"><property name="Stacknumber" value="10"/><property name="CarryWeight" value="10"/></append>
<append xpath="//block[@name='endTableLamp'			                ]"><property name="Stacknumber" value="10"/><property name="CarryWeight" value="1"/></append>
    
<append xpath="//block[@name='wallTorchLightPlayer'				    ]"><property name="Stacknumber" value="100"/><property name="CarryWeight" value="0.25"/></append>
<append xpath="//block[@name='candleWallLightPlayer'			    ]"><property name="Stacknumber" value="100"/><property name="CarryWeight" value="0.25"/></append>
<append xpath="//block[@name='burningBarrelPlayer'				    ]"><property name="Stacknumber" value="100"/><property name="CarryWeight" value="2"/></append>
<append xpath="//block[@name='mineCandyTin'                         ]"><property name="Stacknumber" value="100"/><property name="CarryWeight" value="0.5"/></append>
<append xpath="//block[@name='mineCookingPot'                       ]"><property name="Stacknumber" value="100"/><property name="CarryWeight" value="0.5"/></append>
<append xpath="//block[@name='mineHubcap'                           ]"><property name="Stacknumber" value="100"/><property name="CarryWeight" value="0.5"/></append>
<append xpath="//block[@name='mineAirFilter'                        ]"><property name="Stacknumber" value="100"/><property name="CarryWeight" value="1.0"/></append>
<append xpath="//block[@name='rScrapIronPlateMine'				    ]"><property name="Stacknumber" value="100"/><property name="CarryWeight" value="0.5"/></append>
<append xpath="//block[@name='glassBulletproofBlockVariantHelper'   ]"><property name="Stacknumber" value="100"/><property name="CarryWeight" value="0.25"/></append>
	
<append xpath="//block[@name='campfire'						        ]"><property name="Stacknumber" value="10"/><property name="CarryWeight" value="5"/></append>
<append xpath="//block[@name='cementMixer'						    ]"><property name="Stacknumber" value="10"/><property name="CarryWeight" value="10"/></append>
<append xpath="//block[@name='chemistryStation'					    ]"><property name="Stacknumber" value="10"/><property name="CarryWeight" value="10"/></append>
<append xpath="//block[@name='forge'						        ]"><property name="Stacknumber" value="10"/><property name="CarryWeight" value="20"/></append>
<append xpath="//block[@name='workbench'						    ]"><property name="Stacknumber" value="10"/><property name="CarryWeight" value="10"/></append>

<append xpath="//block[@name='keystoneBlock'					    ]"><property name="Stacknumber" value="10"/><property name="CarryWeight" value="5"/></append>
<append xpath="//block[@name='generatorbank'					    ]"><property name="Stacknumber" value="10"/><property name="CarryWeight" value="10"/></append>
<append xpath="//block[@name='solarbank'					        ]"><property name="Stacknumber" value="10"/><property name="CarryWeight" value="2.5"/></append>
<append xpath="//block[@name='batterybank'						    ]"><property name="Stacknumber" value="10"/><property name="CarryWeight" value="10"/></append>
<append xpath="//block[@name='dartTrap'							    ]"><property name="Stacknumber" value="10"/><property name="CarryWeight" value="1"/></append>
<append xpath="//block[@name='flamethrowerTrap'					    ]"><property name="Stacknumber" value="10"/><property name="CarryWeight" value="2.5"/></append>
<append xpath="//block[@name='bladeTrap'						    ]"><property name="Stacknumber" value="10"/><property name="CarryWeight" value="4"/></append>
<append xpath="//block[@name='autoTurret'						    ]"><property name="Stacknumber" value="10"/><property name="CarryWeight" value="2"/></append>
<append xpath="//block[@name='shotgunTurret'					    ]"><property name="Stacknumber" value="10"/><property name="CarryWeight" value="2"/></append>
<append xpath="//block[@name='metalReinforcedWoodDrawBridge'	    ]"><property name="Stacknumber" value="10"/><property name="CarryWeight" value="25"/></append>

  
</Subquake>