﻿<configs>
<!--<remove xpath="//material[@id='MresourceWood']"/>-->

<append xpath="/materials">

<material id="adhesive">
	<property name="forge_category" value="adhesive"/>
	<property name="Experience" value="1"/></material>

<material id="brass">
	<property name="forge_category" value="brass"/>
	<property name="Experience" value="1"/></material>

<material id="clay">
	<property name="damage_category" value="earth"/>
	<property name="surface_category" value="earth"/>
	<property name="forge_category" value="clay"/>
	<property name="Experience" value="1"/></material>

<material id="copper">
	<property name="damage_category" value="metal"/>
	<property name="surface_category" value="metal"/>
	<property name="forge_category" value="copper"/>
	<property name="Hardness" type="float" value="1"/>
	<property name="stepsound" value="metal"/>
	<property name="StabilitySupport" value="false"/>
	<property name="stability_glue" value="20"/>
	<property name="Mass" type="int" value="200"/>
	<property name="MaxDamage" value="100"/>
	<property name="Experience" value="1"/></material>

<material id="cotton">
	<property name="damage_category" value="wood"/>
	<property name="surface_category" value="plant"/>
	<property name="particle_category" value="plant"/>
	<property name="forge_category" value="cotton"/>
	<property name="Experience" value="2"/></material>

<material id="cloth">
	<property name="damage_category" value="cloth"/>
	<property name="surface_category" value="cloth"/>
	<property name="forge_category" value="cloth"/>
	<property name="Hardness" type="float" value="1"/>
	<property name="explosionresistance" value="0.01"/>
	<property name="stepsound" value="cloth"/>
	<property name="lightopacity" value="4"/>
	<property name="stability_glue" value="10"/>
	<property name="Mass" type="int" value="5"/>
	<property name="StabilitySupport" value="false"/>
	<property name="MaxDamage" value="5"/>
	<property name="Experience" value="2"/></material>

<material id="electronics">
	<property name="forge_category" value="electronics"/>
	<property name="Experience" value="1"/></material>

<material id="feather">
	<property name="forge_category" value="feather"/>
	<property name="Experience" value="1"/></material>

<material id="fiber">
	<property name="damage_category" value="wood"/>
	<property name="surface_category" value="plant"/>
	<property name="particle_category" value="plant"/>
	<property name="forge_category" value="plants"/>
	<property name="Experience" value="1.0"/></material>

<material id="glass">
	<property name="damage_category" value="glass"/>
	<property name="surface_category" value="glass"/>
	<property name="forge_category" value="glass"/>
	<property name="Experience" value="1"/></material>

<material id="gold">
	<property name="damage_category" value="metal"/>
	<property name="surface_category" value="metal"/>
	<property name="forge_category" value="gold"/>
	<property name="Hardness" type="float" value="1"/>
	<property name="stepsound" value="metal"/>
	<property name="StabilitySupport" value="false"/>
	<property name="stability_glue" value="20"/>
	<property name="Mass" type="int" value="200"/>
	<property name="MaxDamage" value="100"/>
	<property name="Experience" value="1"/></material>

<material id="iron">
	<property name="damage_category" value="metal"/>
	<property name="surface_category" value="metal"/>
	<property name="forge_category" value="iron"/>
	<property name="Hardness" type="float" value="1"/>
	<property name="stepsound" value="metal"/>
	<property name="stability_glue" value="300"/>
	<property name="Mass" type="int" value="20"/>
	<property name="MaxDamage" value="300"/>
	<property name="Experience" value="2"/></material>

<material id="knowledge">
	<property name="forge_category" value="knowledge"/>
	<property name="Experience" value="1"/></material>

<material id="lead">
	<property name="damage_category" value="metal"/>
	<property name="surface_category" value="metal"/>
	<property name="forge_category" value="lead"/>
	<property name="Experience" value="2"/></material>

<material id="leather">
	<property name="damage_category" value="cloth"/>
	<property name="surface_category" value="cloth"/>
	<property name="forge_category" value="leather"/>
	<property name="Experience" value="2"/></material>

<material id="metal">
	<property name="damage_category" value="metal"/>
	<property name="surface_category" value="metal"/>
	<property name="forge_category" value="iron"/>
	<property name="Hardness" type="float" value="1"/>
	<property name="stepsound" value="metal"/>
	<property name="stability_glue" value="300"/>
	<property name="Mass" type="int" value="20"/>
	<property name="MaxDamage" value="300"/>
	<property name="Experience" value="2"/></material>

<material id="misc">
	<property name="forge_category" value="misc"/>
	<property name="Experience" value="1"/></material>

<material id="organic">
	<property name="forge_category" value="organic"/>
	<property name="Experience" value="1"/></material>

<material id="paper">
	<property name="damage_category" value="cloth"/>
	<property name="surface_category" value="cloth"/>
	<property name="forge_category" value="paper"/>
	<property name="Experience" value="4"/></material>

<material id="plastic">
	<property name="damage_category" value="wood"/>
	<property name="surface_category" value="cloth"/>
	<property name="forge_category" value="plastic"/>
	<property name="Hardness" type="float" value="1"/>
	<property name="stepsound" value="wood"/>
	<property name="lightopacity" value="4"/>
	<property name="stability_glue" value="20"/>
	<property name="Mass" type="int" value="5"/>
	<property name="MaxDamage" value="50"/>
	<property name="Experience" value="1"/></material>

<material id="research">
	<property name="forge_category" value="research"/>
	<property name="Experience" value="1"/></material>

<material id="rubber">
	<property name="forge_category" value="rubber"/>
	<property name="damage_category" value="wood"/>
	<property name="surface_category" value="cloth"/>
	<property name="Hardness" type="float" value="1"/>
	<property name="stepsound" value="wood"/>
	<property name="lightopacity" value="4"/>
	<property name="stability_glue" value="20"/>
	<property name="Mass" type="int" value="5"/>
	<property name="MaxDamage" value="50"/>
	<property name="Experience" value="2"/></material>

<material id="silver">
	<property name="damage_category" value="metal"/>
	<property name="surface_category" value="metal"/>
	<property name="forge_category" value="silver"/>
	<property name="Hardness" type="float" value="1"/>
	<property name="stepsound" value="metal"/>
	<property name="StabilitySupport" value="false"/>
	<property name="stability_glue" value="20"/>
	<property name="Mass" type="int" value="200"/>
	<property name="MaxDamage" value="100"/>
	<property name="Experience" value="1"/></material>

<material id="steel">
	<property name="damage_category" value="metal"/>
	<property name="surface_category" value="metal"/>
	<property name="forge_category" value="steel"/>
	<property name="Hardness" type="float" value="1"/>
	<property name="stepsound" value="metal"/>
	<property name="stability_glue" value="300"/>
	<property name="Mass" type="int" value="20"/>
	<property name="explosionresistance" value="1.5"/>
	<property name="MaxDamage" value="7000"/>
	<property name="Experience" value="6"/></material>

<material id="stone">
	<property name="damage_category" value="stone"/>
	<property name="surface_category" value="stone"/>
	<property name="forge_category" value="stone"/>
	<property name="Experience" value="6"/></material>

<material id="titanium">
	<property name="damage_category" value="metal"/>
	<property name="surface_category" value="metal"/>
	<property name="forge_category" value="titanium"/>
	<property name="Hardness" type="float" value="1"/>
	<property name="stepsound" value="metal"/>
	<property name="stability_glue" value="240"/>
	<property name="Mass" type="int" value="12"/>
	<property name="MaxDamage" value="15000"/>
	<property name="Experience" value="1"/></material>

<material id="wood">
	<property name="damage_category" value="wood"/>
	<property name="surface_category" value="wood"/>
	<property name="forge_category" value="wood"/>
	<property name="stepsound" value="wood"/>
	<property name="Hardness" type="float" value="1"/>
	<property name="stability_glue" value="40"/>
	<property name="Mass" type="int" value="5"/>
	<property name="MaxDamage" value="300"/>
	<property name="Experience" value="1"/></material>

<material id="woodWeak">
	<property name="damage_category" value="wood"/>
	<property name="surface_category" value="wood"/>
	<property name="forge_category" value="wood"/>
	<property name="stepsound" value="wood"/>
	<property name="Hardness" type="float" value="1"/>
	<property name="stability_glue" value="5"/>
	<property name="Mass" type="int" value="5"/>
	<property name="MaxDamage" value="300"/>
	<property name="Experience" value="1"/></material>

<material id="grass">
	<property name="damage_category" value="grass"/>
	<property name="surface_category" value="plant"/>
	<property name="particle_category" value="xt_tallgrass"/>
	<property name="particle_destroy_category" value="xt_tallgrass"/>
	<property name="Hardness" type="float" value="1"/>
	<property name="stepsound" value="grass"/>
	<property name="fertile_level" value="0"/>
	<property name="lightopacity" value="0"/>
	<property name="plant" value="true"/>
	<property name="stability_glue" value="0"/>
	<property name="Mass" type="int" value="1"/>
	<property name="StabilitySupport" value="false"/>
	<property name="MaxDamage" value="1"/>
	<property name="Experience" value="0"/></material>

<material id="leaves">
	<property name="damage_category" value="leaves"/>
	<property name="surface_category" value="plant"/>
	<property name="particle_destroy_category" value="xt_leaves2"/>
	<property name="Hardness" type="float" value="1"/>
	<property name="stepsound" value="tree"/>
	<property name="lightopacity" value="5"/>
	<property name="stability_glue" value="0"/>
	<property name="Mass" type="int" value="1"/>
	<property name="plant" value="true"/>
	<property name="StabilitySupport" value="false"/>
	<property name="MaxDamage" value="1"/>
	<property name="Experience" value="2"/></material>

</append>
</configs>
