<Subquake>
    
<remove xpath="//drop[@event='Harvest' and @name='ammoGasCan']"/>
<remove xpath="//property[@name='Stacknumber']"/>
   
<set xpath="//block[@name='cntGasPump']">
	<property name="Class" value="StorageTank,Mods"/>
	<property class="Consumable">
		<property name="Size" value="200"/>
		<property name="RestockLimit" value="5"/>
		<property name="Items" value="ulmAmmoFuelGasoline"/>
	</property>
	<property name="Material" value="Mmetal_thin"/>
	<property name="Shape" value="Ext3dModel"/><property name="Texture" value="293"/>
	<property name="Mesh" value="models"/>
	<property name="Path" value="solid"/>
	<property name="Model" value="Industrial/gas_pump" param1="main_mesh"/>
	<property name="DisplayType" value="blockMulti" />
	<property name="MultiBlockDim" value="1,2,1"/>
	<property name="ImposterExchange" value="imposterDontBlockCTRPlate" param1="90"/>
	<property name="IsTerrainDecoration" value="true"/>
	<property class="Explosion">
	<property name="ParticleIndex" value="4"/> <!-- which prefab/particle is used -->
	<property name="RadiusBlocks" value="5"/> <!-- damage radius for blocks -->
	<property name="BlockDamage" value="5000"/> <!-- damage for blocks in the center of the explosion -->
	<property name="RadiusEntities" value="3"/> <!-- damage radius for entities -->
	<property name="EntityDamage" value="150"/> <!-- damage for entities in the center of the explosion -->
	</property>
	<drop event="Harvest" name="terrStone" count="0" tool_category="Disassemble"/>
	<drop event="Harvest" name="resourceElectricParts" count="2,7" tag="salvageHarvest"/>
	<drop event="Harvest" name="resourceElectricParts" count="0,4" tag="salvageHarvest"/>
	<drop event="Harvest" name="resourceMechanicalParts" count="2,4" tag="salvageHarvest"/>
	<drop event="Destroy" count="0"/>
	<property name="LPHardnessScale" value="0"/> <!-- disable LP for TNT blocks -->
	<property name="EconomicValue" value="400"/> <!-- disassemble value -->
	<property name="FilterTags" value="floot,ffurniture"/>
</set>

<remove xpath="//block[@name='cntBarrelMetalMaster']/property[@name='Class']"/>
<remove xpath="//block[@name='cntBarrelPolymerMaster']/property[@name='Class']"/>
<remove xpath="//block[@name='cntBarrelMetalMaster']/property[@name='LootList']"/>
<remove xpath="//block[@name='cntBarrelPolymerMaster']/property[@name='LootList']"/>
<remove xpath="//block[@name='cntBarrelGasSingle00']/property[@name='LootList']"/>
<remove xpath="//block[@name='cntBarrelRadiatedSingle00']/property[@name='LootList']"/>
<remove xpath="//block[@name='cntBarrelWhiteSingle00']/property[@name='LootList']"/>
<remove xpath="//block[@name='cntBarrelPlasticSingle00']/property[@name='LootList']"/>
<remove xpath="//block[@name='cntBarrelAcidSingle00']/property[@name='LootList']"/>
<remove xpath="//block[@name='cntBarrelGenericSingle00']/property[@name='LootList']"/>
<remove xpath="//block[@name='cntBarrelOilSingle00']/property[@name='LootList']"/>
    
<append xpath="//block[@name='cntBarrelMetalMaster' or @name='cntBarrelPolymerMaster']">
	<property name="Class" value="StorageTank,Mods"/>
	<property class="Consumable">
		<property name="Size" value="50"/>
		<property name="RestockLimit" value="5"/>
		<property name="Items" value="ulmAmmoFuelGasoline"/>
	</property>
</append>
    
<append xpath="//block[
   @name='cntBarrelAcidQuadA'
or @name='cntBarrelAcidQuadB'
or @name='cntBarrelGasQuadA'
or @name='cntBarrelGasQuadB'
or @name='cntBarrelGenericQuadA'
or @name='cntBarrelGenericQuadB'
or @name='cntBarrelOilQuadA'
or @name='cntBarrelOilQuadB'
or @name='cntBarrelRadiatedQuadA'
or @name='cntBarrelRadiatedQuadB'
or @name='cntBarrelWhiteQuadA'
or @name='cntBarrelWhiteQuadB'
or @name='cntBarrelPlasticQuadA'
or @name='cntBarrelPlasticQuadB']">
	<property class="Consumable">
		<property name="RestockLimit" value="10"/>
		<property name="Size" value="200"/>
	</property>
</append>

<!-- Multiple power sources for generators -->    
<set xpath="//block[@name='batterybank']/property[@name='SlotItem']/@value">ulmBatteryMaster</set>
<set xpath="//block[@name='generatorbank']/property[@name='Class']/@value">GeneratorSQX,Mods</set>
<set xpath="//block[@name='generatorbank']/property[@name='SlotItem']/@value">ulmEngineMaster</set>
<append xpath="//block[@name='generatorbank']">
	<property name="RefuelUseDegradation" value="true"/>
	<property name="Consumables" value="ulmAmmoFuelGasoline,ulmAmmoFuelJetFuel"/>
</append>
    
<!-- Multiple ammo sources for turrets -->  
<set xpath="//block[@name='autoTurret']/property[@name='AmmoItem']/@value">ulmTurretAmmoSMGMaster</set>
<set xpath="//block[@name='shotgunTurret']/property[@name='AmmoItem']/@value">ulmTurretAmmoShotgunMaster</set>
  
<append xpath="/blocks">

<block name="ulmResourcePropaneTank">
	<property name="Class" value="StorageTank,Mods"/>
	<property class="Consumable">
		<property name="Size" value="80"/>
		<property name="RestockLimit" value="30"/>
		<!--<property name="FillSpeed" value="1"/>-->
		<property name="Items" value="ulmAmmoGas"/>
	</property>
	<property name="DisplayType" value="blockHardened"/>
	<property name="Shape" value="ModelEntity"/>
    <property name="Model" value="#../../Mods/UndeadLegacy/Resources/Subquake_PropaneTank?PropaneTank01White"/>
	<property name="Path" value="solid"/>
	<property name="IsTerrainDecoration" value="true"/>
	<property name="Explosion.ParticleIndex" value="4"/>
	<property name="Explosion.RadiusBlocks" value="4"/>
	<property name="Explosion.RadiusEntities" value="5"/>
	<property name="Explosion.BlockDamage" value="3000"/>
	<property name="Explosion.EntityDamage" value="400"/>
	<property name="Explosion.DamageBonus.cloth" value="60"/>
	<property name="Explosion.DamageBonus.earth" value="30"/>
	<property name="Explosion.DamageBonus.glass" value="60"/>
	<property name="Explosion.DamageBonus.metal" value="60"/>
	<property name="Explosion.DamageBonus.organic" value="60"/>
	<property name="Explosion.DamageBonus.stone" value="60"/>
	<property name="Explosion.DamageBonus.wood" value="60"/>
	<property name="Explosion.DamageBonus.water" value="0"/>
	<property name="Group" value="Resources,Decor/Miscellaneous"/>
	<property name="FilterTags" value="fdecor,fother,ftraps"/>
	<property name="CanPickup" value="true"/>
	<property name="Material" value="metal"/>
	<property name="Weight" value="100"/>
	<property name="Stacknumber" value="10"/>
	<property name="CarryWeight" value="40"/>
	<property name="EconomicValue" value="500"/>
	<drop event="Destroy" count="0"/>
</block>
    
<block name="ulmWorkbenchMaster">
	<property name="CreativeMode" value="None"/>
	<property name="Class" value="Workstation"/>
	<property name="MaxDamage" value="500"/>
	<property name="StabilitySupport" value="false"/>
	<property name="Shape" value="ModelEntity"/>
	<property name="Model" value="Entities/Crafting/workbenchPrefab"/>
	<property name="DisplayType" value="blockMulti"/>
	<property name="ImposterDontBlock" value="true"/>
	<property name="Place" value="TowardsPlacerInverted"/>
	<property name="OnlySimpleRotations" value="true"/>
	<property name="IsTerrainDecoration" value="true"/>
	<property name="TakeDelay" value="5"/>
	<property name="Group" value="Workstations,Building"/>
	<property name="FilterTags" value="fdecor,fother,ffurniture"/>
	<property name="SortOrder1" value="70i0"/>
	<property name="Stacknumber" value="10"/>
	<property name="Material" value="wood"/><property name="Weight" value="100"/>
	<property name="EconomicValue" value="776"/><property name="CarryWeight" value="10"/>
	<property name="HeatMapStrength" value="0.5"/>
	<property name="HeatMapTime" value="1200"/>
	<property name="HeatMapFrequency" value="25"/>
	<!--<property name="RecipeList" value="backpack, workbench"/>-->
	<!--<property name="CraftTimeMultiplier" value="0.5,1"/>-->
	<drop event="Destroy" count="0"/>
</block>

<block name="workbenchAmmo">
	<property name="Extends" value="ulmWorkbenchMaster"/>
	<property name="MultiBlockDim" value="2,2,1"/>
    <!--<property name="Model" value="#../../Mods/UndeadLegacy/Resources/ulmSubquake?AmmoTable02"/>-->
	<property name="ModelOffset" value=".5,.5,0"/>
	<property name="EconomicValue" value="500"/><property name="CarryWeight" value="10"/>
	<property class="Workstation">
		<property name="Window" value="workbenchAmmo"/>
		<property name="CraftingAreaRecipes" value="workbenchAmmo"/>
		<property name="Modules" value="tools,output"/>
		<property name="Icon" value="symbol_ammo"/>
		<property name="CraftIcon" value="symbol_ammo"/>
	</property>
	<property class="RepairItems">
		<property name="resourceForgedIron" value="25"/>
		<property name="resourceMechanicalParts" value="20"/>
		<property name="resourceWood" value="50"/>
	</property>
</block>
    
</append>
    
<append xpath="//block[starts-with(@name, 'terr') or starts-with(@name, 'corrugated')]"><property name="CarryWeight" value="0.5"/></append>
    
<append xpath="//block[
   @name='awningMaster'                                             ]"><property name="CarryWeight" value="0.10"/></append>
<append xpath="//block[
   @name='cropsGrowingMaster'          
or @name='cropsHarvestableMaster'        
or @name='treeGrassMaster'              
or @name='plantedMushroom3Harvest'             
or @name='plantedCornDead'                                          ]"><property name="CarryWeight" value="0.10"/></append>
<append xpath="//block[
   @name='woodWeakNoUpgradeMaster'
or @name='woodNoUpgradeMaster'
or @name='woodStairs50'    
or @name='rWoodMaster'                 
or @name='decoEntityWoodMaster'         
or @name='decoEntityPolymerMaster'       
or @name='ladderWood'               
or @name='decoPumpkinJackOLantern'          
or @name='cntChest01'                     
or @name='cntStorageChest'               
or @name='cntSecureStorageChest'          
or @name='cntStorageGeneric'                
or @name='cntStorageGenericInsecure'         
or @name='cntStorageGenericPOI'               
or @name='treasureChest'                         
or @name='cntMountainManStorageChest'                 
or @name='cntApacheArtifactChest'                        
or @name='cntCabinetBottomFiller'                        
or @name='cntCabinetBottomRandomLootHelper'                      
or @name='cntCabinetOldSink'                                
or @name='cntMicrowaveOvenVer1Open'                                
or @name='decoCookingPot'                                           
or @name='cntLaundryBasketVer1Empty'                                ]"><property name="CarryWeight" value="0.25"/></append>
<append xpath="//block[
   @name='rWoodMetalMaster'                                         ]"><property name="CarryWeight" value="0.35"/></append>
<append xpath="//block[
   @name='scrapIronFrameMaster'
or @name='scrapIronNoUpgradeMaster'
or @name='scrapIronMaster'                                          
or @name='rScrapIronMaster'                                         
or @name='rebarFrameMaster'                                      
or @name='steelMaster'                                           
or @name='stainlessSteelMaster'                                     
or @name='corrugatedMetalNoUpgradeMaster'                                 
or @name='corrugatedMetalMaster'                                            
or @name='glassBulletproofMaster'                                            
or @name='decoEntityMetalMaster'                                             
or @name='rebarDestroyed'                                                        
or @name='ladderMetal'                                                                  
or @name='ladderSteel'                                                                    
or @name='signRoadAZ260eastSpeed65'                                 ]"><property name="CarryWeight" value="0.35"/></append>
<append xpath="//block[
   @name='pouredConcreteMaster'
or @name='concreteNoUpgradeMaster'
or @name='concreteMaster'                             
or @name='pouredRConcreteMaster'                         
or @name='rConcreteMaster'                            
or @name='concreteDestroyed01'                                
or @name='stoneNoUpgradeMaster'                              
or @name='flagstoneNoUpgradeMaster'                                
or @name='flagstoneMaster'                                  
or @name='cobblestoneMaster'                                     
or @name='brickNoUpgradeMaster'                                     
or @name='brickMaster'                                               
or @name='treeMaster'                                            
or @name='treeMasterGrowing'                                           
or @name='cntWallOven'                                                 
or @name='cntGraniteSink'                                     
or @name='cntCupboardCabinetRedTopLootHelper'                     
or @name='cntStoveOldVer1Closed'                                 
or @name='cntGasGrillRandomLootHelper'                      
or @name='cntCharcoalGrillRandomLootHelper'                      
or @name='cntRetroFridgeVer1Closed'                                
or @name='cntWashingMachine'                                        ]"><property name="CarryWeight" value="0.5"/></append>
<append xpath="//block[
   @name='cntBarrelMetalMaster'          
or @name='cntBarrelPolymerMaster'                                   ]"><property name="CarryWeight" value="2"/></append>

<append xpath="//block[@name='cntCoolerRandomLootHelper'            ]"><property name="Stacknumber" value="100"/><property name="CarryWeight" value="0.25"/></append>
<append xpath="//block[@name='cntBeerCooler'                        ]"><property name="Stacknumber" value="100"/><property name="CarryWeight" value="0.25"/></append>
<append xpath="//block[@name='officeChair01'                        ]"><property name="Stacknumber" value="10"/><property name="CarryWeight" value="2.5"/></append>
<append xpath="//block[@name='woodChair1'                           ]"><property name="Stacknumber" value="10"/><property name="CarryWeight" value="1"/></append>
<append xpath="//block[@name='oldChair1'                            ]"><property name="Stacknumber" value="10"/><property name="CarryWeight" value="1"/></append>
<append xpath="//block[@name='barracksChair'                        ]"><property name="Stacknumber" value="10"/><property name="CarryWeight" value="0.5"/></append>
<append xpath="//block[@name='barStool'                             ]"><property name="Stacknumber" value="10"/><property name="CarryWeight" value="0.5"/></append>
<append xpath="//block[@name='tv'                                   ]"><property name="Stacknumber" value="10"/><property name="CarryWeight" value="2.0"/></append>
<append xpath="//block[@name='cntVendingMachine'				    ]"><property name="Stacknumber" value="10"/><property name="CarryWeight" value="10"/></append>
<append xpath="//block[@name='cntVendingMachine2Broken'			    ]"><property name="Stacknumber" value="10"/><property name="CarryWeight" value="10"/></append>
<append xpath="//block[@name='endTableLamp'			                ]"><property name="Stacknumber" value="10"/><property name="CarryWeight" value="1"/></append>
    
<append xpath="//block[@name='wallTorchLightPlayer'				    ]"><property name="Stacknumber" value="100"/><property name="CarryWeight" value="0.25"/></append>
<append xpath="//block[@name='candleWallLightPlayer'			    ]"><property name="Stacknumber" value="100"/><property name="CarryWeight" value="0.25"/></append>
<append xpath="//block[@name='burningBarrelPlayer'				    ]"><property name="Stacknumber" value="100"/><property name="CarryWeight" value="2"/></append>
<append xpath="//block[@name='mineCandyTin'                         ]"><property name="Stacknumber" value="100"/><property name="CarryWeight" value="0.5"/></append>
<append xpath="//block[@name='mineCookingPot'                       ]"><property name="Stacknumber" value="100"/><property name="CarryWeight" value="0.5"/></append>
<append xpath="//block[@name='mineHubcap'                           ]"><property name="Stacknumber" value="100"/><property name="CarryWeight" value="0.5"/></append>
<append xpath="//block[@name='mineAirFilter'                        ]"><property name="Stacknumber" value="100"/><property name="CarryWeight" value="1.0"/></append>
<append xpath="//block[@name='rScrapIronPlateMine'				    ]"><property name="Stacknumber" value="100"/><property name="CarryWeight" value="0.5"/></append>
<append xpath="//block[@name='glassBulletproofBlockVariantHelper'   ]"><property name="Stacknumber" value="100"/><property name="CarryWeight" value="0.25"/></append>
	
<append xpath="//block[@name='campfire'						        ]"><property name="Stacknumber" value="10"/><property name="CarryWeight" value="5"/></append>
<append xpath="//block[@name='cementMixer'						    ]"><property name="Stacknumber" value="10"/><property name="CarryWeight" value="10"/></append>
<append xpath="//block[@name='chemistryStation'					    ]"><property name="Stacknumber" value="10"/><property name="CarryWeight" value="10"/></append>
<append xpath="//block[@name='forge'						        ]"><property name="Stacknumber" value="10"/><property name="CarryWeight" value="20"/></append>
<append xpath="//block[@name='workbench'						    ]"><property name="Stacknumber" value="10"/><property name="CarryWeight" value="10"/></append>

<append xpath="//block[@name='keystoneBlock'					    ]"><property name="Stacknumber" value="10"/><property name="CarryWeight" value="5"/></append>
<append xpath="//block[@name='generatorbank'					    ]"><property name="Stacknumber" value="10"/><property name="CarryWeight" value="10"/></append>
<append xpath="//block[@name='solarbank'					        ]"><property name="Stacknumber" value="10"/><property name="CarryWeight" value="2.5"/></append>
<append xpath="//block[@name='batterybank'						    ]"><property name="Stacknumber" value="10"/><property name="CarryWeight" value="10"/></append>
<append xpath="//block[@name='dartTrap'							    ]"><property name="Stacknumber" value="10"/><property name="CarryWeight" value="1"/></append>
<append xpath="//block[@name='flamethrowerTrap'					    ]"><property name="Stacknumber" value="10"/><property name="CarryWeight" value="2.5"/></append>
<append xpath="//block[@name='bladeTrap'						    ]"><property name="Stacknumber" value="10"/><property name="CarryWeight" value="4"/></append>
<append xpath="//block[@name='autoTurret'						    ]"><property name="Stacknumber" value="10"/><property name="CarryWeight" value="2"/></append>
<append xpath="//block[@name='shotgunTurret'					    ]"><property name="Stacknumber" value="10"/><property name="CarryWeight" value="2"/></append>
<append xpath="//block[@name='metalReinforcedWoodDrawBridge'	    ]"><property name="Stacknumber" value="10"/><property name="CarryWeight" value="25"/></append>

  
</Subquake>